ID_REF,probe_id,log2FC,p_value,adj_p_value,mean_tumor,mean_nontumor
TC12002256.hg.1,TC12002256.hg.1,4.887661756910231,2.4635020084870055e-49,1.3666259224662721e-47,9.828279012790485,4.940617255880254
TC01001720.hg.1,TC01001720.hg.1,4.5636423384610145,4.882253183177756e-37,1.1386811082617721e-35,9.702663499069235,5.139021160608221
TC12000182.hg.1,TC12000182.hg.1,4.11554689491905,1.0643234293327158e-45,4.662034102181146e-44,8.985449742388758,4.8699028474697075
TC03002078.hg.1,TC03002078.hg.1,4.109716965953385,9.558804013674746e-43,3.383240933773537e-41,7.469895130006606,3.3601781640532202
TC02000293.hg.1,TC02000293.hg.1,4.10372241598328,1.1765184109294198e-56,1.0603325192941854e-54,9.389778281390742,5.286055865407461
TC0X001190.hg.1,TC0X001190.hg.1,4.002623288165861,6.555255281509261e-48,3.307999932667169e-46,7.576995516723713,3.5743722285578516
TC03001719.hg.1,TC03001719.hg.1,3.9670200668243583,9.464769888395958e-35,1.8835392859383536e-33,8.21321434456254,4.246194277738181
TC04000880.hg.1,TC04000880.hg.1,3.9159608285489744,6.2016202035455494e-61,8.27146592538139e-59,8.855213603554914,4.939252775005939
TC07002496.hg.1,TC07002496.hg.1,3.8925021961900046,1.0754145568021054e-19,7.156491916213869e-19,7.335938169699151,3.4434359735091467
TC07002185.hg.1,TC07002185.hg.1,3.7802599320529797,9.065514435887709e-40,2.575318194581635e-38,6.555001344502492,2.7747414124495124
TC05000218.hg.1,TC05000218.hg.1,3.776666901589737,2.4393364508139663e-52,1.6501496868348004e-50,7.764465164835164,3.9877982632454265
TC19000583.hg.1,TC19000583.hg.1,3.6663506216728114,1.1666816649919026e-25,1.1834204634216678e-24,7.891160745811561,4.22481012413875
TC6_qbl_hap6000166.hg.1,TC6_qbl_hap6000166.hg.1,3.638628726786396,5.953097092100466e-38,1.4776147458958386e-36,8.886951990031823,5.248323263245427
TC6_mcf_hap5000151.hg.1,TC6_mcf_hap5000151.hg.1,3.6383670956401613,8.259853909376178e-38,2.026106251561675e-36,8.904210394523508,5.265843298883347
TC6_apd_hap1000090.hg.1,TC6_apd_hap1000090.hg.1,3.637708864116404,7.976616889212826e-38,1.9608922512226982e-36,8.900243312916594,5.2625344488001895
TC6_ssto_hap7000145.hg.1,TC6_ssto_hap7000145.hg.1,3.6376512909216023,7.964657304605245e-38,1.958805735881511e-36,8.900200786645051,5.262549495723449
TC16000214.hg.1,TC16000214.hg.1,3.637357397354961,1.634083939859041e-48,8.62411110560967e-47,8.241624217858645,4.604266820503684
TC07002818.hg.1,TC07002818.hg.1,3.6060938013388393,4.129877686319277e-43,1.4993528912918982e-41,7.03017332973038,3.424079528391541
TC06001549.hg.1,TC06001549.hg.1,3.5869457455178466,6.748249519355499e-38,1.669104521626473e-36,8.77594973518285,5.189003989665004
TC6_cox_hap2000176.hg.1,TC6_cox_hap2000176.hg.1,3.5869308520530323,6.740679797589294e-38,1.6679634772824248e-36,8.775933361556477,5.189002509503445
TC6_dbb_hap3000165.hg.1,TC6_dbb_hap3000165.hg.1,3.586203175612697,6.943405453048816e-38,1.7121199687504726e-36,8.775957129045818,5.1897539534331205
TC16001225.hg.1,TC16001225.hg.1,3.5726631329973184,5.4906211769190487e-42,1.8504770941422874e-40,8.447807470725996,4.875144337728678
TC07002495.hg.1,TC07002495.hg.1,3.5471010589096106,5.110208034949667e-19,3.2274456164311014e-18,7.264406709301628,3.7173056503920177
TC03003290.hg.1,TC03003290.hg.1,3.413114817724453,8.211129757384104e-23,6.840748946427885e-22,9.426663176004327,6.013548358279874
TC07001182.hg.1,TC07001182.hg.1,3.3708780652265284,7.989337655219275e-42,2.66249571408662e-40,6.628594459857082,3.2577163946305534
TC06000675.hg.1,TC06000675.hg.1,3.3477280809046044,4.2016788899872675e-39,1.1385702190936678e-37,6.498453771092296,3.150725690187692
TC11000329.hg.1,TC11000329.hg.1,3.3377850679796595,3.850084643100018e-52,2.5675422623453526e-50,8.099198221341501,4.761413153361842
TC13000576.hg.1,TC13000576.hg.1,3.3102264847239917,7.355833421858188e-41,2.277724533448931e-39,7.849203206629433,4.538976721905441
TC14001693.hg.1,TC14001693.hg.1,3.2611204253118053,1.6200412335522334e-68,4.0087493997609605e-66,10.323058035789352,7.061937610477546
TC01006383.hg.1,TC01006383.hg.1,3.2581796279623214,1.5228402935116663e-39,4.2490407358724626e-38,8.573220690566265,5.315041062603943
TC17002906.hg.1,TC17002906.hg.1,3.2267083620068426,1.4939349679376043e-43,5.611506193149385e-42,9.0412255887828,5.814517226775957
TC15002610.hg.1,TC15002610.hg.1,3.180899607826243,1.62310978462278e-79,1.7277850533744905e-76,9.795462499249386,6.614562891423143
TC19000584.hg.1,TC19000584.hg.1,3.1788141651719624,6.420480532929169e-26,6.630618171458866e-25,8.322341392541885,5.143527227369923
TC08000575.hg.1,TC08000575.hg.1,3.1673132564703064,1.033511413670511e-47,5.132803427505536e-46,6.568424567945715,3.4011113114754083
TC04002100.hg.1,TC04002100.hg.1,3.154220479636778,6.8578810449185984e-34,1.2896931093073916e-32,9.861070028223141,6.706849548586363
TC15002176.hg.1,TC15002176.hg.1,3.1405631984901503,2.0514989768498882e-36,4.6093775099927116e-35,7.076840709181526,3.9362775106913754
TC01001585.hg.1,TC01001585.hg.1,3.1402260901939583,1.3762726746114498e-38,3.573242142486368e-37,8.269897237734941,5.129671147540983
TC05000412.hg.1,TC05000412.hg.1,3.1130884814199806,1.3851804629339278e-50,8.287286464242454e-49,8.44016165675854,5.32707317533856
TC04000437.hg.1,TC04000437.hg.1,3.110171852329776,4.395532373901093e-48,2.256479940589189e-46,7.818400141115712,4.708228288785936
TC08000456.hg.1,TC08000456.hg.1,3.0900674832123167,5.718738352570973e-48,2.8988300123571355e-46,7.920550477391458,4.830482994179142
TC04000478.hg.1,TC04000478.hg.1,3.0518363496784717,1.9614384708454524e-32,3.3171593419711853e-31,9.064189580255807,6.012353230577335
TC07000125.hg.1,TC07000125.hg.1,3.0340734615319347,1.307440360383436e-39,3.6661615433455617e-38,7.271238570227586,4.237165108695652
TC07000235.hg.1,TC07000235.hg.1,3.006157450328839,4.847362378101728e-47,2.3156519106498157e-45,6.973809036810187,3.967651586481348
TC03003201.hg.1,TC03003201.hg.1,2.9971774174975634,7.326535959468761e-41,2.2698984391065818e-39,6.418753502672189,3.4215760851746255
TC09002617.hg.1,TC09002617.hg.1,2.9920525882136397,2.9901367191196977e-44,1.1797030309041616e-42,7.100077077403472,4.108024489189832
TC01005719.hg.1,TC01005719.hg.1,2.9816039868714066,6.1905747377761026e-30,8.649327527386136e-29,6.604088431513841,3.622484444642434
TC11002228.hg.1,TC11002228.hg.1,2.9762426077753315,3.1004286229723117e-26,3.275655094585241e-25,8.221554778718547,5.245312170943215
TC06002615.hg.1,TC06002615.hg.1,2.9683025646116787,3.846499203502738e-53,2.7228581187354767e-51,8.009556217498348,5.041253652886669
TC13000273.hg.1,TC13000273.hg.1,2.9609658448275438,6.025298841267882e-53,4.2123334575793236e-51,9.161436248723955,6.200470403896412
TC0X000571.hg.1,TC0X000571.hg.1,2.958680320284372,3.6609331917286e-23,3.1303808549703573e-22,5.943287936107607,2.984607615823235
TC13000228.hg.1,TC13000228.hg.1,2.945620056289635,1.5715417112172407e-17,8.830120532163559e-17,7.188529659520807,4.242909603231172
TC10001535.hg.1,TC10001535.hg.1,2.9175379962286456,2.7638511448025494e-56,2.4026341122876767e-54,8.447701062871554,5.530163066642908
TC03003289.hg.1,TC03003289.hg.1,2.909464454263367,5.643339993965369e-21,4.1177697333101164e-20,9.14412886326788,6.234664409004513
TC07001559.hg.1,TC07001559.hg.1,2.905208909943109,1.5696233534034966e-43,5.868456617118521e-42,6.874513102744249,3.96930419280114
TC0X000529.hg.1,TC0X000529.hg.1,2.900146876786792,1.7869051964450126e-21,1.3522953369957711e-20,6.927383975860204,4.027237099073412
TC17001462.hg.1,TC17001462.hg.1,2.8898645773251443,1.2279556521086086e-46,5.720792896834309e-45,6.990400239596468,4.100535662271324
TC17002618.hg.1,TC17002618.hg.1,2.8306369676765364,2.0330953329044053e-48,1.0679997438715153e-46,6.887309660121297,4.056672692444761
TC07001163.hg.1,TC07001163.hg.1,2.828440583554601,3.330349352430783e-28,4.084601081857389e-27,5.742043140575271,2.91360255702067
TC04001570.hg.1,TC04001570.hg.1,2.8044998383174207,2.3882811223849726e-33,4.320039896207611e-32,6.3130815732900984,3.508581734972678
TC01003007.hg.1,TC01003007.hg.1,2.7895407205713005,7.669289735664685e-31,1.1510667419705513e-29,6.409369079445144,3.619828358873843
TC10001756.hg.1,TC10001756.hg.1,2.7717571089750104,1.5269273629384576e-50,9.106362363875464e-49,7.583188561220199,4.811431452245189
TC09002547.hg.1,TC09002547.hg.1,2.771327264868063,1.11611264772402e-20,7.961669409444147e-20,6.155962794091154,3.3846355292230914
TC02002504.hg.1,TC02002504.hg.1,2.759953197693852,5.4546503860289e-46,2.4443245868068186e-44,7.907631346303972,5.14767814861012
TC03000930.hg.1,TC03000930.hg.1,2.7578108504604186,5.311980656723706e-50,3.04255151970597e-48,6.653432067495343,3.8956212170349245
TC07002494.hg.1,TC07002494.hg.1,2.7376415444403523,1.1203037472990426e-21,8.598190289092285e-21,8.369969684140994,5.6323281397006415
TC07002629.hg.1,TC07002629.hg.1,2.694277791578225,6.146669653600744e-18,3.568458618201757e-17,5.936255841590103,3.2419780500118787
TC01005848.hg.1,TC01005848.hg.1,2.6904346328119475,2.5772862774492933e-36,5.742706840487133e-35,8.253652994655615,5.563218361843668
TC05002612.hg.1,TC05002612.hg.1,2.6665632407465454,7.1470032825209366e-37,1.649834824849698e-35,7.268277055785747,4.601713815039202
TC06002842.hg.1,TC06002842.hg.1,2.6658561010615647,4.11394050952632e-35,8.39726105884428e-34,5.841523702035668,3.1756676009741036
TC05001911.hg.1,TC05001911.hg.1,2.642223322739862,1.2139262466424205e-26,1.3234259127163688e-25,7.879022304089352,5.23679898134949
TC09001154.hg.1,TC09001154.hg.1,2.6184690613781574,9.922955693509683e-21,7.116223647088208e-20,6.459950695970698,3.8414816345925407
TC17001632.hg.1,TC17001632.hg.1,2.6136868004328786,2.897355911265884e-33,5.199205655273494e-32,6.938356678076023,4.324669877643144
TC06001355.hg.1,TC06001355.hg.1,2.608641822677206,2.9388756796419703e-38,7.451932049170368e-37,7.1552724950459385,4.546630672368733
TC18000716.hg.1,TC18000716.hg.1,2.600464424499832,6.047238457111746e-32,9.8633448763611e-31,6.165856507536183,3.565392083036351
TC12001269.hg.1,TC12001269.hg.1,2.5970685587137945,1.6690878189393057e-39,4.643323302214879e-38,8.586352319702153,5.989283760988358
TC05000937.hg.1,TC05000937.hg.1,2.5967067162986677,1.0703346298582795e-18,6.589495760295112e-18,7.7936598120458775,5.19695309574721
TC04001283.hg.1,TC04001283.hg.1,2.5939627189055914,1.2010511650803753e-19,7.951291320289207e-19,6.820173855161233,4.226211136255642
TC06001350.hg.1,TC06001350.hg.1,2.585288511549037,2.15509265446211e-64,3.7642729838836944e-62,6.9449738275385835,4.359685315989546
TC05002611.hg.1,TC05002611.hg.1,2.5841454015923464,6.893896069021108e-39,1.8346020092568417e-37,8.297839788026181,5.7136943864338345
TC6_apd_hap1000067.hg.1,TC6_apd_hap1000067.hg.1,2.578780861158328,2.829920890538426e-27,3.240480552108726e-26,7.294532505254311,4.715751644095983
TC15000456.hg.1,TC15000456.hg.1,2.5694777642949873,7.02408445367064e-26,7.240723491817837e-25,7.125161692187596,4.555683927892609
TC20000603.hg.1,TC20000603.hg.1,2.5663886141418546,1.0289260921592499e-35,2.193875747068804e-34,6.343056544766706,3.7766679306248516
TC08001887.hg.1,TC08001887.hg.1,2.560679849654976,4.155853320451198e-63,6.512914795367102e-61,9.71327622290278,7.152596373247803
TC15002609.hg.1,TC15002609.hg.1,2.5423004483981186,8.323495357641142e-62,1.191865383470553e-59,9.14807535098781,6.605774902589691
TC02000861.hg.1,TC02000861.hg.1,2.5398929411334707,2.0577608443014244e-62,3.12082664822037e-60,6.877627688104247,4.337734746970776
TC07000126.hg.1,TC07000126.hg.1,2.5235334022463634,8.474659504726463e-33,1.463941640960372e-31,5.242260329069837,2.7187269268234737
TC10000826.hg.1,TC10000826.hg.1,2.5188676141979873,2.2829779824010097e-22,1.8387016675389032e-21,5.866959194739685,3.348091580541698
TC04000853.hg.1,TC04000853.hg.1,2.5149746432618216,1.48438174587538e-47,7.301294624132273e-46,6.227033901399147,3.7120592581373253
TC12000818.hg.1,TC12000818.hg.1,2.5127781456402998,5.366201086127618e-32,8.783009366903045e-31,6.234778579234975,3.7220004335946753
TC02002492.hg.1,TC02002492.hg.1,2.504037160721789,2.673558738328517e-37,6.343012485240466e-36,6.896329496787364,4.392292336065575
TC02003588.hg.1,TC02003588.hg.1,2.5011128377965592,5.015986124814602e-63,7.795920253162265e-61,6.6314107494145205,4.130297911617961
TC07001206.hg.1,TC07001206.hg.1,2.4802983938721077,1.8935901755460315e-55,1.5757016301468438e-53,7.1816084657419115,4.701310071869804
TC07000559.hg.1,TC07000559.hg.1,2.4732562988520144,5.757903928761475e-46,2.5700112646587413e-44,9.730306980724192,7.257050681872178
TC04000548.hg.1,TC04000548.hg.1,2.4708175663348317,1.3981320279221574e-28,1.756397522852645e-27,7.4889356656458315,5.018118099311
TC15000803.hg.1,TC15000803.hg.1,2.467481179954518,9.952392429666891e-39,2.6103862208133273e-37,7.71370555035129,5.246224370396772
TC15001779.hg.1,TC15001779.hg.1,2.467451134421527,9.978098303129922e-39,2.615912407369814e-37,7.713729066234311,5.246277931812784
TC0Y000084.hg.1,TC0Y000084.hg.1,2.4673942398745234,9.949473915071649e-39,2.6103862208133273e-37,7.713636735122801,5.246242495248278
TC15000788.hg.1,TC15000788.hg.1,2.467343824327253,9.815230295140309e-39,2.578005878916322e-37,7.7136372479433115,5.246293423616058
TC0Y000221.hg.1,TC0Y000221.hg.1,2.467300115718806,9.876609920001899e-39,2.592920327904454e-37,7.713556383834746,5.24625626811594
TC15001781.hg.1,TC15001781.hg.1,2.467263912821555,9.644811000938466e-39,2.5367876319391438e-37,7.7135705260313445,5.246306613209789
TC15001749.hg.1,TC15001749.hg.1,2.467215912422101,9.777330962803265e-39,2.5692475931971805e-37,7.713484379991593,5.246268467569492
TC15000775.hg.1,TC15000775.hg.1,2.4671434630592737,9.628958288217585e-39,2.534981655178067e-37,7.71342608779199,5.246282624732716
TC15000781.hg.1,TC15000781.hg.1,2.4671078311128163,9.549962036429693e-39,2.5153583481386105e-37,7.713398385876418,5.246290554763601
TC15000768.hg.1,TC15000768.hg.1,2.4670398386698817,9.640303408786994e-39,2.5367846908439583e-37,7.713331605716686,5.246291767046804
TC06000668.hg.1,TC06000668.hg.1,2.4649524220665313,1.427655187850475e-53,1.0474050765688958e-51,6.965842720831083,4.500890298764552
TC09001276.hg.1,TC09001276.hg.1,2.459373996538032,6.156008405132624e-42,2.064861368613391e-40,6.853024676034349,4.393650679496317
TC04002588.hg.1,TC04002588.hg.1,2.4492119748889736,7.380449892283587e-19,4.6106768023790874e-18,6.116732891971415,3.667520917082441
TC02002469.hg.1,TC02002469.hg.1,2.4480265886157087,4.820138515243574e-27,5.423665232409492e-26,5.448937300186153,3.0009107115704445
TC06000725.hg.1,TC06000725.hg.1,2.4387720392199856,1.6537798046636727e-33,3.021468556331447e-32,6.931325422446406,4.49255338322642
TC19001925.hg.1,TC19001925.hg.1,2.4375442739459405,1.3325424690539192e-28,1.6762403794667563e-27,7.211380580075663,4.773836306129723
TC05000612.hg.1,TC05000612.hg.1,2.435081451083369,1.011865246335555e-36,2.311231314484184e-35,8.202605794751697,5.767524343668328
TC05002418.hg.1,TC05002418.hg.1,2.4310813649583976,2.6314275667765324e-42,9.052431735512097e-41,6.444725084369184,4.013643719410786
TC07002463.hg.1,TC07002463.hg.1,2.423997445068002,3.6776611731945045e-44,1.4398770858382204e-42,11.314798279589265,8.890800834521263
TC03000742.hg.1,TC03000742.hg.1,2.417003199541017,2.59770807694412e-18,1.5497250109446267e-17,6.956625396024742,4.539622196483725
TC03000878.hg.1,TC03000878.hg.1,2.4131396636459277,4.959049604514486e-27,5.575521334944167e-26,6.207155011709601,3.794015348063673
TC01002578.hg.1,TC01002578.hg.1,2.406695526520873,1.8878355810545972e-34,3.681387631894842e-33,8.407948494565543,6.00125296804467
TC03003322.hg.1,TC03003322.hg.1,2.4030617134071672,6.823341202775076e-17,3.6534048019186132e-16,6.560240966792769,4.157179253385602
TC03001979.hg.1,TC03001979.hg.1,2.402917311177778,1.0802622849518126e-36,2.4624742461580346e-35,6.8233329562241085,4.42041564504633
TC08000190.hg.1,TC08000190.hg.1,2.401082696928876,1.4386895851936804e-29,1.953031497051421e-28,6.915761232210417,4.514678535281541
TC12001723.hg.1,TC12001723.hg.1,2.394163255367223,8.169985928115533e-31,1.2229617036148106e-29,6.661967581216595,4.267804325849371
TC08000298.hg.1,TC08000298.hg.1,2.391819729987291,1.3746385699646827e-60,1.7546235031734723e-58,9.05243275445866,6.6606130244713695
TC08001431.hg.1,TC08001431.hg.1,2.382823639440864,3.182388420501972e-20,2.1973319043921215e-19,5.711607615444665,3.328783976003801
TC01000580.hg.1,TC01000580.hg.1,2.3814265542505693,1.5084745521229412e-31,2.3779021313683175e-30,7.5346836467903655,5.153257092539796
TC22000440.hg.1,TC22000440.hg.1,2.3793124404533477,9.448277731857874e-31,1.40535969701017e-29,5.427782718429113,3.0484702779757655
TC12001216.hg.1,TC12001216.hg.1,2.3745159563233154,2.505609537337172e-33,4.5235673240796344e-32,6.3328227904881995,3.958306834164884
TC14001441.hg.1,TC14001441.hg.1,2.3581311088679646,3.883948350916873e-48,2.0084747760039245e-46,8.354552616945895,5.996421508077931
TC02001030.hg.1,TC02001030.hg.1,2.3577838790634367,3.259683944976726e-53,2.3220309192891025e-51,8.31567179186933,5.957887912805893
TC07000902.hg.1,TC07000902.hg.1,2.348799447318541,1.0787281242969573e-16,5.691544310912348e-16,5.698183962048881,3.34938451473034
TC08000754.hg.1,TC08000754.hg.1,2.343972552399489,1.072120907277918e-30,1.5879999303440685e-29,5.118529738785804,2.7745571863863145
TC01003873.hg.1,TC01003873.hg.1,2.3342015190238596,2.9032227020485335e-31,4.487507353539018e-30,6.556849149102264,4.222647630078404
TC06003087.hg.1,TC06003087.hg.1,2.3289904856939234,6.742995632588574e-33,1.1745178376022912e-31,5.31071905542545,2.9817285697315263
TC05001977.hg.1,TC05001977.hg.1,2.3242038019915467,1.2947055304909858e-20,9.19148063662268e-20,6.539837542785083,4.215633740793536
TC01005824.hg.1,TC01005824.hg.1,2.317357858030535,2.4239756996390718e-64,4.2078726468380666e-62,10.970213048099437,8.652855190068902
TC02003335.hg.1,TC02003335.hg.1,2.315375758702568,1.8521542420773303e-54,1.4353686542516322e-52,7.406885647631055,5.0915098889284875
TC04002940.hg.1,TC04002940.hg.1,2.3101798537213547,8.097129475613967e-24,7.235094246993805e-23,6.921830695370204,4.611650841648849
TC06000714.hg.1,TC06000714.hg.1,2.3081740139196736,2.7293203139918564e-16,1.3941402759148262e-15,5.100055182249444,2.7918811683297706
TC21000736.hg.1,TC21000736.hg.1,2.3042046967905003,1.7078635415994012e-40,5.130683987750533e-39,7.08267931784063,4.77847462105013
TC12002778.hg.1,TC12002778.hg.1,2.301508719469532,1.7080858072795936e-31,2.679832732900448e-30,8.068591426169458,5.767082706699926
TC04000544.hg.1,TC04000544.hg.1,2.295243171657281,1.4090922436772837e-35,2.9741177030970815e-34,5.552636327988951,3.2573931563316703
TC17002547.hg.1,TC17002547.hg.1,2.2878799204673914,3.7605126903184893e-22,2.976857092218164e-21,8.746073611961807,6.458193691494415
TC14001735.hg.1,TC14001735.hg.1,2.2778187181053706,5.447478678902042e-49,2.9608463594055434e-47,7.696799989191139,5.4189812710857685
TC09001875.hg.1,TC09001875.hg.1,2.275804637700743,1.6862169301324735e-60,2.1282547374544495e-58,11.395142624752298,9.119337987051555
TC15001505.hg.1,TC15001505.hg.1,2.2740157568162394,3.011265637301159e-65,5.62548293792241e-63,9.57341908064613,7.29940332382989
TC06000173.hg.1,TC06000173.hg.1,2.273968446036622,8.125247382855746e-56,6.903768175390896e-54,7.641192718429113,5.367224272392491
TC01006300.hg.1,TC01006300.hg.1,2.271421719235862,1.442727043133765e-44,5.843199879362582e-43,5.984523470245604,3.7131017510097415
TC18000189.hg.1,TC18000189.hg.1,2.2663157289912492,8.090284431235215e-30,1.1217440821858648e-28,7.1694026956104,4.903086966619151
TC15000751.hg.1,TC15000751.hg.1,2.2642413795203344,4.35195027677081e-43,1.5759199660773783e-41,6.467217680898335,4.202976301378
TC14002123.hg.1,TC14002123.hg.1,2.2637468257514666,7.148690949093214e-32,1.1582850257493997e-30,6.207624635801358,3.9438778100498917
TC11002498.hg.1,TC11002498.hg.1,2.2631203004159097,5.693014357123621e-17,3.068288918611009e-16,9.577242665585784,7.314122365169874
TC15002776.hg.1,TC15002776.hg.1,2.260231703231435,5.749440338143701e-71,1.753361756742656e-68,8.7524436918273,6.492211988595866
TC09000149.hg.1,TC09000149.hg.1,2.258716997374801,1.140192656102642e-59,1.3401539431666428e-57,11.266770643727853,9.008053646353051
TC0X000267.hg.1,TC0X000267.hg.1,2.256949099437626,1.6368024421253415e-57,1.5670575416395377e-55,9.75924550891731,7.502296409479684
TC21000737.hg.1,TC21000737.hg.1,2.255511273533428,2.222655200473632e-41,7.149245216665984e-40,9.069515361796675,6.814004088263247
TC01003771.hg.1,TC01003771.hg.1,2.2514072517225,9.58567216562641e-38,2.337097892136175e-36,7.200522622950819,4.949115371228319
TC06003069.hg.1,TC06003069.hg.1,2.2479435935619376,8.156986978302541e-27,9.00412622465022e-26,6.463001755239294,4.215058161677357
TC04001280.hg.1,TC04001280.hg.1,2.219728034810283,9.779075451882765e-32,1.565151429345594e-30,5.839781606917673,3.62005357210739
TC21000486.hg.1,TC21000486.hg.1,2.213350202953376,1.88655379655312e-17,1.0522549885707752e-16,7.545198507776376,5.331848304823
TC15000461.hg.1,TC15000461.hg.1,2.207004098458563,9.781960114662844e-29,1.2454945288852366e-27,5.699527713925421,3.4925236154668577
TC11000208.hg.1,TC11000208.hg.1,2.205844668410702,3.0023639989237167e-60,3.7227993866215e-58,7.680679056626433,5.474834388215731
TC06001427.hg.1,TC06001427.hg.1,2.1975306285784786,4.162649117529268e-39,1.1290785476575301e-37,7.2191534576352625,5.021622829056784
TC10000350.hg.1,TC10000350.hg.1,2.187895531004991,1.4024616673973788e-17,7.911617073415191e-17,5.402385573770492,3.2144900427655014
TC06003070.hg.1,TC06003070.hg.1,2.183914817998586,2.7699523326410113e-26,2.9375032087018905e-25,5.21373434876599,3.029819530767404
TC12001792.hg.1,TC12001792.hg.1,2.1820803457204447,5.153668021083234e-35,1.044395267289777e-33,6.042637598630876,3.860557252910431
TC01005805.hg.1,TC01005805.hg.1,2.1819012848579282,1.1542011543491937e-50,6.942187710668743e-49,8.137629627694707,5.955728342836779
TC06002860.hg.1,TC06002860.hg.1,2.1804609767139476,2.4504865946912196e-16,1.2559189017013918e-15,5.5826038467543375,3.40214287004039
TC16001373.hg.1,TC16001373.hg.1,2.177517591712159,2.4859026883586883e-20,1.729982211321333e-19,6.590632645169038,4.413115053456878
TC03002466.hg.1,TC03002466.hg.1,2.1673363210245458,6.128210471327344e-36,1.329774532197485e-34,5.360497599831863,3.193161278807317
TC16000207.hg.1,TC16000207.hg.1,2.1600347770476107,1.552226150857873e-36,3.505744394679723e-35,6.555588941932383,4.395554164884772
TC15000782.hg.1,TC15000782.hg.1,2.1533940731595567,3.5401472495804954e-30,5.0322002400310506e-29,5.08946380171741,2.9360697285578534
TC15000769.hg.1,TC15000769.hg.1,2.1533481619449693,3.5325158713600425e-30,5.022617954394931e-29,5.089433084729477,2.936084922784508
TC15000804.hg.1,TC15000804.hg.1,2.1531135183894294,3.5688587217757904e-30,5.071734795091853e-29,5.089426533357355,2.9363130149679257
TC15001780.hg.1,TC15001780.hg.1,2.1530125256514725,3.576406245577505e-30,5.081180749508731e-29,5.089425638623673,2.936413112972201
TC04000462.hg.1,TC04000462.hg.1,2.143619851521729,2.0082968941696064e-36,4.514107337659795e-35,6.216676285353991,4.073056433832262
TC08002489.hg.1,TC08002489.hg.1,2.1413200983697958,1.9506951217082837e-33,3.547850334511217e-32,5.6527199243379584,3.5113998259681627
TC17000861.hg.1,TC17000861.hg.1,2.138765051263775,4.047130237042189e-43,1.470257525521225e-41,8.241226082387557,6.102461031123783
TC13000904.hg.1,TC13000904.hg.1,2.131551661849672,4.691126916374403e-15,2.1691992325875835e-14,4.771846004924035,2.6402943430743635
TC0X001747.hg.1,TC0X001747.hg.1,2.1314350772089634,2.587968071995657e-25,2.5669476562210086e-24,5.57766207590224,3.4462269986932768
TC11002497.hg.1,TC11002497.hg.1,2.1199707458964223,3.3759076219612377e-15,1.582041334129156e-14,8.89574900498409,6.775778259087668
TC02000046.hg.1,TC02000046.hg.1,2.1193196916536783,7.739713257627772e-48,3.891792714517323e-46,8.324858954542723,6.205539262889045
TC17001682.hg.1,TC17001682.hg.1,2.115959753497867,2.346450132116087e-41,7.538839610121037e-40,9.547398360055245,7.4314386065573785
TC08000629.hg.1,TC08000629.hg.1,2.111312942758711,1.1592444237625117e-43,4.392360772319233e-42,6.359587782982044,4.248274840223333
TC03001888.hg.1,TC03001888.hg.1,2.1051174464256324,1.2398820934077926e-38,3.223579168012942e-37,9.435767147661082,7.3306497012354495
TC11000333.hg.1,TC11000333.hg.1,2.1026914844172206,2.3107961950057873e-33,4.185248787474687e-32,6.095210446165855,3.9925189617486345
TC15001454.hg.1,TC15001454.hg.1,2.0958003321506187,1.7605650388250417e-42,6.13133076298958e-41,7.6211366780760175,5.525336345925399
TC20001671.hg.1,TC20001671.hg.1,2.088328105916422,4.673195272708502e-31,7.104616839010193e-30,7.200804924638205,5.112476818721783
TC02001347.hg.1,TC02001347.hg.1,2.0817082647988725,4.228218571618674e-35,8.624281828401387e-34,6.733164569146698,4.651456304347826
TC04001887.hg.1,TC04001887.hg.1,2.0796837155206376,5.45197650359584e-21,3.9796818525018776e-20,6.25364122680598,4.173957511285343
TC01005765.hg.1,TC01005765.hg.1,2.0790196235957,3.72040452721047e-34,7.110358489707327e-33,6.182199523809526,4.103179900213826
TC01003197.hg.1,TC01003197.hg.1,2.0736957135677327,1.0499688682114197e-35,2.234520694332398e-34,7.227376140034829,5.153680426467096
TC15002759.hg.1,TC15002759.hg.1,2.0729162264339376,2.8292648607868965e-31,4.3800097757833956e-30,6.623348405692667,4.5504321792587294
TC15000638.hg.1,TC15000638.hg.1,2.067812116324513,2.655147772919826e-41,8.509747961174304e-40,5.896831860325466,3.8290197440009526
TC14001907.hg.1,TC14001907.hg.1,2.063789685035206,2.7584232717682243e-33,4.956201405943302e-32,6.1113206407253955,4.047530955690189
TC01001311.hg.1,TC01001311.hg.1,2.059610659875882,1.7065015391771173e-44,6.881873040550008e-43,6.697906719509999,4.638296059634117
TC10000659.hg.1,TC10000659.hg.1,2.0568130795534945,6.107151061350688e-37,1.4173313392812963e-35,5.486027635861406,3.4292145563079117
TC07000159.hg.1,TC07000159.hg.1,2.0518976985345354,1.1086995250584174e-35,2.355068140238923e-34,6.165196953702035,4.113299255167499
TC19000709.hg.1,TC19000709.hg.1,2.045873824523065,1.871117160528961e-33,3.408611170898383e-32,6.123292129346065,4.0774183048229995
TC0Y000182.hg.1,TC0Y000182.hg.1,2.0406182298919857,1.9663552412736622e-34,3.8294038661435096e-33,8.165611248423703,6.124993018531717
TC13001043.hg.1,TC13001043.hg.1,2.0381270271709786,9.064517741418848e-52,5.903106277694795e-50,6.5747680297844235,4.536641002613445
TC11000249.hg.1,TC11000249.hg.1,2.027976914454637,1.3008208599033457e-55,1.0904860516200142e-53,6.40988782381553,4.381910909360893
TC01001791.hg.1,TC01001791.hg.1,2.026864847977513,9.934046932765916e-38,2.4199441271709305e-36,5.95314393742869,3.926279089451177
TC12002850.hg.1,TC12002850.hg.1,2.025971436436573,1.3570333291794648e-45,5.871250488163117e-44,5.499679092055485,3.4737076556189126
TC06000427.hg.1,TC06000427.hg.1,2.0227131935556724,4.011017723077962e-53,2.832210236553348e-51,7.98590047378851,5.963187280232837
TC11000741.hg.1,TC11000741.hg.1,2.015373532944838,1.4097699023555202e-26,1.5301346354577478e-25,6.647977599231367,4.632604066286529
TC20000621.hg.1,TC20000621.hg.1,2.0146736851370317,4.141379349276196e-51,2.5703887802801368e-49,8.34329110910947,6.328617423972439
TC03001345.hg.1,TC03001345.hg.1,2.0130476088066214,6.1598953543648e-38,1.526928717498037e-36,7.853608370864115,5.8405607620574935
TC03002008.hg.1,TC03002008.hg.1,2.0085186951626426,4.501575318843523e-37,1.0533798272024632e-35,6.790195255509518,4.781676560346876
TC14000397.hg.1,TC14000397.hg.1,2.007868388774444,4.723681840587974e-43,1.7050587465277818e-41,6.69495619347865,4.687087804704206
TC6_mann_hap4000109.hg.1,TC6_mann_hap4000109.hg.1,2.0051370608116077,1.3083779194106862e-25,1.3226315258432557e-24,6.599520742208613,4.594383681397005
TC03003213.hg.1,TC03003213.hg.1,2.0046291499181503,6.150934207275573e-32,1.0029578211158186e-30,6.1948933771692785,4.190264227251128
TC15002760.hg.1,TC15002760.hg.1,2.0024753569274676,2.9074029154644704e-46,1.332492751297112e-44,6.5183970996216924,4.515921742694225
TC6_ssto_hap7000112.hg.1,TC6_ssto_hap7000112.hg.1,2.002193967518579,1.2318838071572045e-25,1.2477633865744194e-24,6.598248399687741,4.596054432169161
TC06001777.hg.1,TC06001777.hg.1,2.0001783001300195,2.193918799438225e-46,1.0087735193700552e-44,8.764489021797873,6.7643107216678535
TC6_qbl_hap6000121.hg.1,TC6_qbl_hap6000121.hg.1,1.999930029287059,1.309542462565151e-25,1.3235715989430437e-24,6.545297393862969,4.54536736457591
TC6_mcf_hap5000111.hg.1,TC6_mcf_hap5000111.hg.1,1.9998058819471103,1.0377483200464702e-25,1.0558644674550363e-24,6.4962737074401025,4.496467825492992
TC11000332.hg.1,TC11000332.hg.1,1.992544057377052,8.892046672772533e-39,2.3497493638617366e-37,8.403666338797816,6.411122281420764
TC07002628.hg.1,TC07002628.hg.1,1.9870254553103113,7.436533193737455e-15,3.385140630339517e-14,5.541025932264457,3.554000476954146
TC04000590.hg.1,TC04000590.hg.1,1.9820371927502287,1.079905870953976e-23,9.588625972219298e-23,5.524866705698671,3.5428295129484426
TC18000128.hg.1,TC18000128.hg.1,1.9817268487202995,1.2105949943597546e-35,2.5657155669342087e-34,8.518793251666366,6.537066402946067
TC01000939.hg.1,TC01000939.hg.1,1.9788615523446582,6.130854413359865e-17,3.296079133723431e-16,6.900714728277187,4.921853175932529
TC6_dbb_hap3000120.hg.1,TC6_dbb_hap3000120.hg.1,1.9778492224732966,1.1798319777617837e-25,1.1965443199957633e-24,6.546228740767428,4.568379518294131
TC22001186.hg.1,TC22001186.hg.1,1.9774408470728622,2.586350412472872e-34,4.993727500715075e-33,6.3419786957305,4.364537848657638
TC19000522.hg.1,TC19000522.hg.1,1.96846667635287,1.1885727254705854e-43,4.500462820510033e-42,7.857852202606135,5.889385526253265
TC11003312.hg.1,TC11003312.hg.1,1.9654666740031184,2.1752629001060188e-18,1.3048801945580158e-17,6.0162210028223155,4.050754328819197
TC20000076.hg.1,TC20000076.hg.1,1.9630746744678462,4.5082218820825265e-27,5.0879148258318064e-26,5.60373065213475,3.640655977666904
TC14001573.hg.1,TC14001573.hg.1,1.961528565945816,1.4700948169459016e-32,2.5057344224306308e-31,6.4041770834083955,4.44264851746258
TC12002874.hg.1,TC12002874.hg.1,1.9612718228142754,1.5455007060540974e-41,5.019807647332186e-40,7.715301797273766,5.754029974459491
TC03001948.hg.1,TC03001948.hg.1,1.9581060032400517,3.810939443982363e-40,1.111714485783852e-38,6.013824866390442,4.05571886315039
TC09000335.hg.1,TC09000335.hg.1,1.9533090614891186,5.432164232266992e-29,7.058310494151063e-28,7.8570678646490135,5.903758803159895
TC15001858.hg.1,TC15001858.hg.1,1.9472480658204958,4.616250564034166e-43,1.6684152743220985e-41,6.588929213955444,4.641681148134948
TC0X001121.hg.1,TC0X001121.hg.1,1.9462763384257675,1.5753296220668406e-26,1.7016455412170595e-25,7.921114555935865,5.974838217510097
TC13000151.hg.1,TC13000151.hg.1,1.9459661237888985,2.808341095987735e-53,2.0157886508070742e-51,5.485798306611421,3.539832182822522
TC04002771.hg.1,TC04002771.hg.1,1.939776315071835,1.7274946928017594e-48,9.100074283705851e-47,5.3364996751336085,3.3967233600617734
TC06000153.hg.1,TC06000153.hg.1,1.9390608463091947,1.4801242143452502e-46,6.861598021769131e-45,7.22581780580076,5.286756959491565
TC04002792.hg.1,TC04002792.hg.1,1.9377956129526241,7.618008850617838e-54,5.661316837603764e-52,6.500922293280491,4.5631266803278665
TC02002480.hg.1,TC02002480.hg.1,1.936633548335724,3.5820139922652e-35,7.3407215915589555e-34,4.990800162733443,3.054166614397719
TC08001784.hg.1,TC08001784.hg.1,1.933878662102929,4.090250830114245e-28,4.9744292160678045e-27,6.84268991893353,4.908811256830601
TC07000718.hg.1,TC07000718.hg.1,1.9322148787005302,3.154217787176913e-57,2.9462691906779315e-55,7.235958949738784,5.3037440710382535
TC14000133.hg.1,TC14000133.hg.1,1.9314473271038715,1.7030209345300904e-48,8.979535989188659e-47,8.2880746400048,6.356627312900928
TC04001092.hg.1,TC04001092.hg.1,1.9260135885752403,2.594200316133357e-50,1.5277619356535672e-48,8.075332881162554,6.149319292587314
TC6_cox_hap2000131.hg.1,TC6_cox_hap2000131.hg.1,1.917662791858886,1.9771185899962082e-25,1.976698150104662e-24,6.511971823695428,4.594309031836542
TC06001879.hg.1,TC06001879.hg.1,1.916389939774528,1.0762571590568287e-31,1.7172023868684434e-30,7.234159650513421,5.317769710738893
TC10000673.hg.1,TC10000673.hg.1,1.916124314981762,4.45162834674425e-40,1.2912697586972602e-38,5.456542770671948,3.5404184556901863
TC20000341.hg.1,TC20000341.hg.1,1.9118487276414546,5.2529169033105154e-18,3.065043601726887e-17,7.279856003122565,5.36800727548111
TC03002079.hg.1,TC03002079.hg.1,1.91089589665265,5.847012422114568e-38,1.4525616328967841e-36,6.9209476286555,5.01005173200285
TC06001495.hg.1,TC06001495.hg.1,1.9082854926452715,3.9989016321568847e-25,3.9066672256801235e-24,6.180075815168437,4.271790322523166
TC14001439.hg.1,TC14001439.hg.1,1.9030168944295194,1.1560606776490384e-19,7.665134717546534e-19,4.800009424127785,2.8969925296982653
TC12001426.hg.1,TC12001426.hg.1,1.9018048451447562,1.375922685973835e-45,5.943859578657873e-44,8.369501654957062,6.467696809812306
TC15000223.hg.1,TC15000223.hg.1,1.8997993682493544,1.6263091752100905e-41,5.267113148507628e-40,6.535175485498109,4.635376117248755
TC02001556.hg.1,TC02001556.hg.1,1.8969222383876492,6.0782652982638626e-30,8.498725442316e-29,5.315143745871614,3.418221507483965
TC02000454.hg.1,TC02000454.hg.1,1.8939826677593041,6.624962004216166e-47,3.146187763921445e-45,6.564900078664507,4.6709174109052025
TC01003662.hg.1,TC01003662.hg.1,1.8934223385132354,3.652122659381114e-33,6.514241422603975e-32,5.348816618627275,3.4553942801140396
TC04001516.hg.1,TC04001516.hg.1,1.8876545110947482,2.3462440219333266e-37,5.5828930927639994e-36,6.526437261154148,4.638782750059399
TC15001690.hg.1,TC15001690.hg.1,1.887185825970775,6.718939301533921e-49,3.6170717320032515e-47,9.125886918272988,7.238701092302213
TC03000756.hg.1,TC03000756.hg.1,1.8852853513924899,1.3275503399839614e-53,9.752309255366555e-52,6.69577801116916,4.81049265977667
TC10001497.hg.1,TC10001497.hg.1,1.8830174356232985,1.3133090434470484e-28,1.6535208572460517e-27,5.792443093736864,3.9094256581135656
TC06002330.hg.1,TC06002330.hg.1,1.8826262728089196,3.4648034268611202e-31,5.317662669658615e-30,8.873012453611961,6.990386180803042
TC14000857.hg.1,TC14000857.hg.1,1.8814674456815474,2.410907026203235e-30,3.475180189175629e-29,6.095131614724074,4.213664169042526
TC09000498.hg.1,TC09000498.hg.1,1.8801053930940785,1.7736201278832372e-34,3.4636241043584795e-33,6.032008295802559,4.15190290270848
TC03001980.hg.1,TC03001980.hg.1,1.8796235535182326,1.5925591655597574e-28,1.9935434435888703e-27,6.73071757941512,4.851094025896887
TC15001305.hg.1,TC15001305.hg.1,1.8771640922578259,9.64561202026806e-17,5.108290049370913e-16,7.390916760943975,5.513752668686149
TC05002946.hg.1,TC05002946.hg.1,1.8688187154227345,8.285813266748695e-29,1.0624295747350634e-27,6.162400616705701,4.293581901282966
TC01006023.hg.1,TC01006023.hg.1,1.867543987465372,6.309390560660484e-36,1.3685628475637955e-34,8.336408977961927,6.468864990496555
TC02001105.hg.1,TC02001105.hg.1,1.866150027270189,9.012924160245419e-32,1.4486927500647465e-30,9.38317321923978,7.5170231919695905
TC12000564.hg.1,TC12000564.hg.1,1.8647207504001146,1.7167005867575703e-45,7.326234016920469e-44,7.290762042274669,5.426041291874554
TC05001558.hg.1,TC05001558.hg.1,1.85270625801201,8.35513024435502e-35,1.667036763157362e-33,5.800107758962353,3.947401500950343
TC06003952.hg.1,TC06003952.hg.1,1.851905511900191,7.632597125953484e-35,1.5275482960342095e-33,6.630570756019935,4.778665244119744
TC04001655.hg.1,TC04001655.hg.1,1.8501211073797874,2.0551105244923044e-51,1.2954773806794059e-49,7.194694611181167,5.34457350380138
TC04002024.hg.1,TC04002024.hg.1,1.8375889794696896,5.20409016678053e-58,5.160006309831705e-56,7.340671794271304,5.503082814801615
TC17000819.hg.1,TC17000819.hg.1,1.8363712423404577,3.793904753460433e-50,2.1930790817697816e-48,8.133737683300307,6.297366440959849
TC11002234.hg.1,TC11002234.hg.1,1.8342928226341266,7.243965023140332e-16,3.585943833250252e-15,5.093102469224765,3.258809646590638
TC02001035.hg.1,TC02001035.hg.1,1.8340395421441253,6.410063941628402e-27,7.144270791362923e-26,5.04371459857083,3.2096750564267045
TC17002470.hg.1,TC17002470.hg.1,1.8338066188100282,4.049053112646631e-52,2.6938617748737928e-50,6.139292701014828,4.3054860822048
TC11002237.hg.1,TC11002237.hg.1,1.8327453752555347,1.0089620988136419e-18,6.232058648003947e-18,4.906826436077583,3.074081060822048
TC10000453.hg.1,TC10000453.hg.1,1.8315889100279623,1.0084120731867184e-41,3.327052183920952e-40,5.9044151870533845,4.072826277025422
TC12003109.hg.1,TC12003109.hg.1,1.826143537977229,3.952707313896786e-27,4.485193910607982e-26,7.5321993190416165,5.7060557810643875
TC11002081.hg.1,TC11002081.hg.1,1.825726859679289,6.920532196980568e-39,1.8399744839267186e-37,6.3240432762865595,4.49831641660727
TC06002266.hg.1,TC06002266.hg.1,1.8254578057746462,8.356162866831542e-35,1.667036763157362e-33,6.636841737825015,4.811383932050369
TC06004137.hg.1,TC06004137.hg.1,1.8224279781159636,4.283192512680406e-55,3.4464364148277853e-53,7.3504473746472065,5.528019396531243
TC21000998.hg.1,TC21000998.hg.1,1.8215029122380306,1.4778594661708123e-25,1.4883590746594947e-24,7.038525576172459,5.217022663934428
TC12001276.hg.1,TC12001276.hg.1,1.821501546365849,1.9578178939147346e-28,2.436712330440801e-27,6.639766090794453,4.818264544428604
TC02003744.hg.1,TC02003744.hg.1,1.8206718557630293,7.814613123422696e-33,1.3536531875875398e-31,10.003986467903681,8.183314612140652
TC08001062.hg.1,TC08001062.hg.1,1.8169724434753896,3.60038264865605e-33,6.4260167121758e-32,6.688720154927041,4.871747711451651
TC19000575.hg.1,TC19000575.hg.1,1.8149670847660326,2.2577514541020444e-22,1.8191634038493165e-21,8.115461579895515,6.300494495129482
TC03000569.hg.1,TC03000569.hg.1,1.8147664522778246,6.168457194658924e-41,1.9208943424497027e-39,5.920220057647271,4.105453605369447
TC15000864.hg.1,TC15000864.hg.1,1.8144878447218051,2.9772682834993944e-64,5.121082988367952e-62,9.55395450129106,7.739466656569254
TC01002954.hg.1,TC01002954.hg.1,1.814153818922823,1.776484442299337e-41,5.74359308112573e-40,7.34277516603615,5.528621347113327
TC08002233.hg.1,TC08002233.hg.1,1.8059690346758277,5.1880672543930116e-30,7.282915609812015e-29,7.790895233891792,5.984926199215964
TC01001174.hg.1,TC01001174.hg.1,1.8047996324855946,4.1530985631634e-56,3.5717913831791573e-54,9.331911325286736,7.5271116928011415
TC15000846.hg.1,TC15000846.hg.1,1.8047546261738976,1.7325768868763952e-38,4.449181738907258e-37,6.038816646249923,4.234062020076025
TC02001119.hg.1,TC02001119.hg.1,1.8043501010393737,8.244999785831582e-60,9.855220294852672e-58,7.479248202726234,5.6748981016868605
TC06001142.hg.1,TC06001142.hg.1,1.7990287055407155,1.8440755802771742e-34,3.597477734719143e-33,6.2440341337897065,4.445005428248991
TC01006091.hg.1,TC01006091.hg.1,1.7956385260522354,2.3046079354928304e-33,4.175906634972257e-32,5.43034527112232,3.6347067450700847
TC01002942.hg.1,TC01002942.hg.1,1.7914307703142693,3.4234843704169574e-58,3.442890217650337e-56,7.160700868912512,5.369270098598243
TC01005259.hg.1,TC01005259.hg.1,1.7913941745187527,1.6060535414820764e-45,6.869623101086868e-44,8.729279629496185,6.937885454977432
TC11001998.hg.1,TC11001998.hg.1,1.7912142027484292,1.4172990515486826e-28,1.779287447491624e-27,5.456147800396325,3.6649335976478956
TC11001458.hg.1,TC11001458.hg.1,1.7881117645142917,6.547591259828259e-34,1.2338076275784593e-32,6.309114138593646,4.521002374079354
TC17001371.hg.1,TC17001371.hg.1,1.7871166022116425,6.55366520793615e-33,1.1436581617734047e-31,6.210090682159373,4.42297407994773
TC02004035.hg.1,TC02004035.hg.1,1.785244816627897,7.287153839802996e-26,7.499573975447016e-25,5.05484138113253,3.2695965645046328
TC06000171.hg.1,TC06000171.hg.1,1.7838339995861814,2.7644122422254316e-42,9.492550814478051e-41,6.450771677775775,4.666937678189593
TC01000936.hg.1,TC01000936.hg.1,1.7813394500533892,2.616876662393285e-35,5.404061037295182e-34,5.424599404912027,3.643259954858638
TC05000232.hg.1,TC05000232.hg.1,1.7781522353525578,1.794489945951855e-36,4.041578194439591e-35,5.258806417462321,3.4806541821097627
TC11001837.hg.1,TC11001837.hg.1,1.7748550331184592,1.9142727613077514e-14,8.417727252335208e-14,5.300432391160751,3.5255773580422916
TC09002707.hg.1,TC09002707.hg.1,1.763773934693841,4.540343454125958e-33,8.032521072275896e-32,5.1013374563141785,3.3375635216203374
TC02004412.hg.1,TC02004412.hg.1,1.7614711321044112,2.10339961973423e-43,7.786719143449199e-42,5.651650273824534,3.8901791417201226
TC04002080.hg.1,TC04002080.hg.1,1.7587505257898455,4.295302780319223e-43,1.5564058590883103e-41,7.634093290698375,5.875342764908529
TC01004601.hg.1,TC01004601.hg.1,1.75780799398985,1.8708377744739105e-15,8.956969243064247e-15,6.981451895154022,5.223643901164172
TC06002265.hg.1,TC06002265.hg.1,1.757259610019343,1.715962224231997e-44,6.915082626194343e-43,9.968362045277125,8.211102435257782
TC17000764.hg.1,TC17000764.hg.1,1.7553670066693812,1.8953630696381664e-37,4.53488522743198e-36,7.342085323965651,5.5867183172962696
TC07000565.hg.1,TC07000565.hg.1,1.7524000096535692,2.3869355095888454e-34,4.621349608098266e-33,6.010599084849577,4.258199075196008
TC06002862.hg.1,TC06002862.hg.1,1.751121296959159,2.483304617251014e-32,4.164776453509741e-31,6.067536314778117,4.316415017818958
TC19000981.hg.1,TC19000981.hg.1,1.7493529143267024,4.476225601293975e-40,1.2977373893823404e-38,8.076099921335494,6.326747007008792
TC12000611.hg.1,TC12000611.hg.1,1.7458836723504625,1.2867365024633782e-24,1.2166096865422972e-23,10.800328238755784,9.054444566405321
TC02002204.hg.1,TC02002204.hg.1,1.7408166643234382,8.655704447189676e-36,1.857502980226501e-34,5.475079128685521,3.7342624643620828
TC14002183.hg.1,TC14002183.hg.1,1.7400460080570435,1.2952350843508464e-23,1.1437560336344661e-22,7.157748478952742,5.417702470895699
TC18000226.hg.1,TC18000226.hg.1,1.7383125402917359,1.5957561444969856e-21,1.2107231059740577e-20,4.87138714946256,3.133074609170824
TC02000663.hg.1,TC02000663.hg.1,1.7381442669554232,1.06313955291623e-18,6.548772496607475e-18,5.897531740226985,4.159387473271562
TC02001100.hg.1,TC02001100.hg.1,1.73592896806033,2.152739675430799e-47,1.0506337976509932e-45,8.73788637302588,7.00195740496555
TC19000458.hg.1,TC19000458.hg.1,1.7351167392283395,1.7180509300723544e-35,3.6100185241274523e-34,6.840732030865309,5.105615291636969
TC18000103.hg.1,TC18000103.hg.1,1.7336585256801893,2.6414587752672193e-34,5.098385945365241e-33,7.0143075866210305,5.280649060940841
TC19002569.hg.1,TC19002569.hg.1,1.733035591099923,2.6647450460443884e-41,8.532326107135773e-40,7.196621430372908,5.4635858392729855
TC20000168.hg.1,TC20000168.hg.1,1.73288092053527,3.5021529553186547e-38,8.848386271077825e-37,8.267026929682338,6.534146009147068
TC17_ctg5_hap1000029.hg.1,TC17_ctg5_hap1000029.hg.1,1.7325981894958247,4.0676448403670813e-48,2.0957843525463926e-46,7.150533761484419,5.417935571988594
TC01002338.hg.1,TC01002338.hg.1,1.7323195605831567,1.5258287920253118e-19,1.0021444562105244e-18,4.430686294961869,2.698366734378712
TC06003311.hg.1,TC06003311.hg.1,1.7310118896973767,4.337769211636815e-22,3.4218157631729006e-21,6.7075761472407365,4.97656425754336
TC07002158.hg.1,TC07002158.hg.1,1.730118662115979,2.9252419344272636e-12,1.0604401430091715e-11,4.235545220680958,2.505426558564979
TC13001534.hg.1,TC13001534.hg.1,1.721144160296228,2.3048979512396058e-33,4.175906634972257e-32,5.079568594247284,3.3584244339510563
TC11003286.hg.1,TC11003286.hg.1,1.7204393492620476,1.228549849713739e-33,2.2717904103949436e-32,5.147628656698495,3.4271893074364472
TC12001492.hg.1,TC12001492.hg.1,1.7172951152292724,2.1577781014500527e-40,6.410612160484944e-39,8.227994426229511,6.510699311000239
TC17001840.hg.1,TC17001840.hg.1,1.7158374788000037,1.4982477204655232e-35,3.1587496223177836e-34,6.2206288692728,4.504791390472796
TC22000438.hg.1,TC22000438.hg.1,1.7081324050960909,3.404177508953808e-31,5.227460171479475e-30,7.103419356272143,5.395286951176052
TC07001194.hg.1,TC07001194.hg.1,1.7075555788224586,4.543752363543256e-20,3.099376385520293e-19,5.289513415600791,3.581957836778332
TC16001165.hg.1,TC16001165.hg.1,1.7071919935238196,2.851602658928126e-38,7.233890234325855e-37,7.17424936047559,5.467057366951771
TC07002236.hg.1,TC07002236.hg.1,1.7063326823865115,3.144166380242547e-18,1.8662554323043032e-17,8.30667699813847,6.600344315751958
TC05001314.hg.1,TC05001314.hg.1,1.6999382968142562,3.6441145501999006e-31,5.579203655174437e-30,5.455447022758663,3.7555087259444067
TC02000628.hg.1,TC02000628.hg.1,1.6980222195374117,9.3231506705371e-19,5.778243595851501e-18,4.713056164655018,3.0150339451176067
TC01003172.hg.1,TC01003172.hg.1,1.6951709482623576,7.577974644053683e-45,3.1138687069790294e-43,6.912771557076803,5.217600608814445
TC11001059.hg.1,TC11001059.hg.1,1.6932835147995258,7.6498261738339765e-28,9.101389562955826e-27,6.46195576592806,4.768672251128534
TC01005732.hg.1,TC01005732.hg.1,1.691533986995422,1.5010989586000436e-45,6.450038160418678e-44,6.449036038551612,4.75750205155619
TC02000500.hg.1,TC02000500.hg.1,1.6871206740984128,5.450241623705875e-59,5.936133820969846e-57,10.039583656398245,8.352462982299832
TC11002850.hg.1,TC11002850.hg.1,1.6859709335829312,9.876923672060152e-22,7.615638646033753e-21,5.8722604797934315,4.1862895462105
TC01003533.hg.1,TC01003533.hg.1,1.684747714623815,1.8469609624830275e-42,6.424281355201445e-41,7.979123406593404,6.294375691969589
TC12000565.hg.1,TC12000565.hg.1,1.683955041512304,5.114586907716462e-38,1.2750983833828871e-36,5.976003381973221,4.292048340460917
TC19001505.hg.1,TC19001505.hg.1,1.6837323320448867,3.0065549014416737e-20,2.0794877335973565e-19,8.3424291382934,6.658696806248514
TC04002654.hg.1,TC04002654.hg.1,1.6827459596912924,6.37483615768722e-35,1.2817373711489578e-33,5.911830914549928,4.229084954858636
TC07001240.hg.1,TC07001240.hg.1,1.6820580032126355,4.486692547737148e-31,6.824756542416672e-30,4.907549301026843,3.2254912978142074
TC06003301.hg.1,TC06003301.hg.1,1.6818059019656988,1.5505550886171995e-24,1.4553188652404785e-23,4.883040576472708,3.2012346745070093
TC14001155.hg.1,TC14001155.hg.1,1.681666314007919,2.1194015377444562e-35,4.4236920442644e-34,5.399289194739684,3.7176228807317653
TC21000185.hg.1,TC21000185.hg.1,1.680431045881539,2.3399369748396555e-34,4.531910890714167e-33,7.4847255653636005,5.804294519482061
TC02000466.hg.1,TC02000466.hg.1,1.6770572314036674,7.012691213114972e-30,9.766527101000259e-29,6.660523977661684,4.983466746258016
TC20001421.hg.1,TC20001421.hg.1,1.6740443068033217,1.4966770063319625e-42,5.238183830225599e-41,7.08742868492164,5.413384378118319
TC07001164.hg.1,TC07001164.hg.1,1.6729443189306532,4.14474201440481e-20,2.833027077401146e-19,4.058263571128324,2.385319252197671
TC02002905.hg.1,TC02002905.hg.1,1.6724696372895238,1.1934500496426208e-29,1.6292480929980205e-28,8.382001494025094,6.70953185673557
TC04001436.hg.1,TC04001436.hg.1,1.6719669682182867,1.8440842822880522e-32,3.1243107218656853e-31,4.736579873896596,3.064612905678309
TC11003302.hg.1,TC11003302.hg.1,1.671179091213494,1.1028782072483195e-60,1.433690845542297e-58,7.176025025520931,5.504845934307437
TC02000830.hg.1,TC02000830.hg.1,1.6690627270709801,1.9623330914670994e-13,7.951085058488281e-13,4.529870671951,2.8608079448800194
TC12002414.hg.1,TC12002414.hg.1,1.6685583402846884,7.275683884216179e-38,1.7924870453262375e-36,6.3601279072839745,4.691569566999286
TC06000352.hg.1,TC06000352.hg.1,1.667955884988734,1.400978020444268e-10,4.3928571066787204e-10,6.021785517324206,4.353829632335472
TC0X001376.hg.1,TC0X001376.hg.1,1.6675659550178947,3.728313845782632e-33,6.639646797707214e-32,6.116008408094635,4.448442453076741
TC01003784.hg.1,TC01003784.hg.1,1.6670126055561223,5.14896669042401e-33,9.072279910691499e-32,7.253058399687744,5.586045794131621
TC06000135.hg.1,TC06000135.hg.1,1.6659016211206188,3.037722994842344e-46,1.3888351371395088e-44,7.700070782441602,6.034169161320984
TC15000296.hg.1,TC15000296.hg.1,1.6640331129526205,1.870076547860471e-48,9.832803231797955e-47,7.8045732222422375,6.140540109289617
TC17000718.hg.1,TC17000718.hg.1,1.6623261416209036,1.735081078827949e-33,3.1648821307893703e-32,5.845280384315134,4.1829542426942306
TC01003085.hg.1,TC01003085.hg.1,1.6608212074335729,2.955257847400801e-30,4.2274274146718664e-29,5.666898460937968,4.006077253504395
TC15002758.hg.1,TC15002758.hg.1,1.6608187935911793,3.2994147466139656e-29,4.364510695767097e-28,6.796036059568847,5.135217265977667
TC10000890.hg.1,TC10000890.hg.1,1.659146385270705,9.281924770228796e-13,3.534473755985207e-12,6.663682199003182,5.004535813732477
TC10000664.hg.1,TC10000664.hg.1,1.6574287829911825,6.847841224655255e-33,1.1913089923299419e-31,4.630286614423827,2.972857831432645
TC01003193.hg.1,TC01003193.hg.1,1.6570867716679816,3.2225224933850056e-41,1.0260060611275128e-39,8.85158348525791,7.1944967135899285
TC07001581.hg.1,TC07001581.hg.1,1.6568592365195993,1.1023718320353449e-44,4.5035202041832066e-43,7.431598830841289,5.77473959432169
TC11001997.hg.1,TC11001997.hg.1,1.6551570765484227,7.040999043606806e-27,7.81044207711775e-26,5.673961862126943,4.018804785578521
TC11003279.hg.1,TC11003279.hg.1,1.6542536405243586,2.177528616425626e-29,2.920979598504185e-28,7.859867223323123,6.205613582798764
TC09002074.hg.1,TC09002074.hg.1,1.65288659430733,4.373484319645634e-27,4.9398045714868336e-26,6.535064872995855,4.882178278688525
TC06000669.hg.1,TC06000669.hg.1,1.6498798867419109,6.120353909493769e-46,2.725320654031724e-44,5.589353405392422,3.939473518650511
TC17000495.hg.1,TC17000495.hg.1,1.6498666533383464,2.1891404219061578e-36,4.908860267213895e-35,5.723600085269921,4.073733431931575
TC03000545.hg.1,TC03000545.hg.1,1.6488343963093213,3.3328231702047006e-18,1.9753253242631453e-17,4.573857739146099,2.925023342836778
TC10002226.hg.1,TC10002226.hg.1,1.6471077757565569,3.266096327655372e-47,1.5749283984073572e-45,6.957684604575753,5.310576828819197
TC10001334.hg.1,TC10001334.hg.1,1.6440909000793704,3.737725467290111e-29,4.932748430726866e-28,5.883811605116194,4.239720705036824
TC01003191.hg.1,TC01003191.hg.1,1.6440825851002163,1.7504076911102704e-58,1.8254066749918527e-56,7.667036954903019,6.022954369802803
TC08000750.hg.1,TC08000750.hg.1,1.6437375667917271,6.173264842692536e-32,1.006017492475527e-30,6.381745762325107,4.7380081955333795
TC17000654.hg.1,TC17000654.hg.1,1.6433186497601966,3.1848965823869757e-34,6.126338062908571e-33,7.574749111271244,5.931430461511048
TC12001324.hg.1,TC12001324.hg.1,1.6432648864743014,1.7302232779562264e-34,3.3847342890337854e-33,6.06959840809464,4.4263335216203386
TC17002860.hg.1,TC17002860.hg.1,1.6431960106156565,4.147638261777586e-46,1.8795297626744408e-44,8.363746146039752,6.720550135424095
TC6_dbb_hap3000043.hg.1,TC6_dbb_hap3000043.hg.1,1.642395648009627,2.1384579628239113e-10,6.587001602238449e-10,5.776187813607156,4.133792165597529
TC03000087.hg.1,TC03000087.hg.1,1.6416889158305459,3.318755234321867e-60,4.079249080827258e-58,7.513313699033208,5.8716247832026625
TC11003382.hg.1,TC11003382.hg.1,1.6415270927160304,9.054581973792572e-38,2.214310384904332e-36,8.08621078124062,6.44468368852459
TC02002317.hg.1,TC02002317.hg.1,1.6414256124630882,4.3017094475992877e-13,1.6897155442084286e-12,4.73310962529274,3.091684012829652
TC02002194.hg.1,TC02002194.hg.1,1.6411813187465887,2.039668815757199e-25,2.0366507915833654e-24,7.656512362937609,6.01533104419102
TC10000452.hg.1,TC10000452.hg.1,1.6401147021818758,4.719118015083604e-43,1.7045019217348705e-41,7.596829212754458,5.956714510572582
TC08001692.hg.1,TC08001692.hg.1,1.639651855952315,2.917022413218982e-49,1.610299124354095e-47,8.015633097339819,6.375981241387504
TC02001122.hg.1,TC02001122.hg.1,1.6386738535816745,7.45590207379135e-42,2.4934622596275064e-40,6.933300922956822,5.294627069375148
TC12002307.hg.1,TC12002307.hg.1,1.633096826906761,4.694227732221024e-28,5.678364927024994e-27,6.676507255749716,5.043410428842955
TC04002026.hg.1,TC04002026.hg.1,1.62592463566429,4.8657009160675345e-46,2.1890997949178481e-44,5.087365552152767,3.461440916488477
TC13001100.hg.1,TC13001100.hg.1,1.6245509007516628,1.6400401639016363e-40,4.940084675227043e-39,6.254441776256533,4.62989087550487
TC19002494.hg.1,TC19002494.hg.1,1.6239974502505072,1.8802028812324045e-20,1.3190411110839318e-19,7.448082909385696,5.824085459135189
TC01003051.hg.1,TC01003051.hg.1,1.6187587834741866,5.057790451346972e-13,1.974606751671811e-12,4.744018844652616,3.1252600611784294
TC14000026.hg.1,TC14000026.hg.1,1.617498636823501,2.0835310748937e-30,3.016388406039332e-29,5.996988522188195,4.379489885364694
TC02003950.hg.1,TC02003950.hg.1,1.6163097959696513,2.762405181467776e-29,3.67395981914307e-28,6.504838333033087,4.8885285370634355
TC12002956.hg.1,TC12002956.hg.1,1.6149881883209458,9.95901032554875e-21,7.140264894482265e-20,4.958025839188134,3.3430376508671884
TC12001361.hg.1,TC12001361.hg.1,1.6145124243705995,1.3859591879823042e-49,7.780402534088123e-48,7.499366757941515,5.884854333570916
TC0X000987.hg.1,TC0X000987.hg.1,1.6121989173578832,3.2803376351678166e-30,4.6734870884065116e-29,6.155318047198701,4.543119129840818
TC02000403.hg.1,TC02000403.hg.1,1.6120830018027794,1.1635284730308673e-31,1.8512112067528333e-30,7.36147228607458,5.749389284271801
TC02002468.hg.1,TC02002468.hg.1,1.611195721648274,3.0843595630243506e-30,4.4020591405693854e-29,6.486472347925299,4.875276626277025
TC17002877.hg.1,TC17002877.hg.1,1.6082108853607764,4.63624248463567e-46,2.0908675339582352e-44,7.153677245541343,5.5454663601805665
TC01005350.hg.1,TC01005350.hg.1,1.6081484006537519,6.912813832364851e-36,1.4954261150090496e-34,8.624298761784663,7.0161503611309115
TC07000726.hg.1,TC07000726.hg.1,1.6053201995788733,4.1283337725944596e-13,1.6252343505842872e-12,6.325302514261696,4.719982314682823
TC01003192.hg.1,TC01003192.hg.1,1.6030349794005012,1.1273691336637467e-31,1.7962132669596515e-30,7.25966482615745,5.656629846756949
TC06000176.hg.1,TC06000176.hg.1,1.6028088328451098,1.896375417164538e-44,7.582544882040319e-43,5.800953933225247,4.198145100380137
TC11003311.hg.1,TC11003311.hg.1,1.601678472732421,7.5179954985803885e-16,3.71931138231242e-15,6.885445556956702,5.283767084224281
TC03001632.hg.1,TC03001632.hg.1,1.6012998020463773,2.7137392848747887e-31,4.209616248943246e-30,4.940876870233594,3.3395770681872166
TC12001253.hg.1,TC12001253.hg.1,1.6011680715251666,3.6958074563966e-29,4.878569608680004e-28,7.8824635092776045,6.281295437752438
TC07000104.hg.1,TC07000104.hg.1,1.6008214911140186,9.689559609739847e-12,3.367204028717602e-11,4.886272155167238,3.2854506640532195
TC08000576.hg.1,TC08000576.hg.1,1.6007988152154335,3.1227447106783924e-32,5.186311777658332e-31,4.413078977961929,2.8122801627464953
TC10001110.hg.1,TC10001110.hg.1,1.5988734957143134,2.231158965748562e-37,5.315773924391992e-36,6.127867452711226,4.528993956996913
TC09002894.hg.1,TC09002894.hg.1,1.5968894519527757,9.687925913913875e-32,1.5514431002304654e-30,9.058017667087013,7.461128215134237
TC02000703.hg.1,TC02000703.hg.1,1.5950959204765276,2.261249742400239e-55,1.8733507777788058e-53,7.745128891491022,6.150032971014494
TC01005808.hg.1,TC01005808.hg.1,1.5923827494784817,5.039135548131037e-42,1.7023829302662085e-40,6.234121913769287,4.641739164290805
TC02000937.hg.1,TC02000937.hg.1,1.5915665903258063,4.302071861121475e-24,3.9078133997866917e-23,5.5328182225424865,3.94125163221668
TC19002097.hg.1,TC19002097.hg.1,1.5914485676885501,9.840273707995486e-36,2.1013193113462882e-34,8.746149648111452,7.154701080422901
TC03000911.hg.1,TC03000911.hg.1,1.5912749162117277,4.4778110188973764e-27,5.055616211009649e-26,4.6181427286374825,3.026867812425755
TC03000766.hg.1,TC03000766.hg.1,1.5885430801148246,8.908879332212502e-40,2.5333727528465974e-38,7.431135720290639,5.842592640175814
TC07000174.hg.1,TC07000174.hg.1,1.587933766079491,5.159760022107087e-16,2.5857464996201604e-15,4.4307639656518365,2.8428301995723455
TC05003313.hg.1,TC05003313.hg.1,1.5871439249815271,1.3789766881513868e-41,4.502263124544267e-40,10.802126344202247,9.21498241922072
TC08002271.hg.1,TC08002271.hg.1,1.5866330792858854,9.198817752294195e-25,8.779883267618573e-24,5.796085753317723,4.209452674031837
TC02000874.hg.1,TC02000874.hg.1,1.5847736855547634,1.1454428974581503e-45,4.994095625099995e-44,7.655137049180331,6.070363363625567
TC10000164.hg.1,TC10000164.hg.1,1.5834632968273095,1.8819418434520805e-65,3.5629327155664256e-63,10.2723186086591,8.68885531183179
TC15000306.hg.1,TC15000306.hg.1,1.5821816891198592,1.317894147883151e-35,2.786842280182594e-34,6.354112940010808,4.771931250890948
TC02003743.hg.1,TC02003743.hg.1,1.5809059921505195,8.061393278128892e-29,1.0345943720779704e-27,9.090927234131989,7.51002124198147
TC18000009.hg.1,TC18000009.hg.1,1.5801679584498411,1.3236063893226232e-32,2.264944654922771e-31,5.045805292139555,3.4656373336897137
TC20000198.hg.1,TC20000198.hg.1,1.5790277549808227,9.441900344333476e-30,1.3008379331541051e-28,7.139011108508978,5.559983353528155
TC07002219.hg.1,TC07002219.hg.1,1.5765218517945576,1.6872277982569734e-16,8.77570000203392e-16,4.426043042695009,2.8495211909004516
TC07000172.hg.1,TC07000172.hg.1,1.5741865963241994,5.4579204861758775e-17,2.9452411094124403e-16,5.415627298985166,3.8414407026609667
TC15000190.hg.1,TC15000190.hg.1,1.5736009452598987,1.0294444792647727e-41,3.388518006485411e-40,6.31455160871915,4.740950663459252
TC03002349.hg.1,TC03002349.hg.1,1.5714649352643066,5.738735534776008e-46,2.5655149080902754e-44,7.76647098420705,6.195006048942743
TC12000974.hg.1,TC12000974.hg.1,1.5704255194912022,1.4144849750363587e-42,4.956671634882067e-41,6.1233300336275756,4.552904514136373
TC6_cox_hap2000050.hg.1,TC6_cox_hap2000050.hg.1,1.5693712766468506,4.1440592603021014e-10,1.2428873284127582e-09,5.728978981564883,4.159607704918033
TC07002535.hg.1,TC07002535.hg.1,1.5680885440931096,2.8543866318166987e-42,9.78364428881133e-41,5.257778460937967,3.6896899168448574
TC01005690.hg.1,TC01005690.hg.1,1.5664644544657076,9.3822731734857e-24,8.360908038251717e-23,6.6597745102984485,5.093310055832741
TC06003312.hg.1,TC06003312.hg.1,1.5616000431571289,7.68863731058628e-21,5.560537620672436e-20,4.952424790127906,3.390824746970777
TC12002392.hg.1,TC12002392.hg.1,1.5612730842464728,7.603351253963017e-44,2.9201216545002416e-42,6.875028996577192,5.313755912330719
TC08002503.hg.1,TC08002503.hg.1,1.5579456392698563,2.169362416551674e-30,3.135820876684918e-29,5.517531654356573,3.959586015086717
TC20000960.hg.1,TC20000960.hg.1,1.5568525847999721,1.1145135847754538e-22,9.190094625235539e-22,6.189690970996218,4.632838386196246
TC02001364.hg.1,TC02001364.hg.1,1.556347007191552,8.778580413214368e-09,2.33134037729584e-08,6.809772147961329,5.253425140769777
TC6_dbb_hap3000236.hg.1,TC6_dbb_hap3000236.hg.1,1.5560354771107985,1.6654416643931335e-62,2.5394834546414005e-60,9.283178921515644,7.727143444404845
TC0X000807.hg.1,TC0X000807.hg.1,1.5558335535117012,4.868120751917711e-24,4.410625286360903e-23,7.672075338377469,6.1162417848657675
TC06000715.hg.1,TC06000715.hg.1,1.551109256596928,4.0186736804971614e-32,6.621656883945352e-31,6.755457453912206,5.204348197315278
TC11000921.hg.1,TC11000921.hg.1,1.5480827865784699,5.580632346689962e-32,9.120744951783148e-31,6.118740682159369,4.570657895580899
TC10000797.hg.1,TC10000797.hg.1,1.5457768595095782,6.105258391423727e-36,1.3253038396588835e-34,7.392493206028943,5.846716346519365
TC01001173.hg.1,TC01001173.hg.1,1.5453892528046929,1.9437276088143338e-30,2.82195636217414e-29,7.271189782621751,5.725800529817058
TC11000963.hg.1,TC11000963.hg.1,1.542311120936561,3.9532964753781404e-20,2.7067606862607276e-19,5.433457388458539,3.891146267521978
TC02002263.hg.1,TC02002263.hg.1,1.5418061251987458,3.34724997014295e-25,3.2899851710021766e-24,6.2503464144598535,4.708540289261108
TC01001213.hg.1,TC01001213.hg.1,1.5405433940287616,9.29400249835861e-33,1.6000885961318157e-31,4.940182523869576,3.3996391298408146
TC20000387.hg.1,TC20000387.hg.1,1.5403044666974735,1.0296973262102275e-39,2.9090367426203615e-38,6.431074815949077,4.8907703492516035
TC08002451.hg.1,TC08002451.hg.1,1.537355493089116,1.757952401238184e-64,3.099379955407996e-62,10.856323998078427,9.31896850498931
TC13000523.hg.1,TC13000523.hg.1,1.535956597629621,7.329471751055231e-45,3.01614979760054e-43,7.4025759436738126,5.8666193460441916
TC01001767.hg.1,TC01001767.hg.1,1.5355823785895764,5.9611212497493005e-33,1.0447795547323891e-31,5.627938283792712,4.092355905203136
TC01000353.hg.1,TC01000353.hg.1,1.5333973632443811,5.418125822492677e-34,1.0254271138993354e-32,7.944087582417582,6.410690219173201
TC01000727.hg.1,TC01000727.hg.1,1.5331933668564766,7.189393010611694e-31,1.0813414419426568e-29,6.4272322644568565,4.89403889760038
TC6_cox_hap2000255.hg.1,TC6_cox_hap2000255.hg.1,1.5331681627608544,3.2546360428804e-60,4.014672972294028e-58,9.207350208971356,7.674182046210501
TC04002953.hg.1,TC04002953.hg.1,1.5321441650479466,2.541790878550613e-18,1.5171684065390233e-17,5.6321191406953695,4.099974975647423
TC07002162.hg.1,TC07002162.hg.1,1.5293055742078074,3.645859627005676e-42,1.2398559881639917e-40,7.0416961058067615,5.512390531598954
TC08002073.hg.1,TC08002073.hg.1,1.5267263501418982,9.090628097886139e-28,1.0752097610619292e-26,4.83101175403831,3.304285403896412
TC14002040.hg.1,TC14002040.hg.1,1.524996032037575,2.4869372810709774e-23,2.155931584564573e-22,4.583032215216477,3.058036183178902
TC15001183.hg.1,TC15001183.hg.1,1.5248962741143393,2.9563361712315635e-44,1.1671838636007163e-42,6.005518748573831,4.480622474459492
TC04002952.hg.1,TC04002952.hg.1,1.52392223195194,2.292151674447152e-18,1.3731005857821133e-17,5.628401459797035,4.104479227845095
PSR02024017.hg.1,PSR02024017.hg.1,1.5221460642748799,2.4329234945225232e-17,1.3443749041525143e-16,6.910858732961027,5.388712668686147
TC06001029.hg.1,TC06001029.hg.1,1.5221393506784242,3.5163013371949355e-31,5.3931082758110895e-30,6.407193431814087,4.885054081135663
TC11002851.hg.1,TC11002851.hg.1,1.5220646686652612,2.3736242423003028e-19,1.5385470186362416e-18,4.9451944352368935,3.4231297665716323
TC03000051.hg.1,TC03000051.hg.1,1.5203481699341284,1.0846516613151685e-39,3.059693871403959e-38,5.772645131207589,4.25229696127346
TC02000954.hg.1,TC02000954.hg.1,1.5198823832107515,1.4875921535780267e-18,9.054587778677863e-18,4.967454993094336,3.447572609883584
TC16000558.hg.1,TC16000558.hg.1,1.5192182261323897,1.1239027591719678e-23,9.965165152752488e-23,6.8007780063652215,5.281559780232832
TC07002218.hg.1,TC07002218.hg.1,1.5190255208488361,1.5706738224938467e-16,8.189102274970691e-16,4.557718737764968,3.0386932169161316
TC05001392.hg.1,TC05001392.hg.1,1.5186236877543937,3.6353882584509393e-19,2.325675640835527e-18,5.42983976520747,3.9112160774530764
TC15001335.hg.1,TC15001335.hg.1,1.5178508269498368,5.517008090595108e-29,7.160307394874506e-28,7.7419987023359145,6.224147875386078
TC20001170.hg.1,TC20001170.hg.1,1.5177157785318736,9.311569648425275e-37,2.132062241983998e-35,7.158685176845012,5.640969398313138
TC12002858.hg.1,TC12002858.hg.1,1.5166800733188186,8.453656286931912e-32,1.3619028566422747e-30,7.360078985768329,5.84339891244951
TC07002464.hg.1,TC07002464.hg.1,1.51491161031176,7.144450635233392e-29,9.200539053608708e-28,4.677526673272083,3.162615062960323
TC06003299.hg.1,TC06003299.hg.1,1.5147902642623485,4.023763393322613e-23,3.4286766821397853e-22,5.551537481534858,4.036747217272509
TC15000850.hg.1,TC15000850.hg.1,1.5121978028766194,1.1567303336006088e-29,1.5820705929958582e-28,5.504591525851198,3.9923937229745783
TC05002544.hg.1,TC05002544.hg.1,1.51037374036928,1.7457144945606428e-35,3.6626894888107978e-34,7.203210780640126,5.692837040270846
TC02002467.hg.1,TC02002467.hg.1,1.5076256430359853,7.486612397127694e-24,6.710830921848589e-23,6.832534569146702,5.324908926110717
TC02000834.hg.1,TC02000834.hg.1,1.505321610155109,1.0835691826920336e-12,4.0976477075621125e-12,4.63911775175644,3.133796141601331
TC02002313.hg.1,TC02002313.hg.1,1.5052547760946569,1.0853143621230012e-12,4.103972230714174e-12,4.639118471746832,3.133863695652175
TC02000820.hg.1,TC02000820.hg.1,1.505244155139823,1.0790050472945728e-12,4.081755850762049e-12,4.639093857563202,3.1338497024233787
TC02000837.hg.1,TC02000837.hg.1,1.5052075979455348,1.0856298311128136e-12,4.104890008157813e-12,4.639114092956226,3.133906495010691
TC02002307.hg.1,TC02002307.hg.1,1.5051981012691273,1.0813199101471779e-12,4.089690064401923e-12,4.6390674479072835,3.133869346638156
TC02002309.hg.1,TC02002309.hg.1,1.5051551840900852,1.0828221779872823e-12,4.095097307795046e-12,4.639068357052784,3.1339131729626986
TC02002303.hg.1,TC02002303.hg.1,1.505119864367042,1.0797782412734282e-12,4.0844068934739705e-12,4.63900621029244,3.1338863459253976
TC02000858.hg.1,TC02000858.hg.1,1.5051166987799562,1.0779836621648068e-12,4.078438992221973e-12,4.638974429832463,3.133857731052507
TC04000321.hg.1,TC04000321.hg.1,1.5042551231009416,1.0326937070406137e-54,8.114556206659797e-53,9.34870897555996,7.844453852459019
TC0X002048.hg.1,TC0X002048.hg.1,1.5036911255903744,9.400554304876391e-30,1.296091086931858e-28,5.921856013330929,4.418164887740555
TC12003055.hg.1,TC12003055.hg.1,1.5012480748996793,3.6383546860980027e-31,5.571897249736078e-30,5.328834857983545,3.827586783083866
TC07003107.hg.1,TC07003107.hg.1,1.5002570975656546,1.2554933370338992e-30,1.8508602845251772e-29,6.101467292980242,4.601210195414588
TC15002245.hg.1,TC15002245.hg.1,1.4993808553165797,2.4376207321389727e-39,6.692247516584747e-38,6.125746230108692,4.626365374792112
TC03000914.hg.1,TC03000914.hg.1,1.4993619931387165,6.975349691420896e-45,2.8767198749311704e-43,7.303407794991889,5.804045801853173
TC14000387.hg.1,TC14000387.hg.1,1.4986465276461494,1.6839987752970427e-29,2.2745473522793524e-28,4.935735461478411,3.437088933832262
TC10000373.hg.1,TC10000373.hg.1,1.4984447561805019,3.8787226759260894e-29,5.1104571679214884e-28,4.480726584999699,2.9822818288191972
TC07002879.hg.1,TC07002879.hg.1,1.4976690533955237,1.3600509606110855e-40,4.1320061979405616e-39,7.017298049000179,5.519628995604656
TC04000434.hg.1,TC04000434.hg.1,1.4974306292507675,6.401283992537486e-21,4.6527652704326194e-20,6.002565869212755,4.505135239961987
TC11001517.hg.1,TC11001517.hg.1,1.4968915952994477,1.12890702225597e-29,1.5451401354109002e-28,4.301278953341739,2.804387358042291
TC07000719.hg.1,TC07000719.hg.1,1.4962878726251185,4.0320885113586087e-41,1.2736974783529113e-39,5.517197341620128,4.02090946899501
TC01001805.hg.1,TC01001805.hg.1,1.4953084019787504,4.0535042119505054e-23,3.453497442310837e-22,5.969002162373145,4.4736937603943945
TC19001171.hg.1,TC19001171.hg.1,1.49161829301549,3.099830666832547e-37,7.314355774209898e-36,6.367465307151863,4.875847014136373
TC01001838.hg.1,TC01001838.hg.1,1.4896216575940118,4.337169004891246e-47,2.0789668727098923e-45,8.252288673512284,6.7626670159182725
TC02000816.hg.1,TC02000816.hg.1,1.4875506014388313,9.066890832474966e-14,3.774058189365299e-13,4.613235441662163,3.125684840223332
TC18000221.hg.1,TC18000221.hg.1,1.4872569584798674,3.279063686524967e-21,2.4325866543900798e-20,7.092773622770674,5.605516664290807
TC07001243.hg.1,TC07001243.hg.1,1.4855893750048903,4.103881481483846e-36,9.005553692040281e-35,7.330616544166213,5.845027169161322
TC08000692.hg.1,TC08000692.hg.1,1.4847208843751876,8.949789604044152e-27,9.85804822102622e-26,4.771589176724914,3.2868682923497268
TC05000244.hg.1,TC05000244.hg.1,1.4843131930335058,7.346022364797297e-31,1.1040167548671655e-29,5.701262939410317,4.2169497463768115
TC17001872.hg.1,TC17001872.hg.1,1.4843034006276445,2.1396790861061856e-46,9.846540434246671e-45,6.892269360475592,5.407965959847948
TC15001541.hg.1,TC15001541.hg.1,1.484294258489788,3.1527678018645486e-22,2.5144593418941774e-21,6.666202327508557,5.181908069018769
TC15000464.hg.1,TC15000464.hg.1,1.4815713591297017,1.0435842863835739e-27,1.2296770732913215e-26,5.414169739386296,3.9325983802565947
TC02004582.hg.1,TC02004582.hg.1,1.4814213472503974,2.670694008132144e-13,1.068466987312433e-12,4.0488949852879355,2.567473638037538
TC02003490.hg.1,TC02003490.hg.1,1.4812063605656638,3.022566729637153e-31,4.666862883214803e-30,7.171090199363478,5.689883838797814
TC17001354.hg.1,TC17001354.hg.1,1.4811851232837032,1.3995804657715064e-32,2.388431056197727e-31,6.372802380351889,4.8916172570681855
TC02003597.hg.1,TC02003597.hg.1,1.48039345134967,8.208997044849251e-37,1.890347735821653e-35,6.787277906683478,5.306884455333808
TC06002631.hg.1,TC06002631.hg.1,1.4789321189940963,2.1210746828716636e-31,3.312117117582439e-30,5.443182925598991,3.964250806604895
TC04001615.hg.1,TC04001615.hg.1,1.4782498405235796,5.858902491736685e-45,2.4215938518593432e-43,6.381226530354892,4.902976689831313
TC17001353.hg.1,TC17001353.hg.1,1.4776340541787762,8.845207375362565e-36,1.8952864022149836e-34,8.277343421605716,6.7997093674269395
TC12001106.hg.1,TC12001106.hg.1,1.4767379494685615,9.854237991823036e-35,1.960354016299972e-33,6.406587908484955,4.929849959016393
TC15000949.hg.1,TC15000949.hg.1,1.4758054150120508,1.4366207070210558e-34,2.8260553364265668e-33,7.503550148321625,6.027744733309574
TC07002863.hg.1,TC07002863.hg.1,1.4756053442714352,1.321258484715456e-29,1.7975105182222474e-28,4.939310252206811,3.4637049079353757
TC19001593.hg.1,TC19001593.hg.1,1.4755176003279225,3.828734829239222e-35,7.837792510740872e-34,7.847383874977481,6.371866274649559
TC06001342.hg.1,TC06001342.hg.1,1.475511078706281,6.1550537418817154e-30,8.601828635359986e-29,5.194437328409298,3.7189262497030167
TC01001758.hg.1,TC01001758.hg.1,1.4745137765293652,6.337870699197953e-40,1.8243366791191332e-38,6.39031164835165,4.915797871822285
TC02000842.hg.1,TC02000842.hg.1,1.4743848078424322,1.1392818956879061e-12,4.3011171948225895e-12,4.664104725875219,3.1897199180327864
TC06000178.hg.1,TC06000178.hg.1,1.4730740623702765,3.627241950882703e-40,1.0614197945274916e-38,5.016268601453192,3.543194539082916
TC03003170.hg.1,TC03003170.hg.1,1.4723105164365222,5.363905004301444e-27,6.015122093672806e-26,4.767998222542485,3.295687706105963
TC01003679.hg.1,TC01003679.hg.1,1.47066224770181,1.0856752876586102e-27,1.2776726820843444e-26,4.462426733921815,2.9917644862200046
TC15002185.hg.1,TC15002185.hg.1,1.4700483341883848,2.4462791405288045e-29,3.2673810736352767e-28,5.562180734402212,4.092132400213827
TC01003173.hg.1,TC01003173.hg.1,1.4659268877653608,2.3676140658886505e-28,2.9357373707539754e-27,5.104119466762746,3.638192578997385
TC16000258.hg.1,TC16000258.hg.1,1.465202048325275,2.9884816994307323e-37,7.063433620380521e-36,7.0895066426469695,5.6243045943216945
TC02003949.hg.1,TC02003949.hg.1,1.4644572446797675,2.11950224187417e-38,5.418127661171587e-37,7.5776987509758,6.113241506296032
TC01006108.hg.1,TC01006108.hg.1,1.4638394945746835,2.6465231987126464e-32,4.429295337436075e-31,5.063521642947218,3.5996821483725343
TC10002200.hg.1,TC10002200.hg.1,1.4629372237343303,6.505602440993432e-28,7.781070140257949e-27,5.066695785744311,3.6037585620099803
TC22001077.hg.1,TC22001077.hg.1,1.4628982045668755,5.342994667135688e-16,2.674246567871374e-15,6.471828262775477,5.008930058208602
TC06002044.hg.1,TC06002044.hg.1,1.4617900173946992,5.762363382843689e-21,4.2008142826369724e-20,4.841879578454333,3.3800895610596338
TC12000787.hg.1,TC12000787.hg.1,1.4614383486981084,6.326763454854182e-10,1.865395038390192e-09,4.8178795556356215,3.356441206937513
TC14001562.hg.1,TC14001562.hg.1,1.4598173633357625,6.888356763487273e-21,4.9964941100851765e-20,7.058832126343602,5.5990147630078395
TC12001227.hg.1,TC12001227.hg.1,1.4593526134995871,4.163816507594669e-40,1.2102740841085835e-38,8.481415742508855,7.022063129009267
TC01003188.hg.1,TC01003188.hg.1,1.4583107974016967,1.8673347085448392e-42,6.487148373564209e-41,5.674442814507898,4.216132017106201
TC12002771.hg.1,TC12002771.hg.1,1.4556632088225405,9.92442833348513e-17,5.248560158591714e-16,4.886111113312918,3.4304479044903773
TC12001829.hg.1,TC12001829.hg.1,1.4550829943096844,2.394987123205596e-28,2.9670703451254567e-27,7.254450121299466,5.7993671269897815
TC12003015.hg.1,TC12003015.hg.1,1.453824386969056,5.028598516640625e-25,4.879660665838163e-24,8.059240541043657,6.605416154074601
TC14001022.hg.1,TC14001022.hg.1,1.4537529151164845,5.535045571937933e-27,6.198416059499689e-26,6.082238245361198,4.628485330244714
TC6_qbl_hap6000043.hg.1,TC6_qbl_hap6000043.hg.1,1.4531720049658103,9.516712270858212e-10,2.7636085695762744e-09,5.678928281991231,4.225756277025421
TC04000320.hg.1,TC04000320.hg.1,1.4519580124027796,3.5694816039550846e-64,6.0840789465842285e-62,7.347595938869874,5.895637926467095
TC02004506.hg.1,TC02004506.hg.1,1.45163422001911,1.1276041183355536e-26,1.2324131954330737e-25,6.734447312796493,5.282813092777383
TC08002099.hg.1,TC08002099.hg.1,1.4516183845187784,1.8615130039335895e-30,2.7060768012348684e-29,6.310500392121537,4.858882007602759
TC06003300.hg.1,TC06003300.hg.1,1.4513180463044897,4.647346724203021e-22,3.658572512160812e-21,4.396837254548729,2.9455192082442396
TC10001411.hg.1,TC10001411.hg.1,1.4509772806897328,2.843794720006688e-34,5.473940993290253e-33,6.679176271542665,5.228198990852932
TC17001083.hg.1,TC17001083.hg.1,1.450527236325093,2.6923605098945955e-31,4.178750900886748e-30,8.297367053383775,6.846839817058682
TC02000952.hg.1,TC02000952.hg.1,1.4461970655437453,1.5587971926757254e-51,9.89783056134488e-50,6.691634346964511,5.245437281420766
TC06002025.hg.1,TC06002025.hg.1,1.4455748157597892,5.4174656123956784e-39,1.4554408329530448e-37,6.900394798534796,5.454819982775007
TC10000022.hg.1,TC10000022.hg.1,1.4448968710429488,5.7325230788153146e-39,1.5371553567519127e-37,7.316891316279346,5.871994445236397
TC04001824.hg.1,TC04001824.hg.1,1.442403142324534,7.631284911415399e-27,8.440550535523367e-26,8.9647549408515,7.522351798526967
TC14000386.hg.1,TC14000386.hg.1,1.439953726949577,1.2216289923785918e-28,1.543257153874057e-27,8.212932879361079,6.7729791524115015
TC07003044.hg.1,TC07003044.hg.1,1.439525584820856,3.235552939876305e-20,2.232673994152903e-19,4.482321016633638,3.0427954318127823
TC07001726.hg.1,TC07001726.hg.1,1.4389896424916264,5.535542905572871e-14,2.344098623783009e-13,5.125264923437219,3.6862752809455923
TC22000237.hg.1,TC22000237.hg.1,1.4387087328631232,6.561083982332681e-16,3.258192378445957e-15,6.468757904281514,5.030049171418391
TC13000150.hg.1,TC13000150.hg.1,1.4386682006702074,1.0605999916539911e-50,6.4340785300145025e-49,6.558192876959112,5.119524676288904
TC02004497.hg.1,TC02004497.hg.1,1.4380146403768448,1.9984764523771535e-30,2.898458727254865e-29,7.279083690626312,5.841069050249467
TC04000416.hg.1,TC04000416.hg.1,1.4374627063083052,2.004131312427411e-19,1.3065528123934559e-18,6.901122586921278,5.463659880612973
TC12001964.hg.1,TC12001964.hg.1,1.4350385174299465,3.705078156350253e-36,8.158981242192371e-35,6.361627920494809,4.926589403064862
TC02002339.hg.1,TC02002339.hg.1,1.4345802256154392,2.073128920206236e-13,8.377053518807888e-13,4.518449281210593,3.083869055595154
TC6_mann_hap4000206.hg.1,TC6_mann_hap4000206.hg.1,1.4335806230565575,1.877776332876974e-59,2.1620486764949616e-57,9.154712512460216,7.721131889403659
TC6_qbl_hap6000233.hg.1,TC6_qbl_hap6000233.hg.1,1.433552173279919,1.892998314354327e-59,2.1751360264611492e-57,9.154669176724916,7.721117003444997
TC05001996.hg.1,TC05001996.hg.1,1.433509190699418,4.186717319259104e-44,1.6312584096544208e-42,7.488850189155108,6.05534099845569
TC11002082.hg.1,TC11002082.hg.1,1.4300439012816577,1.598950622708963e-20,1.1274790180226754e-19,6.698448426109407,5.26840452482775
TC08000597.hg.1,TC08000597.hg.1,1.4300133236862944,2.1847293311797725e-35,4.554991108887672e-34,8.240127035969495,6.810113712283201
TC10000670.hg.1,TC10000670.hg.1,1.4290024046000358,1.1778048899872865e-30,1.7390577409919585e-29,5.931365868011773,4.502363463411737
TC11002293.hg.1,TC11002293.hg.1,1.42887000879852,2.4861555674406807e-22,1.9977770232711624e-21,6.901877038971959,5.473007030173439
TC08000646.hg.1,TC08000646.hg.1,1.4280338360694902,6.731361863526301e-31,1.0138013177160355e-29,5.520328164294724,4.0922943282252335
TC19002544.hg.1,TC19002544.hg.1,1.4267418143551636,3.192116528926174e-36,7.059695426458522e-35,8.37718151083889,6.950439696483726
TC16001171.hg.1,TC16001171.hg.1,1.42166655643714,2.6343794752107138e-33,4.737852127269303e-32,7.333817618447122,5.912151062009982
TC0X000337.hg.1,TC0X000337.hg.1,1.421611124043452,7.063186977762148e-27,7.830435899221553e-26,4.36161499669729,2.9400038726538384
TC08001590.hg.1,TC08001590.hg.1,1.4213985789347285,1.2138369967156118e-31,1.9274487948410184e-30,5.956485382213416,4.535086803278688
TC09001017.hg.1,TC09001017.hg.1,1.419586771074019,9.071797526979192e-24,8.090620816900286e-23,5.143095834984688,3.723509063910669
TC6_ssto_hap7000209.hg.1,TC6_ssto_hap7000209.hg.1,1.4190923644649507,2.190449937936532e-59,2.481542261014122e-57,9.141282448808022,7.7221900843430715
TC06004119.hg.1,TC06004119.hg.1,1.419088596407752,2.1332760670431254e-59,2.4216331821013894e-57,9.141300268420105,7.722211672012353
TC6_mcf_hap5000221.hg.1,TC6_mcf_hap5000221.hg.1,1.4188151698153382,2.131565875857926e-59,2.4216331821013894e-57,9.141036442683003,7.722221272867665
TC02003219.hg.1,TC02003219.hg.1,1.416800915032935,1.1983650919501094e-36,2.7239871779871586e-35,7.279921724013692,5.863120808980757
TC10002273.hg.1,TC10002273.hg.1,1.4163365161062504,5.382910496344919e-62,7.929322307644586e-60,8.539555219479972,7.1232187033737215
TC06003302.hg.1,TC06003302.hg.1,1.4153050495536794,9.500448575449575e-24,8.463545045471564e-23,6.369772045277129,4.9544669957234495
TC06002634.hg.1,TC06002634.hg.1,1.4141622493988537,2.5707309347910218e-33,4.6307630229578504e-32,5.055342846333993,3.641180596935139
TC01003977.hg.1,TC01003977.hg.1,1.4134019350671885,1.859281681374214e-42,6.463151811446112e-41,5.990049556236112,4.576647621168924
TC04001959.hg.1,TC04001959.hg.1,1.4131742383994008,7.009317110594711e-17,3.748356898061919e-16,3.882250042034468,2.469075803635067
TC13000866.hg.1,TC13000866.hg.1,1.4131064247335017,9.104190928386338e-17,4.82835348559598e-16,5.7058793268480175,4.292772902114516
TC03000978.hg.1,TC03000978.hg.1,1.412920317157898,1.1343922421468501e-38,2.96159840432397e-37,5.913912785083769,4.5009924679258715
TC0X000475.hg.1,TC0X000475.hg.1,1.4125962508256782,9.325841565972559e-33,1.6050803217481387e-31,4.9573221251426185,3.5447258743169403
TC12001910.hg.1,TC12001910.hg.1,1.41200694839551,6.2498160782834985e-30,8.729936209571638e-29,5.241964880802257,3.829957932406747
TC15000930.hg.1,TC15000930.hg.1,1.411218402298581,6.069760699179447e-38,1.5052472928628837e-36,5.913867929502193,4.502649527203612
TC02002835.hg.1,TC02002835.hg.1,1.4109528825267161,9.932572846550501e-11,3.1550920266690286e-10,3.9904174328949744,2.5794645503682583
TC19000316.hg.1,TC19000316.hg.1,1.410890227769384,1.1395641235179647e-51,7.372927605577584e-50,8.99759379631298,7.586703568543596
TC02002208.hg.1,TC02002208.hg.1,1.4104697087611813,8.680177308218786e-34,1.6269709082228818e-32,5.7550631513841335,4.344593442622952
TC02000537.hg.1,TC02000537.hg.1,1.4104623892744241,8.694316051020274e-34,1.62907978401349e-32,5.755070468984568,4.344608079710144
TC21000487.hg.1,TC21000487.hg.1,1.40916202967738,8.032319210794795e-23,6.696725066271918e-22,5.864766784963671,4.455604755286291
2985876_st,2985876_st,1.408569099620383,3.5486685339677826e-15,1.659142963034676e-14,5.624237438299405,4.215668338679022
TC11003511.hg.1,TC11003511.hg.1,1.4067450192157533,1.2221273758615806e-11,4.206575699552111e-11,7.288996030144716,5.882251010928963
TC01001430.hg.1,TC01001430.hg.1,1.40598608153904,4.9716375048850216e-29,6.485314329493714e-28,4.719556332192401,3.3135702506533606
TC17001904.hg.1,TC17001904.hg.1,1.404587655344776,1.0036655503119354e-22,8.2978902428925515e-22,5.834156204287517,4.429568548942741
TC12001226.hg.1,TC12001226.hg.1,1.4044551404238463,3.588036252887803e-31,5.497822632140795e-30,5.427974886206692,4.0235197457828455
TC15000449.hg.1,TC15000449.hg.1,1.4040086121772033,4.0047794510796045e-30,5.661279054648187e-29,4.4469606809583855,3.042952068781182
TC09001488.hg.1,TC09001488.hg.1,1.4033020832386924,1.7620276556485593e-54,1.3674013242968421e-52,8.965078871074283,7.561776787835591
TC01001047.hg.1,TC01001047.hg.1,1.4028740852020385,1.7027127964702214e-18,1.0310577498256623e-17,4.074130811265237,2.671256726063198
TC18000651.hg.1,TC18000651.hg.1,1.4020369222740912,7.202935660129398e-23,6.031990857550547e-22,3.879213297303789,2.477176375029698
TC03002705.hg.1,TC03002705.hg.1,1.400570736778071,5.0091524523097896e-29,6.529721882033589e-28,5.16116996937489,3.7605992325968187
TC12000793.hg.1,TC12000793.hg.1,1.3997970690292139,1.1431583173990973e-30,1.6896700537338818e-29,6.966790296042755,5.566993227013541
TC20001393.hg.1,TC20001393.hg.1,1.3992302075615042,7.7224286136165995e-31,1.1587339827739929e-29,5.497995051942591,4.098764844381087
TC10002227.hg.1,TC10002227.hg.1,1.397889289708865,2.9342971748533923e-28,3.612201134865343e-27,4.010880336275745,2.61299104656688
TC19001808.hg.1,TC19001808.hg.1,1.397836895036539,1.178116843080327e-46,5.497683709917775e-45,9.760888660301445,8.363051765264906
TC08001551.hg.1,TC08001551.hg.1,1.3975061543813707,9.031652473382171e-26,9.239306785916143e-25,6.380290738605653,4.982784584224282
TC22001187.hg.1,TC22001187.hg.1,1.3973713321401795,2.131969374339789e-25,2.12586511420117e-24,4.355431464000479,2.9580601318602997
TC04000155.hg.1,TC04000155.hg.1,1.3967168333685755,2.0580384909382158e-29,2.764533704327435e-28,4.888196265537739,3.4914794321691636
TC05000734.hg.1,TC05000734.hg.1,1.3962822593200297,2.1494732634707163e-18,1.2900955593456477e-17,5.326220698973156,3.9299384396531263
TC01001622.hg.1,TC01001622.hg.1,1.3961666052597916,5.356938356229282e-18,3.122832694583009e-17,6.730172437999159,5.334005832739368
TC13000872.hg.1,TC13000872.hg.1,1.3954901929473476,5.4663610864775954e-42,1.8434020309437715e-40,7.988014144598571,6.5925239516512235
TC0X000357.hg.1,TC0X000357.hg.1,1.3942361363339657,7.549590263716852e-21,5.463478495361433e-20,5.824447384255088,4.430211247921123
TC11003510.hg.1,TC11003510.hg.1,1.393746164524475,2.4804933394739246e-13,9.947009256268382e-13,7.8901438029183915,6.496397638393916
TC14001154.hg.1,TC14001154.hg.1,1.392338586564899,5.960578069281842e-35,1.2023020862093063e-33,5.091323078724555,3.698984492159656
TC20000063.hg.1,TC20000063.hg.1,1.3906442306582711,9.71396431826199e-34,1.8141093641433467e-32,6.470627745151025,5.079983514492754
TC03000139.hg.1,TC03000139.hg.1,1.3893872291844476,1.619738491197613e-46,7.496505840556763e-45,8.388519183330327,6.99913195414588
TC12001803.hg.1,TC12001803.hg.1,1.3891754629404778,1.7906801677027227e-23,1.5667896045510578e-22,5.4824199129286,4.093244449988123
TC03000768.hg.1,TC03000768.hg.1,1.3882559718447416,2.745439903337976e-23,2.3709203806294496e-22,7.628534710262415,6.240278738417674
TC08001736.hg.1,TC08001736.hg.1,1.3866964205104706,2.1041867895082874e-33,3.822086615920108e-32,6.6963671350507425,5.309670714540272
TC13001352.hg.1,TC13001352.hg.1,1.3858812012393615,5.971192791644925e-46,2.6631047819685644e-44,6.799215814567945,5.413334613328583
TC06000270.hg.1,TC06000270.hg.1,1.3812982366801672,1.1410109660654885e-48,6.090213498910381e-47,6.53692837566805,5.155630138987883
TC01002186.hg.1,TC01002186.hg.1,1.3796233125445427,4.560326297700292e-39,1.231615553200838e-37,7.959393387978138,6.579770075433595
TC15000614.hg.1,TC15000614.hg.1,1.3796089628190797,4.5704094356224936e-38,1.1449971560344132e-36,6.055169770611904,4.675560807792825
TC15000752.hg.1,TC15000752.hg.1,1.3783371906354516,1.818806617875082e-17,1.0158739903700264e-16,6.294873997477931,4.91653680684248
TC01002337.hg.1,TC01002337.hg.1,1.377187191399118,2.1412631131764683e-17,1.188682301674604e-16,6.337089750795651,4.959902559396533
TC12000779.hg.1,TC12000779.hg.1,1.3765797426824813,3.065500767160745e-21,2.2798500168952664e-20,6.364063539902722,4.987483797220241
TC10002885.hg.1,TC10002885.hg.1,1.3755014471475326,3.2150215128135818e-21,2.3863318472558435e-20,4.4310297495946696,3.055528302447137
TC05000561.hg.1,TC05000561.hg.1,1.3752693098057795,1.9255841304000496e-40,5.754110459158368e-39,7.078004316339397,5.702735006533618
TC12000172.hg.1,TC12000172.hg.1,1.3752588037603903,1.9238860834895152e-40,5.752082938967222e-39,7.077990437758963,5.702731633998573
TC12001190.hg.1,TC12001190.hg.1,1.3752123242319554,1.9286698883687555e-40,5.760280453255079e-39,7.077940714585959,5.702728390354004
TC12000992.hg.1,TC12000992.hg.1,1.3747958438027892,2.6681751373147874e-36,5.935847984898488e-35,6.086952821113315,4.712156977310526
TC08001640.hg.1,TC08001640.hg.1,1.3739799208459638,3.2942477477482963e-43,1.2060666413527799e-41,5.195621078484357,3.821641157638393
TC10002663.hg.1,TC10002663.hg.1,1.3733193725637598,3.1932815661417094e-44,1.2572125568638029e-42,8.719707412478229,7.346388039914469
TC06002630.hg.1,TC06002630.hg.1,1.3731980941023818,3.7744406638481644e-28,4.603251045676302e-27,3.897960121899957,2.5247620277975753
TC06001353.hg.1,TC06001353.hg.1,1.3731945016174105,3.2472718569766765e-34,6.237813538539672e-33,6.47041617065994,5.097221669042529
TC07002426.hg.1,TC07002426.hg.1,1.3723128149125783,8.200706733414207e-40,2.3378851565728282e-38,8.138896075782144,6.766583260869566
TC11001195.hg.1,TC11001195.hg.1,1.3722870085034957,1.5651514512374441e-43,5.855617677447886e-42,7.669517077403473,6.297230068899977
TC17002248.hg.1,TC17002248.hg.1,1.3699404292541582,1.3470029656214805e-36,3.055698163025038e-35,8.573621950399323,7.203681521145165
TC11002123.hg.1,TC11002123.hg.1,1.3698043778833426,2.4367607031975654e-42,8.398116392974969e-41,7.627116207890471,6.257311830007128
TC11002162.hg.1,TC11002162.hg.1,1.3696405387657018,7.066693174531715e-26,7.283315592267635e-25,6.772192735843391,5.402552197077689
TC12000495.hg.1,TC12000495.hg.1,1.3688090325871594,8.611961481138694e-30,1.1908569677521636e-28,7.1667250417342245,5.797916009147065
TC03001651.hg.1,TC03001651.hg.1,1.3683996995906202,5.093942654124793e-18,2.976593026001166e-17,6.195875367801597,4.827475668210977
TC18000538.hg.1,TC18000538.hg.1,1.3681811192199334,4.7983431222826305e-35,9.744885610977012e-34,8.05767089173122,6.689489772511287
TC04000545.hg.1,TC04000545.hg.1,1.3631624916453209,3.102122805861552e-33,5.556049665431653e-32,5.595292619347865,4.232130127702544
TC17001606.hg.1,TC17001606.hg.1,1.3622808014746033,6.4703765799903516e-24,5.820244035234306e-23,4.809562478832644,3.447281677358041
TC01001358.hg.1,TC01001358.hg.1,1.3611266211271489,4.380818106101279e-21,3.2190283395418333e-20,5.0247863568125855,3.6636597356854366
TC04001657.hg.1,TC04001657.hg.1,1.360287720772337,9.246120441257834e-10,2.687519953914912e-09,4.812355229087852,3.452067508315515
TC09002021.hg.1,TC09002021.hg.1,1.359596184516958,2.612669768707011e-16,1.3368547343634334e-15,5.991504276106411,4.631908091589453
TC06003303.hg.1,TC06003303.hg.1,1.3589632600667354,1.1455798469559057e-21,8.786204976285792e-21,5.037935882423589,3.678972622356854
TC08001138.hg.1,TC08001138.hg.1,1.358316718713688,5.132519078998753e-32,8.402973342975963e-31,6.951453586140631,5.593136867426943
TC14000020.hg.1,TC14000020.hg.1,1.358119002660441,2.8601527547290216e-11,9.531252103739039e-11,4.460448463339938,3.1023294606794973
TC14000014.hg.1,TC14000014.hg.1,1.3580966336983264,2.8687126659547232e-11,9.558083693842413e-11,4.460599371284451,3.102502737586125
TC14000860.hg.1,TC14000860.hg.1,1.3580956262026174,2.8753696349799865e-11,9.578001066676559e-11,4.460526025941272,3.1024303997386546
TC02000821.hg.1,TC02000821.hg.1,1.3580616963975665,2.840046605282349e-11,9.469283693447171e-11,4.460496177865849,3.1024344814682827
TC22000445.hg.1,TC22000445.hg.1,1.3580416075508013,2.8459972099174378e-11,9.487442128877452e-11,4.460411446586202,3.102369839035401
TC02000833.hg.1,TC02000833.hg.1,1.3579836343954232,2.8309150511741455e-11,9.441069064086005e-11,4.460375074761305,3.1023914403658814
TC14000863.hg.1,TC14000863.hg.1,1.3579703463992643,2.8735779878308697e-11,9.572598188323218e-11,4.460434437038372,3.1024640906391077
TC14000024.hg.1,TC14000024.hg.1,1.3579610193097453,2.87933130264965e-11,9.589499022012277e-11,4.460445470485797,3.1024844511760516
TC15001030.hg.1,TC15001030.hg.1,1.3579556072675283,2.8723206574469292e-11,9.569539792833404e-11,4.4604053768089855,3.1024497695414572
TC21000020.hg.1,TC21000020.hg.1,1.3578441949354976,2.8601286248807924e-11,9.531252103739039e-11,4.460407081606919,3.102562886671421
TC22000442.hg.1,TC22000442.hg.1,1.357751575098102,2.8476119905374284e-11,9.492264300274188e-11,4.460362559298623,3.1026109842005214
TC14000866.hg.1,TC14000866.hg.1,1.357716557253036,2.850248344517504e-11,9.499929763158773e-11,4.460328239956765,3.102611682703729
TC22000450.hg.1,TC22000450.hg.1,1.357714294910957,2.8768391576258592e-11,9.581764661133226e-11,4.460233601753438,3.102519306842481
TC02002316.hg.1,TC02002316.hg.1,1.3576675911116682,2.886783557550611e-11,9.612616109891423e-11,4.460202262054885,3.102534670943217
TC02002302.hg.1,TC02002302.hg.1,1.3576320367201111,2.863385856669167e-11,9.541462598875498e-11,4.460016121419565,3.1023840846994535
TC02002315.hg.1,TC02002315.hg.1,1.3576244824538715,2.8521484681029304e-11,9.505701339404013e-11,4.460216265537739,3.102591783083868
TC02000835.hg.1,TC02000835.hg.1,1.357602262563999,2.8237487635223074e-11,9.418828695432528e-11,4.460127172281271,3.102524909717272
TC18000390.hg.1,TC18000390.hg.1,1.3575848574874883,2.8734284714167225e-11,9.572598188323218e-11,4.460135085570168,3.1025502280826798
TC02002305.hg.1,TC02002305.hg.1,1.3575783780504342,2.9072895489280554e-11,9.676900399493984e-11,4.460102747853237,3.102524369802803
TC21000186.hg.1,TC21000186.hg.1,1.3575295433059456,2.6609458773982045e-32,4.452112826543651e-31,5.885550224584158,4.528020681278212
TC02002337.hg.1,TC02002337.hg.1,1.357502977300081,2.850027529881142e-11,9.499755003003325e-11,4.459967081006426,3.102464103706345
TC16000400.hg.1,TC16000400.hg.1,1.356542321810406,4.0029796961431555e-27,4.540412313972749e-26,7.247434098360655,5.890891776550249
TC04002624.hg.1,TC04002624.hg.1,1.355729353504655,2.605070764813696e-15,1.2324770013355061e-14,5.484021342100522,4.128291988595867
TC05002434.hg.1,TC05002434.hg.1,1.355155896039098,1.8786930844428017e-25,1.8809601852368054e-24,7.41854669789227,6.063390801853172
TC6_mcf_hap5000037.hg.1,TC6_mcf_hap5000037.hg.1,1.3539677972698518,1.3475354680112107e-09,3.8558226928161734e-09,8.495409753197624,7.141441955927772
TC04000772.hg.1,TC04000772.hg.1,1.35355352029534,7.6115007480201e-21,5.506162959376818e-20,5.673059659520808,4.319506139225468
TC03001695.hg.1,TC03001695.hg.1,1.3514492364347452,2.3241963176678083e-28,2.8831685982889708e-27,4.659056254728877,3.3076070182941315
TC02003640.hg.1,TC02003640.hg.1,1.3485079966202695,4.962455100079863e-43,1.786673847072787e-41,6.857399350267216,5.508891353646947
TC19001806.hg.1,TC19001806.hg.1,1.347881322793386,2.0314736154406053e-40,6.054499653245011e-39,7.240352352729237,5.892471029935851
TC19001836.hg.1,TC19001836.hg.1,1.3472876348105425,2.695103587333022e-40,7.952528984840713e-39,7.284215080165734,5.936927445355192
TC01003638.hg.1,TC01003638.hg.1,1.3472135423503815,2.8527001706072323e-13,1.1385373388887864e-12,6.167933874376991,4.820720332026609
TC07000111.hg.1,TC07000111.hg.1,1.3471003073737862,4.1039699702295195e-21,3.0215030377190266e-20,8.504868988770793,7.157768681397007
TC01003817.hg.1,TC01003817.hg.1,1.3452029671373982,8.880479095068017e-44,3.399042534501678e-42,6.96354013511079,5.618337167973392
TC06000633.hg.1,TC06000633.hg.1,1.3450196742328666,1.0583300557221584e-36,2.413454530466157e-35,8.025053034888606,6.680033360655739
TC05001657.hg.1,TC05001657.hg.1,1.3429159363961078,2.0984714062299252e-28,2.607743607856386e-27,6.3381968588242374,4.99528092242813
TC02000838.hg.1,TC02000838.hg.1,1.341477125018602,6.459101521021824e-11,2.0860357754479896e-10,4.2331170317660485,2.8916399067474465
TC08000506.hg.1,TC08000506.hg.1,1.34096792221143,2.4725629440202595e-29,3.3009241877836016e-28,5.98236578334234,4.64139786113091
TC01001607.hg.1,TC01001607.hg.1,1.340352607860186,7.906107630047347e-20,5.307553311185283e-19,5.048105770131509,3.7077531622713233
TC11000956.hg.1,TC11000956.hg.1,1.3399555148178024,4.2850198872178146e-16,2.1619768556345434e-15,7.531587636461898,6.191632121644096
TC06001343.hg.1,TC06001343.hg.1,1.3395108836180416,1.0110801439327458e-37,2.460876598809217e-36,6.130692221821893,4.7911813382038515
TC02002819.hg.1,TC02002819.hg.1,1.3389724863126906,5.737444359983645e-32,9.371602081689556e-31,5.658406828199123,4.319434341886432
TC0X001181.hg.1,TC0X001181.hg.1,1.3386343508285492,2.0937002907023158e-15,9.982454407237662e-15,4.01315317240137,2.6745188215728204
TC10002568.hg.1,TC10002568.hg.1,1.3368868170443253,3.2656880781336018e-12,1.1799896886905441e-11,6.1666113210832885,4.829724504038963
TC15000635.hg.1,TC15000635.hg.1,1.3365672683339476,7.178537393815193e-23,6.0142370460983895e-22,5.9880810910947,4.651513822760752
TC16001050.hg.1,TC16001050.hg.1,1.3364756115688792,5.357203843037688e-28,6.452662818456453e-27,8.631064788926922,7.294589177358043
TC21000944.hg.1,TC21000944.hg.1,1.333048288113643,1.0349464172402712e-30,1.5349528645599794e-29,7.167630211373328,5.834581923259685
TC6_apd_hap1000030.hg.1,TC6_apd_hap1000030.hg.1,1.329196017534378,1.877777405445755e-45,7.99550533286329e-44,7.009329624091754,5.680133606557376
TC11002894.hg.1,TC11002894.hg.1,1.3267973160274051,4.885276936987941e-22,3.8408243343225426e-21,8.822833347745153,7.496036031717748
TC17000328.hg.1,TC17000328.hg.1,1.3260280036238399,4.88230560342163e-36,1.0663953446916049e-34,6.194120868912508,4.868092865288668
TC01001461.hg.1,TC01001461.hg.1,1.3255217184852457,4.621120664201244e-56,3.968255489085324e-54,7.462388100642528,6.136866382157282
TC15002216.hg.1,TC15002216.hg.1,1.3246783759552372,6.395398066474025e-34,1.20553146713776e-32,6.409910369302827,5.08523199334759
TC15000226.hg.1,TC15000226.hg.1,1.3240304285557674,2.828877567868444e-15,1.3329101595252324e-14,7.494637186693089,6.170606758137322
TC02002217.hg.1,TC02002217.hg.1,1.3215672145311315,1.0244608354605777e-29,1.4083340988064053e-28,4.771420731399748,3.4498535168686164
TC06002880.hg.1,TC06002880.hg.1,1.3210479930042638,3.0432869878798224e-30,4.3467383615747803e-29,7.4871507115834985,6.166102718579235
TC06001313.hg.1,TC06001313.hg.1,1.3203831466324143,2.6471155229859323e-26,2.8109347558031304e-25,8.314317741548072,6.9939345949156575
TC03001629.hg.1,TC03001629.hg.1,1.3200984365527537,4.481130500287854e-35,9.12036149225253e-34,8.633783649192337,7.313685212639583
TC07001168.hg.1,TC07001168.hg.1,1.319005217495734,6.2354354685826554e-12,2.2035126731380913e-11,6.946789026001318,5.627783808505584
TC14001141.hg.1,TC14001141.hg.1,1.3144612810134761,9.325032842905465e-30,1.2863073421296834e-28,9.090741241217799,7.776279960204323
TC18000047.hg.1,TC18000047.hg.1,1.314205671859619,4.892478780831852e-24,4.431982463984769e-23,8.522623832943012,7.208418161083393
TC07002985.hg.1,TC07002985.hg.1,1.3122282091423658,2.0764932229873782e-22,1.6781491857112435e-21,8.478679831261635,7.166451622119269
TC14000323.hg.1,TC14000323.hg.1,1.3116802568410462,1.803223421866997e-45,7.689664324632822e-44,9.10110051462199,7.789420257780944
TC17002670.hg.1,TC17002670.hg.1,1.3108294971528887,3.0273616935571953e-35,6.231218242506743e-34,7.916964339158112,6.606134842005224
TC18000208.hg.1,TC18000208.hg.1,1.310805803530636,1.6371032569257455e-39,4.558839661857686e-38,6.924016438479554,5.613210634948918
TC07000537.hg.1,TC07000537.hg.1,1.3094289942535484,3.574715799620636e-20,2.457693346124751e-19,6.97597736203687,5.666548367783322
TC03000910.hg.1,TC03000910.hg.1,1.308511125844933,1.2028818955848652e-27,1.4123660933424958e-26,5.645047020356692,4.336535894511759
TC03003258.hg.1,TC03003258.hg.1,1.3081950888859293,1.6735899044411063e-16,8.705568433409398e-16,5.366377303188614,4.058182214302684
TC11002175.hg.1,TC11002175.hg.1,1.3072267371788353,1.4763753828569947e-26,1.5990429324251474e-25,8.293991131928184,6.986764394749349
TC09000207.hg.1,TC09000207.hg.1,1.3072227573044688,1.74025585439385e-26,1.8725136819931174e-25,4.881207770371704,3.5739850130672353
TC12000189.hg.1,TC12000189.hg.1,1.307112418607172,4.065956476717205e-19,2.591427163391677e-18,8.003360763225844,6.696248344618672
TC04002067.hg.1,TC04002067.hg.1,1.306833859606182,3.15803608790942e-11,1.0481826097639348e-10,3.8716661766648657,2.5648323170586838
TC17000705.hg.1,TC17000705.hg.1,1.306368822297328,1.0085093857846766e-35,2.152784053242523e-34,6.755104001080886,5.448735178783558
TC04001600.hg.1,TC04001600.hg.1,1.3057064470692055,1.558796115135351e-26,1.6847540081169779e-25,5.429253348946134,4.123546901876929
TC02004804.hg.1,TC02004804.hg.1,1.3054565962262998,3.521570239602927e-45,1.4826861923725217e-43,6.083841115114398,4.778384518888098
TC01001583.hg.1,TC01001583.hg.1,1.304540816043069,1.2223096581410762e-34,2.4162672141907232e-33,8.153132343721854,6.848591527678785
TC17002645.hg.1,TC17002645.hg.1,1.3041789907158643,3.180612643421325e-30,4.533698941802534e-29,5.277761845313157,3.973582854597293
TC06003304.hg.1,TC06003304.hg.1,1.3035940080975088,9.713915955610742e-22,7.49507262559692e-21,4.710351859724974,3.4067578516274653
TC16001088.hg.1,TC16001088.hg.1,1.3032366686965915,7.745351552048703e-26,7.958063082562078e-25,5.361861498228547,4.058624829531955
TC05002656.hg.1,TC05002656.hg.1,1.302365768689019,2.8397928849573207e-21,2.1178510903307614e-20,8.424535582777876,7.122169814088857
TC20001661.hg.1,TC20001661.hg.1,1.3022081754691008,3.1316525557643553e-28,3.849271762333625e-27,6.4593004491683175,5.157092273699217
TC16000455.hg.1,TC16000455.hg.1,1.3015827593278662,8.351491408689029e-22,6.4739549642129385e-21,6.988633748874075,5.687050989546209
TC09000316.hg.1,TC09000316.hg.1,1.3011998520177865,1.207767835257039e-20,8.597002993884889e-20,4.585796658860267,3.2845968068424805
TC12000264.hg.1,TC12000264.hg.1,1.298172890992353,3.4713323758311003e-22,2.7560600897782014e-21,6.696298539602472,5.398125648610119
TC08002101.hg.1,TC08002101.hg.1,1.2976478299379384,3.807036240465457e-29,5.020695900294066e-28,5.7726448898096425,4.474997059871704
TC06003649.hg.1,TC06003649.hg.1,1.2970937183338132,4.692637992083132e-38,1.1730139576311304e-36,6.930458480153722,5.633364761819909
TC06000945.hg.1,TC06000945.hg.1,1.2967929418645028,9.753657767711657e-24,8.680893893969968e-23,5.54501923076923,4.2482262889047275
TC01003208.hg.1,TC01003208.hg.1,1.2966368839404803,3.107985256267565e-39,8.47083633758954e-38,7.348451847114631,6.0518149631741505
TC11002211.hg.1,TC11002211.hg.1,1.2963288533923913,6.983708474045506e-32,1.1325290735518808e-30,6.720844894613582,5.424516041221191
TC04000408.hg.1,TC04000408.hg.1,1.296189044727548,3.3588353017517565e-12,1.2120164378268665e-11,6.994954956464302,5.698765911736754
TC21000738.hg.1,TC21000738.hg.1,1.2955658485283976,6.36981074711707e-23,5.354171375608624e-22,5.41655025040533,4.120984401876933
TC02000412.hg.1,TC02000412.hg.1,1.2949797228074829,7.817127814144609e-22,6.0723453309355945e-21,6.120951711403349,4.8259719885958665
TC21000424.hg.1,TC21000424.hg.1,1.2944423893527475,4.6568817205827125e-30,6.553553327808319e-29,7.134873973458236,5.840431584105488
TC12000679.hg.1,TC12000679.hg.1,1.2920017195883222,1.6853652334036654e-37,4.042726859615986e-36,5.363642573710441,4.071640854122119
TC09002163.hg.1,TC09002163.hg.1,1.2905223675718407,1.0553545767485675e-29,1.4493912977361412e-28,8.098754811145136,6.808232443573296
TC07000640.hg.1,TC07000640.hg.1,1.2899829631689297,3.1762393643736264e-11,1.0539764290038305e-10,5.346786928481355,4.056803965312425
TC02000407.hg.1,TC02000407.hg.1,1.2899709916936253,5.524731049590769e-23,4.662592017289634e-22,9.021198339638504,7.731227347944879
TC10001732.hg.1,TC10001732.hg.1,1.289964203459884,8.381097290856616e-55,6.617947939151011e-53,7.250695133609564,5.96073093014968
TC06000172.hg.1,TC06000172.hg.1,1.2894348768272579,3.5613057836634043e-40,1.0437493491050489e-38,7.549130198162494,6.259695321335236
TC17002249.hg.1,TC17002249.hg.1,1.2890244825517803,1.2058901752344154e-31,1.915369141508312e-30,5.699919826457697,4.410895343905917
TC02002098.hg.1,TC02002098.hg.1,1.2888281688179957,5.600561694892183e-39,1.5024844969207188e-37,9.141873771692785,7.853045602874789
TC01005883.hg.1,TC01005883.hg.1,1.2883905065545047,1.2993941104753338e-42,4.561867885799464e-41,9.35164572869753,8.063255222143026
TC05000500.hg.1,TC05000500.hg.1,1.2877365430239731,2.8932624915519886e-14,1.254762727714506e-13,5.329322012850536,4.041585469826563
TC03003122.hg.1,TC03003122.hg.1,1.2874676050796428,3.849201007086181e-41,1.2186544467889348e-39,6.230281743829941,4.942814138750299
TC02002612.hg.1,TC02002612.hg.1,1.286996870083465,1.8664816216018335e-28,2.3266274884563024e-27,7.360837840028821,6.073840969945356
TC02002376.hg.1,TC02002376.hg.1,1.2855507297679756,4.484047860139873e-42,1.5184934704283995e-40,6.499726865429654,5.2141761356616785
TC02002120.hg.1,TC02002120.hg.1,1.2846350573861907,1.2604077898614982e-45,5.478404213282435e-44,8.607378066414462,7.3227430090282715
TC11003088.hg.1,TC11003088.hg.1,1.2835026157057485,4.344829972551242e-13,1.7055845908112718e-12,4.13660769410917,2.8531050784034213
3706874_st,3706874_st,1.2811595215707277,1.813611055257008e-19,1.1853603859533119e-18,6.1409170774034685,4.859757555832741
TC02004385.hg.1,TC02004385.hg.1,1.2810193045645235,3.583053204528261e-55,2.9128054134448913e-53,8.772638369663124,7.4916190650986
TC17001157.hg.1,TC17001157.hg.1,1.2800091669995544,4.71777535629803e-27,5.315906731608194e-26,7.809331506034952,6.529322339035398
TC11002496.hg.1,TC11002496.hg.1,1.279771270942173,6.79011458720041e-12,2.392783790010448e-11,7.451510587882065,6.171739316939892
TC03001255.hg.1,TC03001255.hg.1,1.2790213686657852,2.6091723081468133e-28,3.222510579707244e-27,6.438803622170179,5.159782253504394
TC06000087.hg.1,TC06000087.hg.1,1.278111080070441,2.1217564171426363e-18,1.2744091721745263e-17,6.4204848856061965,5.1423738055357555
TC22000301.hg.1,TC22000301.hg.1,1.277903270333847,6.530104912930052e-31,9.848047553533487e-30,6.709153493664805,5.431250223330958
TC02002312.hg.1,TC02002312.hg.1,1.2778822065485036,2.532928121743389e-10,7.746665515938555e-10,4.682839887707922,3.404957681159418
TC02000836.hg.1,TC02000836.hg.1,1.2778623004798724,2.5312063605702385e-10,7.742239113616249e-10,4.682825469284813,3.4049631688049407
TC02000839.hg.1,TC02000839.hg.1,1.2778381203021265,2.532250081987058e-10,7.745011662449628e-10,4.682816630637123,3.4049785103349963
TC10001317.hg.1,TC10001317.hg.1,1.2771977314637146,1.3206424571612515e-44,5.36414731088002e-43,8.38106358974359,7.1038658582798755
TC18000436.hg.1,TC18000436.hg.1,1.2762880036434234,6.112826064604095e-23,5.14429327137282e-22,7.252796389839668,5.976508386196245
TC02002210.hg.1,TC02002210.hg.1,1.2762167902114516,1.451740365339806e-24,1.3673503828337424e-23,6.926170163934425,5.6499533737229735
TC10002480.hg.1,TC10002480.hg.1,1.275708191467002,5.398268174818854e-34,1.022105298539663e-32,4.507515254308531,3.231807062841529
TC07002047.hg.1,TC07002047.hg.1,1.2756997489876474,2.9984724506218473e-29,3.9766765096187914e-28,5.4186539013991455,4.142954152411498
TC06001971.hg.1,TC06001971.hg.1,1.2752327134815697,8.989215509418635e-48,4.496042203992735e-46,11.743271716807778,10.468039003326208
TC04000196.hg.1,TC04000196.hg.1,1.2738812936890858,7.049446897720936e-21,5.109399988124611e-20,6.09019448387678,4.816313190187694
TC12001494.hg.1,TC12001494.hg.1,1.2735356971520977,1.4714063636581298e-25,1.4821246960340004e-24,4.717553974058727,3.444018276906629
TC05001184.hg.1,TC05001184.hg.1,1.2726558621961326,5.896700723544555e-38,1.4642608337189117e-36,7.9905799231369725,6.71792406094084
TC05001393.hg.1,TC05001393.hg.1,1.2726379427717696,1.5475587644139086e-24,1.4529900211466782e-23,5.682869806040953,4.410231863269184
TC01002289.hg.1,TC01002289.hg.1,1.2715337027144837,2.3824524698088173e-50,1.405995851900354e-48,8.682832343721852,7.4112986410073685
TC06002633.hg.1,TC06002633.hg.1,1.2704792323357323,3.7762900225509605e-31,5.773732533666127e-30,5.185497680898337,3.9150184485626043
TC07002248.hg.1,TC07002248.hg.1,1.269341460691245,1.0664163162733941e-08,2.812766513862195e-08,5.45434689725575,4.185005436564505
TC0X001828.hg.1,TC0X001828.hg.1,1.2689041751388306,4.5405686649062e-37,1.0620638596048012e-35,6.688596407854441,5.419692232715611
TC07001605.hg.1,TC07001605.hg.1,1.2677672311752168,4.6095065171996976e-18,2.7016324401347654e-17,6.270207180688164,5.002439949512947
TC12001489.hg.1,TC12001489.hg.1,1.2672353900067632,4.1256839698996554e-33,7.321888588040225e-32,6.078465334174024,4.811229944167261
TC19002567.hg.1,TC19002567.hg.1,1.2669711071970289,4.338118355340712e-35,8.838857398758118e-34,6.179931424968472,4.912960317771443
TC12000276.hg.1,TC12000276.hg.1,1.2668793449215325,4.375339972673357e-25,4.258936000315484e-24,5.864951098901099,4.598071753979567
TC12000082.hg.1,TC12000082.hg.1,1.266645635157781,7.995500395233698e-35,1.5973446929826302e-33,7.36342329790428,6.096777662746499
TC06003310.hg.1,TC06003310.hg.1,1.2633551171678175,6.474694164309836e-17,3.4736524853749747e-16,4.415687883264277,3.1523327660964595
TC17000604.hg.1,TC17000604.hg.1,1.2617850720199257,7.2781880760819676e-37,1.6794307356907667e-35,8.600203183210231,7.338418111190306
TC20000822.hg.1,TC20000822.hg.1,1.2610798047159557,4.683303841718497e-37,1.0936367389986513e-35,5.966330558457936,4.70525075374198
TC10002146.hg.1,TC10002146.hg.1,1.2601429315973869,1.0410581771390411e-35,2.2172299070528664e-34,6.593020089473368,5.3328771578759815
TC02000589.hg.1,TC02000589.hg.1,1.259396699811238,9.334206900861289e-45,3.8216058413119894e-43,8.929203431814086,7.669806732002848
TC11001124.hg.1,TC11001124.hg.1,1.2588645129092813,1.0991983066830477e-20,7.847958753030144e-20,6.18665628055005,4.927791767640769
TC02004411.hg.1,TC02004411.hg.1,1.2564397884504404,1.4992611138600736e-40,4.530547055262862e-39,9.017467368041792,7.761027579591352
TC0X000969.hg.1,TC0X000969.hg.1,1.256296436828194,1.5574579231714317e-34,3.0531153964380067e-33,7.565761532456611,6.3094650956284175
TC10002734.hg.1,TC10002734.hg.1,1.255404937509625,1.066024842979026e-32,1.8291663500970405e-31,7.0313556716507515,5.7759507341411265
TC02002428.hg.1,TC02002428.hg.1,1.2553265757638679,3.8461675292904263e-13,1.5186022791483468e-12,6.010875735302952,4.755549159539084
TC05002011.hg.1,TC05002011.hg.1,1.2551846059986547,7.890202582659709e-16,3.897639867861794e-15,4.896219653515882,3.641035047517227
TC06000265.hg.1,TC06000265.hg.1,1.255115603070605,8.859897393886414e-32,1.42450182721084e-30,4.670368050801658,3.415252447731053
TCUn_gl000213000001.hg.1,TCUn_gl000213000001.hg.1,1.2548962870249252,1.232341576748655e-09,3.5387716738945193e-09,4.379561958205728,3.1246656711808027
TC18000391.hg.1,TC18000391.hg.1,1.2548271956090975,1.2363377427078321e-09,3.5497049754753424e-09,4.379542378550413,3.1247151829413156
TC15001029.hg.1,TC15001029.hg.1,1.254710910444388,1.2394112446496748e-09,3.5581672908938196e-09,4.379434143397583,3.1247232329531953
TC17001604.hg.1,TC17001604.hg.1,1.252951922496011,3.2249722228540316e-34,6.199198734888543e-33,5.197506268540202,3.944554346044191
TC04000083.hg.1,TC04000083.hg.1,1.2521188527984268,2.8078045467231725e-20,1.945599569111127e-19,6.359608337236536,5.107489484438109
TC02001139.hg.1,TC02001139.hg.1,1.251115265854959,4.798643953846682e-37,1.1201071352425407e-35,6.330805059748995,5.079689793894036
TC19001721.hg.1,TC19001721.hg.1,1.250731800883245,1.0075631684091923e-34,2.0022789304441638e-33,8.008568358854264,6.757836557971019
TC06001604.hg.1,TC06001604.hg.1,1.2499761989548812,6.896012250489517e-23,5.780969080952713e-22,6.603632325707081,5.3536561267522
TC19001804.hg.1,TC19001804.hg.1,1.2499667709630602,2.3369446205135973e-35,4.859776690016075e-34,6.393851507836426,5.143884736873366
TC01001212.hg.1,TC01001212.hg.1,1.248849982102712,4.402330486947056e-40,1.2782845157621152e-38,6.446002888968951,5.197152906866239
TC09000347.hg.1,TC09000347.hg.1,1.2481804787882584,8.113240792590772e-20,5.444015450004593e-19,6.446745032126343,5.198564553338085
TC07001747.hg.1,TC07001747.hg.1,1.2481732284429823,3.6667117342722414e-36,8.077647115352258e-35,7.829587727136254,6.581414498693272
TC13000539.hg.1,TC13000539.hg.1,1.2478149197167765,4.266466530590087e-29,5.5926001097312155e-28,7.990886766948897,6.7430718472321205
TC18000755.hg.1,TC18000755.hg.1,1.2460621847219069,4.2208572775523525e-29,5.535386468734278e-28,5.1544260763826335,3.9083638916607266
TC08000729.hg.1,TC08000729.hg.1,1.2457271297507377,9.340725219505435e-21,6.714895966285138e-20,7.524138396084785,6.2784112663340474
TC01004863.hg.1,TC01004863.hg.1,1.245610824384693,3.1294112597000974e-27,3.570376631946615e-26,6.065213493664807,4.819602669280114
TC04000768.hg.1,TC04000768.hg.1,1.2449761155908723,3.3573752367268824e-31,5.161209703151424e-30,4.861697060589684,3.6167209449988116
TC17000355.hg.1,TC17000355.hg.1,1.2447366628287355,4.951331296194754e-30,6.959247859210652e-29,4.86926686002522,3.624530197196484
TC10000420.hg.1,TC10000420.hg.1,1.2444025773003435,2.5828116035767293e-39,7.080518224032648e-38,7.168144707259954,5.92374212995961
TC10002567.hg.1,TC10002567.hg.1,1.2437885349421323,3.5762712042542067e-13,1.4158028826160538e-12,4.974697291178767,3.730908756236635
TC05001714.hg.1,TC05001714.hg.1,1.2435120810912768,1.0219115548087743e-23,9.085125448975958e-23,6.016260695370204,4.772748614278927
3213015_st,3213015_st,1.242925199722463,5.769293537599458e-24,5.204541138539913e-23,7.10684400288236,5.863918803159897
TC17001603.hg.1,TC17001603.hg.1,1.2422219144285247,2.2011779727541914e-35,4.585895822261668e-34,7.868483449828859,6.626261535400334
TC06001729.hg.1,TC06001729.hg.1,1.2421909317292368,6.50884984739071e-39,1.7337879635981542e-37,5.918897631657961,4.676706699928724
TC08002450.hg.1,TC08002450.hg.1,1.24216380024229,3.731916076427552e-41,1.1821855204934848e-39,7.500239185131812,6.258075384889522
TC14001926.hg.1,TC14001926.hg.1,1.2420517080614797,3.15549150412959e-22,2.5162758965368655e-21,7.149731895754519,5.907680187693039
TC06000747.hg.1,TC06000747.hg.1,1.2419057012250017,4.564912975812951e-30,6.428938099585998e-29,8.126242436197678,6.884336734972677
TC09001515.hg.1,TC09001515.hg.1,1.2412717497173773,9.2830093238112e-30,1.2808237222567382e-28,5.300098952140755,4.058827202423378
TC19001656.hg.1,TC19001656.hg.1,1.24061121511596,7.268622386373528e-32,1.1760284995538334e-30,6.645982227826814,5.405371012710854
TC07001452.hg.1,TC07001452.hg.1,1.2376956543931232,9.724440502031816e-22,7.502167157714085e-21,6.728893810724795,5.491198156331672
TC06004064.hg.1,TC06004064.hg.1,1.2372710457118306,2.1053503609625103e-25,2.1004360152923592e-24,5.596643965051341,4.359372919339511
TC01000988.hg.1,TC01000988.hg.1,1.2366607325746255,2.0713348946034805e-35,4.326566904248025e-34,3.8129778886687085,2.576317156094083
TC04002255.hg.1,TC04002255.hg.1,1.2365035498369537,9.387639587516814e-27,1.0320184143579961e-25,6.12026357953522,4.883760029698267
TC04002890.hg.1,TC04002890.hg.1,1.236377970218184,1.1760468049621588e-24,1.1153170052505475e-23,8.617272549690746,7.380894579472562
TC07000110.hg.1,TC07000110.hg.1,1.2350346184001317,8.816033559509445e-36,1.8900659921107758e-34,6.697225821773855,5.462191203373723
TC02000822.hg.1,TC02000822.hg.1,1.2341039952978838,4.906272617104387e-10,1.4610418801151475e-09,4.640931173962651,3.406827178664767
TC02000819.hg.1,TC02000819.hg.1,1.2340706224495395,4.910216514957596e-10,1.4619483631900241e-09,4.640912456614425,3.406841834164885
TC02002336.hg.1,TC02002336.hg.1,1.2340602654045894,4.898562600851703e-10,1.4589405311452853e-09,4.640905728697533,3.4068454632929432
TC02002335.hg.1,TC02002335.hg.1,1.234011748894961,4.888547815949136e-10,1.4561884407614487e-09,4.640852045877618,3.406840296982657
TC02002333.hg.1,TC02002333.hg.1,1.2340045667773665,4.915923773649123e-10,1.4633387192620493e-09,4.6408704713865365,3.40686590460917
TC02000823.hg.1,TC02000823.hg.1,1.2339404555191793,4.90046040949898e-10,1.4594287129598475e-09,4.6408196126824,3.406879157163221
TC02001103.hg.1,TC02001103.hg.1,1.2319651489547514,2.2254697220155708e-24,2.067795632026918e-23,4.518077146460097,3.286111997505346
TC07001195.hg.1,TC07001195.hg.1,1.2316836197420988,1.0559610362430317e-18,6.506685205631211e-18,4.913121267639463,3.681437647897364
TC04002303.hg.1,TC04002303.hg.1,1.2316612124137434,5.411729812901543e-14,2.294078988536173e-13,4.994797170479792,3.763135958066049
TC07002957.hg.1,TC07002957.hg.1,1.2316064596338583,8.941215746041307e-48,4.476002750311965e-46,7.392438439320244,6.160831979686385
TC21000946.hg.1,TC21000946.hg.1,1.2313927193363758,8.014386550096034e-16,3.9551754757113196e-15,6.5431634029904515,5.311770683654076
TC08001486.hg.1,TC08001486.hg.1,1.2308315683882487,6.732251183954693e-41,2.0903695503376765e-39,7.550665493904999,6.31983392551675
TC02001089.hg.1,TC02001089.hg.1,1.2305238619885674,2.4112189597659908e-36,5.387570347409016e-35,7.462933554314535,6.232409692325968
TC04001038.hg.1,TC04001038.hg.1,1.2295854410420874,2.2831380268248924e-26,2.4345129691439575e-25,5.522305056746532,4.292719615704445
TC16000193.hg.1,TC16000193.hg.1,1.227583231660831,5.921065111244694e-49,3.2089784000595883e-47,7.355255618807421,6.12767238714659
TC09001343.hg.1,TC09001343.hg.1,1.2269758212843231,1.4771769955129373e-10,4.621236094757064e-10,4.317585722092115,3.090609900807792
TC02000057.hg.1,TC02000057.hg.1,1.2262661341082328,1.435944713646156e-34,2.8257108076208173e-33,6.432388764186636,5.206122630078403
TC10001160.hg.1,TC10001160.hg.1,1.2257325256188327,5.574629175111626e-60,6.749129373421624e-58,9.342451755839788,8.116719230220955
TC02004410.hg.1,TC02004410.hg.1,1.225582259783458,5.120634574903258e-31,7.770197994806133e-30,8.827701998438723,7.602119738655265
TC20001675.hg.1,TC20001675.hg.1,1.2255759597174034,2.405630298357896e-34,4.6559468326845895e-33,6.096144687443704,4.870568727726301
TC10002678.hg.1,TC10002678.hg.1,1.225315198945741,2.5401893842693156e-35,5.257241551053054e-34,5.119200980604092,3.8938857816583514
TC08001990.hg.1,TC08001990.hg.1,1.2238877021113854,2.188623886991725e-22,1.764472455791643e-21,3.519427938509578,2.2955402363981925
TC17000399.hg.1,TC17000399.hg.1,1.2226538656502681,3.2572112072501705e-44,1.280594717007945e-42,9.035933508677116,7.813279643026848
TC01006056.hg.1,TC01006056.hg.1,1.2202717440061743,1.0165655313953476e-16,5.373111687302111e-16,3.9933214321743855,2.773049688168211
TC10000362.hg.1,TC10000362.hg.1,1.2199305300520358,1.1137568856820156e-11,3.8476477849738514e-11,7.126956251125925,5.9070257210738895
TC16001658.hg.1,TC16001658.hg.1,1.2196498955926502,1.3880959972374674e-31,2.1936582625250262e-30,6.1107036732120354,4.891053777619385
TC11001296.hg.1,TC11001296.hg.1,1.2194492051373391,5.058490355245408e-22,3.9720237837471874e-21,5.689597583018072,4.470148377880733
TC05001955.hg.1,TC05001955.hg.1,1.217912451523297,8.767965849340013e-38,2.1488753140228708e-36,9.365070348886087,8.14715789736279
PSR07002501.hg.1,PSR07002501.hg.1,1.2177265865009295,1.1625900622904376e-42,4.0943199834146013e-41,7.136491422566504,5.9187648360655745
TC16001271.hg.1,TC16001271.hg.1,1.2152798082928005,6.217145201888309e-29,8.039397157921949e-28,5.832857663484057,4.617577855191256
TC21000762.hg.1,TC21000762.hg.1,1.2141498488978364,4.0281747254201004e-48,2.077345170555313e-46,9.984189104065331,8.770039255167495
TC06000009.hg.1,TC06000009.hg.1,1.2141050121142811,4.31777806066636e-28,5.237591972192533e-27,6.960650841289856,5.746545829175575
TC01002962.hg.1,TC01002962.hg.1,1.2138865447536542,3.7068348265950603e-22,2.9364252632243765e-21,6.163902390560259,4.950015845806605
TC21000425.hg.1,TC21000425.hg.1,1.2134732676381565,1.7453915532934843e-15,8.377701263715483e-15,6.6308095844592545,5.417336316821098
TC01002477.hg.1,TC01002477.hg.1,1.2116465404914658,6.590795615758984e-38,1.6315906408507695e-36,8.068303036690088,6.856656496198622
TC15000732.hg.1,TC15000732.hg.1,1.2098331912385558,4.6829747726814574e-27,5.27793642027363e-26,4.336528074821353,3.1266948835827972
TC11002499.hg.1,TC11002499.hg.1,1.209635196002023,3.193133613081447e-12,1.1547350309776878e-11,7.375420163333932,6.165784967331909
TC05001408.hg.1,TC05001408.hg.1,1.2087385441453287,6.767091768359348e-33,1.1783511832941287e-31,4.428596116015132,3.2198575718698037
TC04002813.hg.1,TC04002813.hg.1,1.2086172150141365,7.146527438590672e-29,9.201113305121145e-28,8.390173125562962,7.181555910548825
TC04000729.hg.1,TC04000729.hg.1,1.2085015176792773,2.7987604908237518e-27,3.2067520181010244e-26,6.213842522668587,5.00534100498931
TC01001736.hg.1,TC01001736.hg.1,1.2082627981575325,1.905848929593579e-25,1.90747179190723e-24,7.826282512460217,6.618019714302685
3213027_st,3213027_st,1.2076193433550308,7.021118784194132e-42,2.3508455760632913e-40,9.252220353690026,8.044601010334995
TC01006147.hg.1,TC01006147.hg.1,1.2071399053375953,5.593751569056772e-33,9.831410468007632e-32,4.8296275205668655,3.62248761522927
TC0X000341.hg.1,TC0X000341.hg.1,1.2070206083706028,1.1932703427809646e-39,3.357702054813789e-38,5.853106243319523,4.64608563494892
TC02000841.hg.1,TC02000841.hg.1,1.2055156612400433,2.35040291634638e-10,7.213852232315855e-10,4.624165806761544,3.418650145521501
TC11000790.hg.1,TC11000790.hg.1,1.2040167165662803,1.2516232981739467e-28,1.5793800768592648e-27,7.412222459616886,6.2082057430506055
TC15000725.hg.1,TC15000725.hg.1,1.2033190418360444,1.8422948720665167e-30,2.679520291112368e-29,6.327795127604636,5.124476085768592
TC06001386.hg.1,TC06001386.hg.1,1.2032002688052055,1.9223126740208343e-38,4.92520601466428e-37,5.870300795652436,4.66710052684723
TC02004970.hg.1,TC02004970.hg.1,1.2031223036193994,9.043055727722771e-27,9.956891452901313e-26,7.9807022062090915,6.777579902589692
TC09002619.hg.1,TC09002619.hg.1,1.2014567453376994,1.379950942432486e-15,6.678167118730142e-15,5.019294560139316,3.8178378148016163
TC10000476.hg.1,TC10000476.hg.1,1.2013622375587136,7.480247652266775e-41,2.3124417098388325e-39,8.21461416141236,7.013251923853646
TC22000444.hg.1,TC22000444.hg.1,1.2009720299254072,3.5263286112920227e-10,1.0650913196202866e-09,4.029805168438118,2.828833138512711
TC02000859.hg.1,TC02000859.hg.1,1.2009665602816026,3.514817680384921e-10,1.0617282427154065e-09,4.0297890650333255,2.828822504751723
TC08001639.hg.1,TC08001639.hg.1,1.2005875003655193,3.279592062783573e-34,6.29561160252207e-33,5.8374534216057175,4.636865921240198
TC01001018.hg.1,TC01001018.hg.1,1.199188697890964,2.31656926885572e-34,4.4897356582034354e-33,9.485434413619169,8.286245715728205
TC19000180.hg.1,TC19000180.hg.1,1.199171560823352,2.4446192841342383e-43,9.020309403027172e-42,8.337539278808622,7.13836771798527
TC02000941.hg.1,TC02000941.hg.1,1.1985704201358152,2.706095581210393e-39,7.39334142860668e-38,7.398274772713626,6.199704352577811
TC04001455.hg.1,TC04001455.hg.1,1.1984576845404504,2.477016291619517e-49,1.3727731349763253e-47,7.152324190836483,5.953866506296032
TC12002866.hg.1,TC12002866.hg.1,1.198391913814973,4.6674477035582965e-40,1.3524810710803902e-38,11.276319131087488,10.077927217272515
3437076_st,3437076_st,1.1974236095337272,1.432741661796332e-44,5.8069266577029794e-43,9.529879891310875,8.332456281777148
TC02000547.hg.1,TC02000547.hg.1,1.1973222754550017,5.448237526950919e-30,7.642433237083961e-29,6.366932729838466,5.169610454383465
TC12002967.hg.1,TC12002967.hg.1,1.1965189573102117,7.933277588310235e-31,1.1891064159864156e-29,6.791074400408336,5.594555443098124
TC04001504.hg.1,TC04001504.hg.1,1.195933988907862,2.3371507673491962e-26,2.4902242113750132e-25,5.0227821161352315,3.8268481272273696
TC11000482.hg.1,TC11000482.hg.1,1.1954590238082172,3.5238687475855744e-32,5.830194340213576e-31,5.253656201285054,4.058197177476837
TC01000873.hg.1,TC01000873.hg.1,1.1946638172388298,2.855823675819957e-28,3.519437748851252e-27,6.59125025701075,5.39658643977192
TC01000863.hg.1,TC01000863.hg.1,1.1945621500956847,2.0544609628985326e-34,3.9885952720168415e-33,7.655911633939829,6.4613494838441445
TC19001560.hg.1,TC19001560.hg.1,1.194261870018197,3.938251003341662e-12,1.414761191381916e-11,5.07343171380532,3.879169843787123
TC02002745.hg.1,TC02002745.hg.1,1.1941322858657166,9.599006977438281e-40,2.718658512314824e-38,5.196931938989974,4.002799653124257
TC03001421.hg.1,TC03001421.hg.1,1.1933503586701981,8.280259554116196e-33,1.432114296517865e-31,6.762607096018735,5.569256737348537
TC06001429.hg.1,TC06001429.hg.1,1.1929846294048057,1.855797638525673e-39,5.147511856948938e-38,6.7581559598871035,5.565171330482298
TC15002593.hg.1,TC15002593.hg.1,1.1922385159939841,3.980056199128614e-24,3.624645853792383e-23,5.909172050681559,4.716933534687575
TC07001764.hg.1,TC07001764.hg.1,1.1904205310310978,1.4973460160176976e-34,2.9403852256069077e-33,6.874968800216177,5.684548269185079
TC03000873.hg.1,TC03000873.hg.1,1.1904036762144914,1.1751458101443945e-36,2.674440351622689e-35,6.502541709001379,5.312138032786888
TC12001298.hg.1,TC12001298.hg.1,1.1894533134779186,1.1579201089843413e-17,6.574832599504686e-17,6.8819128727556595,5.692459559277741
TC02002200.hg.1,TC02002200.hg.1,1.1876222242760806,7.961302938703285e-29,1.022213903495134e-27,7.310311518645289,6.122689294369208
TC01003029.hg.1,TC01003029.hg.1,1.1871343776157337,2.4841830785396297e-34,4.806331993314432e-33,6.043331429171924,4.85619705155619
TC11002495.hg.1,TC11002495.hg.1,1.1871187292275298,1.503026977449327e-12,5.6068352296836905e-12,7.12332287035369,5.936204141126161
TC05000298.hg.1,TC05000298.hg.1,1.1868823294993218,3.255454956407679e-29,4.30838042999316e-28,5.9629066090194,4.776024279520078
TC07001293.hg.1,TC07001293.hg.1,1.1868082969121652,1.3653687829723152e-15,6.611000343094068e-15,5.3488245181048475,4.162016221192682
PSR02024026.hg.1,PSR02024026.hg.1,1.1862432108981515,3.317654100089625e-34,6.362182495542367e-33,7.095654746892452,5.9094115359943
TC15001825.hg.1,TC15001825.hg.1,1.1858415181361766,1.1329290293288204e-34,2.245085703430748e-33,7.153792291479013,5.967950773342836
TC06001385.hg.1,TC06001385.hg.1,1.1852388059796004,1.2473770080673975e-36,2.834253565893936e-35,5.870875997117637,4.685637191138037
TC11003187.hg.1,TC11003187.hg.1,1.1845427576242944,2.339326031917941e-36,5.23315210423261e-35,6.832359712364138,5.647816954739843
PSR04025533.hg.1,PSR04025533.hg.1,1.184287833390771,3.133311423194009e-51,1.9533167278868464e-49,9.189463622770672,8.005175789379901
TC01003239.hg.1,TC01003239.hg.1,1.1839919945551003,5.356017400274873e-44,2.0739587487213986e-42,7.67737907283973,6.49338707828463
TC04001494.hg.1,TC04001494.hg.1,1.1838394140760622,4.741830905394592e-21,3.4770550561548234e-20,5.815335056746532,4.63149564267047
TC02000862.hg.1,TC02000862.hg.1,1.183651734404818,3.65075180207057e-38,9.20733639558415e-37,4.998204155407433,3.814552421002615
TC02003383.hg.1,TC02003383.hg.1,1.1831353220858505,6.556243860158897e-43,2.3381173584225327e-41,6.956526899657719,5.773391577571869
TC19001274.hg.1,TC19001274.hg.1,1.1828185984246202,3.589730976620475e-40,1.0515339680112873e-38,7.130518923917609,5.947700325492989
TC02001948.hg.1,TC02001948.hg.1,1.1823234169127428,6.339736782013378e-33,1.1082018997195654e-31,9.07505260733802,7.8927291904252765
PSR16011484.hg.1,PSR16011484.hg.1,1.1813450158804066,1.6546013193418426e-56,1.4723863917133767e-54,8.90692730799255,7.7255822921121435
TC03000502.hg.1,TC03000502.hg.1,1.1812862901579293,4.038080826504455e-26,4.233793794271108e-25,5.0273313721251425,3.846045081967213
TC01005354.hg.1,TC01005354.hg.1,1.1808547031152523,1.1857241359851215e-33,2.1954770037416667e-32,7.823128260373508,6.642273557258256
TC03002690.hg.1,TC03002690.hg.1,1.1805419626898406,3.491192393603551e-26,3.6761122146757213e-25,4.3000360319461945,3.119494069256354
TC01003174.hg.1,TC01003174.hg.1,1.1804319155511855,3.7133189550952715e-24,3.3910331629745067e-23,4.854295848195519,3.673863932644333
TC01003722.hg.1,TC01003722.hg.1,1.1803432596620524,1.7598303502091195e-21,1.3326994456120552e-20,7.274776391641146,6.094433131979094
TC17000120.hg.1,TC17000120.hg.1,1.1797695553027374,1.7639490146397877e-52,1.2004641195168583e-50,7.214167831021437,6.0343982757187
TC05002988.hg.1,TC05002988.hg.1,1.1792796830770813,4.9105143101731215e-21,3.5965389634083753e-20,7.694427400468385,6.5151477173913035
TC18000318.hg.1,TC18000318.hg.1,1.1789368287343445,5.875233667162696e-39,1.5739265576162628e-37,8.274193817330213,7.095256988595868
TC10001444.hg.1,TC10001444.hg.1,1.1788153959464118,2.389087853866481e-27,2.7541389158038237e-26,7.847526591004622,6.6687111950582105
TC12002644.hg.1,TC12002644.hg.1,1.1780901201963774,3.132238437441354e-24,2.876682861200819e-23,6.97268706899657,5.7945969488001925
TC13000223.hg.1,TC13000223.hg.1,1.1776280436936553,1.961551175748306e-34,3.8213672041908814e-33,5.741801167357233,4.564173123663577
TC04002268.hg.1,TC04002268.hg.1,1.1768364078805482,1.2303187593710234e-25,1.2464019351085365e-24,5.050173841950398,3.87333743406985
TC05000757.hg.1,TC05000757.hg.1,1.1768139254057868,1.0712558206007182e-19,7.129658002436159e-19,5.314479334053922,4.137665408648135
TC02000535.hg.1,TC02000535.hg.1,1.1766512674958687,3.2764626003878e-28,4.0211326297298e-27,7.703365134210053,6.526713866714184
TC15000433.hg.1,TC15000433.hg.1,1.1762139456593546,4.0052108627570182e-25,3.912153505107781e-24,4.485296552573112,3.309082606913757
TC01003452.hg.1,TC01003452.hg.1,1.1750201876604063,7.032350994240451e-33,1.2226538625363876e-31,6.446828193718852,5.271808006058445
TC12000514.hg.1,TC12000514.hg.1,1.1736771141575142,2.274097690340797e-41,7.310543788811799e-40,7.054470458776192,5.880793344618678
TC19001488.hg.1,TC19001488.hg.1,1.1732962317404625,5.057075795593772e-27,5.682336232539523e-26,5.019613210832882,3.84631697909242
TC16000384.hg.1,TC16000384.hg.1,1.1729237829128607,2.943050144502742e-45,1.2446851803040158e-43,6.537728683720652,5.364804900807791
TC03001926.hg.1,TC03001926.hg.1,1.1728738680522377,1.4566786532874726e-24,1.3710860237099205e-23,4.476723183210233,3.3038493151579957
TC06003155.hg.1,TC06003155.hg.1,1.172779013175587,4.52206506753127e-38,1.1333890136827153e-36,5.358500250405331,4.185721237229744
TC17000970.hg.1,TC17000970.hg.1,1.1720112134646037,9.611735779116885e-44,3.666497019514648e-42,7.378957922896772,6.206946709432168
TC01002963.hg.1,TC01002963.hg.1,1.1717524902420013,1.5875800948073882e-24,1.4885839087392925e-23,6.392887408274787,5.221134918032786
TC03001351.hg.1,TC03001351.hg.1,1.1708123766249159,3.4367610852073713e-17,1.8799223085634038e-16,6.500999414519904,5.330187037894988
TC08000520.hg.1,TC08000520.hg.1,1.1695484304368673,2.39296807447403e-28,2.9652201367378838e-27,6.868358387077402,5.698809956640535
TC01001781.hg.1,TC01001781.hg.1,1.1691159307110057,3.0522315818799604e-33,5.470165228287916e-32,6.668646335795351,5.499530405084346
TC05000782.hg.1,TC05000782.hg.1,1.1677370656808144,1.4155396449815433e-29,1.9234565436071463e-28,7.408876709301627,6.241139643620812
TC06000737.hg.1,TC06000737.hg.1,1.167725181492298,6.058839791635273e-17,3.25891527661816e-16,4.992681997838226,3.8249568163459284
TC02003382.hg.1,TC02003382.hg.1,1.1672418679099517,8.586603711067897e-28,1.0179428623051662e-26,7.930601028042999,6.763359160133048
TC01003629.hg.1,TC01003629.hg.1,1.1668990364381422,6.032147736199059e-36,1.309937301696992e-34,8.224366488920918,7.057467452482776
TC13001090.hg.1,TC13001090.hg.1,1.1667089208759904,6.158525773443127e-25,5.941376660159274e-24,5.934586075782142,4.767877154906151
TC17001607.hg.1,TC17001607.hg.1,1.1662069944180251,3.127027751677779e-25,3.0815834357057983e-24,7.136238896294959,5.970031901876934
TC02004860.hg.1,TC02004860.hg.1,1.1660457100496284,3.1128497590217195e-17,1.7088718274251957e-16,7.452033084128983,6.285987374079355
TC07002368.hg.1,TC07002368.hg.1,1.1657377285069401,1.4020873313699158e-28,1.760582307171776e-27,5.629876705698672,4.464138977191732
TC04000840.hg.1,TC04000840.hg.1,1.1649825767716493,1.2756962277881785e-28,1.6079586635244294e-27,5.519295314357774,4.354312737586125
TC6_dbb_hap3000070.hg.1,TC6_dbb_hap3000070.hg.1,1.164807908276087,1.1768812145697074e-15,5.726372088278892e-15,9.139312479433135,7.974504571157048
TC16000493.hg.1,TC16000493.hg.1,1.164798568041011,1.539509787554907e-36,3.4784166277241787e-35,7.316691975620009,6.151893407578998
TC03000050.hg.1,TC03000050.hg.1,1.164578739448956,3.0634664471097415e-37,7.23157531435303e-36,6.350723428211133,5.186144688762177
TC12003220.hg.1,TC12003220.hg.1,1.164452881005901,4.0177249336150575e-17,2.1890101912573086e-16,5.665093467843631,4.50064058683773
3437066_st,3437066_st,1.164190682753338,2.79724917507356e-31,4.3343917593875334e-30,8.535961938989972,7.371771256236634
TC17000978.hg.1,TC17000978.hg.1,1.1641487830825588,1.9321006158380125e-21,1.4584593597049636e-20,6.516337333213233,5.352188550130674
TC16001315.hg.1,TC16001315.hg.1,1.1639931834647923,2.843578228477652e-32,4.743613142940632e-31,7.570305993514684,6.406312810049892
TC01004671.hg.1,TC01004671.hg.1,1.1636424577436069,9.660929581710217e-37,2.2093649174743697e-35,5.400348243559717,4.236705785816111
TC17001644.hg.1,TC17001644.hg.1,1.1596058758312262,3.682857072830046e-24,3.3653940773392535e-23,5.783049920735004,4.623444044903778
TC07002600.hg.1,TC07002600.hg.1,1.158559695635204,1.5609173152166778e-05,3.0228206188821794e-05,7.718027025761124,6.55946733012592
TC6_cox_hap2000079.hg.1,TC6_cox_hap2000079.hg.1,1.1584826207446657,1.272593634620248e-15,6.176102165849906e-15,9.138816627634663,7.980334006889997
TC08002477.hg.1,TC08002477.hg.1,1.1570369234424351,1.609563756918066e-17,9.032063660016258e-17,4.757853295502309,3.6008163720598736
TC13001638.hg.1,TC13001638.hg.1,1.156962313749446,1.702018978902998e-23,1.4919904715933709e-22,6.155023793911006,4.99806148016156
TC02004779.hg.1,TC02004779.hg.1,1.1569437020813549,2.506892256377539e-24,2.322013582668002e-23,6.505292230829277,5.348348528747922
TC6_apd_hap1000040.hg.1,TC6_apd_hap1000040.hg.1,1.1554574661700823,1.91644549610162e-15,9.167544683657893e-15,9.086668745571364,7.931211279401282
TC12002032.hg.1,TC12002032.hg.1,1.1550681670360978,1.5294693128803786e-32,2.6037899726640073e-31,6.0298418044796716,4.874773637443574
2985928_st,2985928_st,1.1548251328589467,3.4665405006313113e-23,2.970011874937241e-22,8.060052769470968,6.905227636612021
TC16001125.hg.1,TC16001125.hg.1,1.1546825739650002,4.9366055054849085e-29,6.4455776303737e-28,5.295710957785385,4.141028383820385
TC17002908.hg.1,TC17002908.hg.1,1.1540688083554587,2.2233687240413883e-14,9.729911314998995e-14,7.293816926079383,6.139748117723924
PSR07002507.hg.1,PSR07002507.hg.1,1.1526659963604935,3.391679025751109e-40,9.96104879098522e-39,9.571387676094398,8.418721679733904
TC06000761.hg.1,TC06000761.hg.1,1.1525661896603037,9.11054821696155e-29,1.1618420192236365e-27,4.4017823995676455,3.249216209907342
TC17002776.hg.1,TC17002776.hg.1,1.152487374843023,1.4559785288680856e-32,2.482423591468107e-31,6.042367611241217,4.889880236398194
TC08000721.hg.1,TC08000721.hg.1,1.1515266449771437,6.856806401844548e-10,2.016510131251385e-09,5.086205545547349,3.9346789005702054
TC18000114.hg.1,TC18000114.hg.1,1.1512577641709707,1.152908123067507e-28,1.4603675457391694e-27,4.601293647991355,3.450035883820384
TC01000563.hg.1,TC01000563.hg.1,1.149982748003361,8.76687132979354e-32,1.4103488642266666e-30,5.549801723413198,4.399818975409837
TC08001485.hg.1,TC08001485.hg.1,1.1493315406611693,3.4818522775520615e-64,5.9527012665130964e-62,9.045438516783763,7.896106976122594
TC0X001530.hg.1,TC0X001530.hg.1,1.1490785880791856,7.062971787974922e-30,9.83412493420457e-29,8.338090868312019,7.189012280232833
TC01006280.hg.1,TC01006280.hg.1,1.1476396894083578,2.970319181105285e-30,4.2457427808360266e-29,7.406023119558037,6.258383430149679
2985934_st,2985934_st,1.147533055651289,2.553626471577834e-29,3.403508109460861e-28,7.879500682759865,6.731967627108576
TC16001659.hg.1,TC16001659.hg.1,1.1466363692205865,2.613155036831859e-30,3.757109604178894e-29,6.237825203266679,5.0911888340460925
TC20000839.hg.1,TC20000839.hg.1,1.1450689999843373,2.734963549172333e-28,3.374916306150584e-27,9.121814118777401,7.976745118793064
TC12002939.hg.1,TC12002939.hg.1,1.1447532801244824,1.984398300152717e-18,1.19406765462901e-17,4.331028875277726,3.1862755951532433
3213017_st,3213017_st,1.144514056698232,8.052131252173906e-27,8.893601037297327e-26,8.32355332552693,7.179039268828698
TC08000571.hg.1,TC08000571.hg.1,1.1443448428145846,2.791164503465885e-27,3.1986983334661443e-26,6.405943735663241,5.261598892848657
TC07001245.hg.1,TC07001245.hg.1,1.1437700030938398,1.6948097651273717e-40,5.0968964461064e-39,5.569112689004982,4.425342685911142
TC03001227.hg.1,TC03001227.hg.1,1.143447818972429,2.6248780436439543e-25,2.6008143566263544e-24,4.931688033987871,3.7882402150154415
TC21000730.hg.1,TC21000730.hg.1,1.1429503317002565,5.63877080596751e-20,3.8204415915825026e-19,5.49098909565844,4.348038763958184
TC15001777.hg.1,TC15001777.hg.1,1.1427484893569284,9.332644043330348e-15,4.217969331383574e-14,4.926278070017415,3.7835295806604865
TC02000649.hg.1,TC02000649.hg.1,1.1426089194008657,1.8850397561804722e-47,9.231785847585926e-46,7.835925885426048,6.693316966025182
TC15002251.hg.1,TC15002251.hg.1,1.1425024776838653,5.633411867513204e-28,6.768011727882452e-27,8.526673411397342,7.384170933713476
TC15001330.hg.1,TC15001330.hg.1,1.1424348905210935,1.8695713301566387e-17,1.0429889776008824e-16,4.752767414279708,3.6103325237586144
TC14001248.hg.1,TC14001248.hg.1,1.141606198302171,3.775933077376585e-11,1.2442648931688112e-10,3.9511659268600225,2.8095597285578515
TC15001476.hg.1,TC15001476.hg.1,1.141485523714227,9.95523326098519e-20,6.636586909113345e-19,6.0826303128565415,4.941144789142315
TC01003889.hg.1,TC01003889.hg.1,1.141138670431494,1.914414541899097e-33,3.4852352250681916e-32,6.900809428331233,5.759670757899739
TC14001296.hg.1,TC14001296.hg.1,1.1402674638660253,6.536448888550599e-40,1.8776648339829312e-38,6.8693250363297915,5.729057572463766
TC6_qbl_hap6000070.hg.1,TC6_qbl_hap6000070.hg.1,1.1398075331119344,4.133496523681161e-15,1.9219021499344297e-14,9.236495122800699,8.096687589688765
TC01001731.hg.1,TC01001731.hg.1,1.1395371243463117,6.483933975392126e-27,7.220895914403335e-26,6.461106642046477,5.321569517700166
TC11003463.hg.1,TC11003463.hg.1,1.1379381290810633,3.880245398455153e-46,1.7668739700568429e-44,6.944390662343122,5.806452533262059
TC04002701.hg.1,TC04002701.hg.1,1.1370118597576155,1.1483753275261424e-18,7.051484461076394e-18,9.84084760043236,8.703835740674744
TC17000406.hg.1,TC17000406.hg.1,1.1370099910970461,1.2349692645184657e-10,3.890691085861224e-10,6.105844590764426,4.96883459966738
TC08001232.hg.1,TC08001232.hg.1,1.1361490737992104,3.818249308839089e-24,3.48122154987207e-23,4.282791729418122,3.1466426556189115
TC15001337.hg.1,TC15001337.hg.1,1.1340455740185202,4.174137825344313e-37,9.791954587537441e-36,5.614642317900677,4.480596743882157
TC17002283.hg.1,TC17002283.hg.1,1.1338249747727929,2.4802790169009117e-28,3.0707127841895024e-27,6.272751777457514,5.138926802684721
TC04002853.hg.1,TC04002853.hg.1,1.1322517936708119,5.544080310485455e-20,3.7580911084581085e-19,8.075603323725455,6.943351530054643
TC10002327.hg.1,TC10002327.hg.1,1.13168030198241,6.018422760835321e-32,9.819183786026813e-31,5.897046580195761,4.765366278213351
TC01002886.hg.1,TC01002886.hg.1,1.1313401690777747,2.1524204537741416e-19,1.3988625407329745e-18,6.157737904882006,5.026397735804231
TC04001193.hg.1,TC04001193.hg.1,1.131159682646293,5.785643457981532e-15,2.6561512947546756e-14,4.2601780712184,3.129018388572107
TC20000265.hg.1,TC20000265.hg.1,1.1298024616272322,3.6020728283832396e-25,3.5318342862656515e-24,6.90330384675434,5.7735013851271075
TC07000213.hg.1,TC07000213.hg.1,1.1297822073252197,7.715208114001725e-44,2.961065383508499e-42,8.03017624331952,6.9003940359943
TC08002291.hg.1,TC08002291.hg.1,1.1291054945707657,2.515822104474113e-27,2.8943240515950346e-26,8.158058287395665,7.028952792824899
TC11002209.hg.1,TC11002209.hg.1,1.1290397528451601,6.823435089763699e-51,4.1707969761028e-49,6.256299447546989,5.127259694701829
TC14001992.hg.1,TC14001992.hg.1,1.127867646187262,5.64856038673775e-46,2.5292101579283364e-44,6.814374268900497,5.686506622713235
TC08000695.hg.1,TC08000695.hg.1,1.127510445676327,3.002375293881461e-25,2.9628827939514478e-24,8.852967395664447,7.72545694998812
TC17001803.hg.1,TC17001803.hg.1,1.1274092251298242,1.1349419460058332e-40,3.466765279358803e-39,7.748926088992973,6.621516863863149
TC05002400.hg.1,TC05002400.hg.1,1.1268573465350267,1.0758167327215061e-43,4.08448374338371e-42,7.351761291058666,6.224903944523639
TC06001214.hg.1,TC06001214.hg.1,1.1266245805625839,1.7410152472233253e-18,1.0536858851946531e-17,4.7584502095718495,3.6318256290092656
TC10000475.hg.1,TC10000475.hg.1,1.1265712322430517,2.4909808395052564e-20,1.7333023804046319e-19,6.687644896415064,5.561073664172012
TC0X000754.hg.1,TC0X000754.hg.1,1.1259423469527636,1.9740808141465322e-23,1.7229840868273368e-22,7.56042919834264,6.4344868513898765
3022525_st,3022525_st,1.125620351673155,6.478274629016656e-39,1.7272745653112556e-37,8.934383228247164,7.808762876574009
TC15000351.hg.1,TC15000351.hg.1,1.125420697693846,7.852473957167698e-12,2.7511698175215005e-11,5.602290308052601,4.476869610358755
TC09000941.hg.1,TC09000941.hg.1,1.125285569423447,5.0722506820501885e-28,6.121202972832247e-27,5.28574910826878,4.160463538845333
TC10001498.hg.1,TC10001498.hg.1,1.1250447336032945,2.8571103978775275e-31,4.4198643934042866e-30,8.707686857623251,7.582642124019957
TC11002788.hg.1,TC11002788.hg.1,1.1247061237889007,2.8392605007144895e-27,3.2505154003512595e-26,8.07956273284093,6.95485660905203
TC08000324.hg.1,TC08000324.hg.1,1.1243233602641132,3.862802082738899e-38,9.71174545026574e-37,6.531325373806524,5.407002013542411
TC02000840.hg.1,TC02000840.hg.1,1.1237866200501814,2.762907589095415e-10,8.42354608816996e-10,4.248170082867953,3.124383462817772
TC15001019.hg.1,TC15001019.hg.1,1.1237629778026705,2.760498199061956e-10,8.41710108625607e-10,4.248144722872758,3.1243817450700875
TC14000021.hg.1,TC14000021.hg.1,1.1237451432109111,2.7707078840312685e-10,8.445958364019673e-10,4.248129896715306,3.124384753504395
TC14000022.hg.1,TC14000022.hg.1,1.1237143909701586,2.768767341116545e-10,8.440499046366955e-10,4.248083149582656,3.1243687586124973
TC14000015.hg.1,TC14000015.hg.1,1.1237000398087287,2.7726229622902596e-10,8.451339471959148e-10,4.248105356392241,3.124405316583512
TC15001033.hg.1,TC15001033.hg.1,1.1236983449319755,2.7778298183731205e-10,8.465838520579879e-10,4.248117515162432,3.124419170230457
TC14000865.hg.1,TC14000865.hg.1,1.1236898639558377,2.7659177272106005e-10,8.432267714998793e-10,4.2481279210953,3.124438057139462
TC22000449.hg.1,TC22000449.hg.1,1.123643904871559,2.7795961500431424e-10,8.470764089727976e-10,4.248028920314658,3.124385015443099
TC08002016.hg.1,TC08002016.hg.1,1.1231808925014137,4.366157050170733e-29,5.719290653738853e-28,4.699632055485497,3.5764511629840836
TC12000062.hg.1,TC12000062.hg.1,1.1231423965390723,3.041667688528143e-27,3.4744848684223686e-26,4.335271465201463,3.2121290686623905
TC11002736.hg.1,TC11002736.hg.1,1.1228586720436864,9.814440339872038e-40,2.776886133876132e-38,5.931009412718431,4.808150740674745
TC07000385.hg.1,TC07000385.hg.1,1.1227912966915472,4.630464554507154e-36,1.0129567632267725e-34,6.871561809283612,5.748770512592065
TC05000497.hg.1,TC05000497.hg.1,1.12273481663442,8.93658301395847e-31,1.3334677082293282e-29,6.076294387197501,4.953559570563081
TC13001293.hg.1,TC13001293.hg.1,1.1220276871317045,4.962255183958978e-38,1.2382154487775215e-36,8.055544319942351,6.933516632810647
TC17001473.hg.1,TC17001473.hg.1,1.1220228465102262,1.4381855058725292e-06,3.0987046906998855e-06,4.093019365279529,2.970996518769303
TC10002355.hg.1,TC10002355.hg.1,1.1219097893250698,1.625152799418737e-41,5.266391191131896e-40,6.055381328289195,4.933471538964125
TC15002634.hg.1,TC15002634.hg.1,1.1216087929972138,6.271274379746599e-26,6.4824616701455405e-25,3.729834638803819,2.608225845806605
TC17001520.hg.1,TC17001520.hg.1,1.1202493836337037,4.4353681360258306e-36,9.71784852420603e-35,8.187421272443403,7.0671718888097
TC06001010.hg.1,TC06001010.hg.1,1.118037505221671,1.081364886219039e-19,7.192695608430293e-19,4.693144196240918,3.575106691019247
PSR01050386.hg.1,PSR01050386.hg.1,1.1174896021019842,1.5078247763195071e-40,4.5539859866377916e-39,9.102266999939951,7.984777397837967
PSR06007488.hg.1,PSR06007488.hg.1,1.1173369220586933,3.343179212523327e-25,3.28688261053611e-24,7.94305322284273,6.825716300784037
TC11002346.hg.1,TC11002346.hg.1,1.117006904089612,3.1913580389230423e-22,2.542720489195879e-21,8.236814192637965,7.119807288548353
TC02001495.hg.1,TC02001495.hg.1,1.1167145595649286,6.884112351143786e-38,1.699728011495974e-36,6.472550245000899,5.35583568543597
TC01000837.hg.1,TC01000837.hg.1,1.1166833146789035,6.940934186812263e-37,1.6035774977541946e-35,6.712998884885604,5.5963155702067
TC16001498.hg.1,TC16001498.hg.1,1.116489954440902,5.522227600859686e-28,6.64150579376043e-27,7.378371109109469,6.261881154668567
TC04002072.hg.1,TC04002072.hg.1,1.116350579670982,2.7776133963422555e-15,1.3103720427697749e-14,4.307897318801417,3.191546739130435
TC05003276.hg.1,TC05003276.hg.1,1.1160956204848826,3.255671655749931e-20,2.2457327726384597e-19,5.750164953461839,4.6340693329769564
TC08001659.hg.1,TC08001659.hg.1,1.1160326861657026,3.4393197681171105e-23,2.948929220024789e-22,8.617052099921938,7.501019413756236
PSR07002506.hg.1,PSR07002506.hg.1,1.1148039370958163,3.236008291384385e-47,1.561754626033569e-45,9.536419699153306,8.42161576205749
TC12001470.hg.1,TC12001470.hg.1,1.1145276094723702,2.6742079040560997e-44,1.0587611335511371e-42,10.594110563261872,9.479582953789501
TC04002939.hg.1,TC04002939.hg.1,1.1134487518895941,2.5551913428422374e-33,4.6042409830876187e-32,4.824177687503753,3.710728935614159
TC05000709.hg.1,TC05000709.hg.1,1.112749209268988,1.3797777175401239e-27,1.6156973696176566e-26,7.2536006953702,6.140851486101212
TC02002207.hg.1,TC02002207.hg.1,1.112399279657149,5.7737377316357226e-33,1.0135119332402744e-31,7.295720941572092,6.183321661914943
TC13000860.hg.1,TC13000860.hg.1,1.1122659585621077,5.891158034026215e-26,6.1052048854461975e-25,6.849978187713925,5.737712229151818
TC15000445.hg.1,TC15000445.hg.1,1.1119582821217762,1.7192279772530195e-35,3.6111468362122435e-34,6.844689605476492,5.732731323354716
PSR19006612.hg.1,PSR19006612.hg.1,1.1104149120539715,3.9690544402211754e-25,3.8788517825809506e-24,7.991017373446228,6.8806024613922565
TC0X001357.hg.1,TC0X001357.hg.1,1.109003720657462,4.933099142316677e-44,1.9154548342135055e-42,6.930286999939952,5.82128327928249
TC07001993.hg.1,TC07001993.hg.1,1.108980824632722,1.0497494091536153e-36,2.395823712201807e-35,6.163200674953462,5.05421985032074
TC16000554.hg.1,TC16000554.hg.1,1.1087949771160117,9.44871170800007e-32,1.5152854381522113e-30,6.459460025821171,5.350665048705159
TC01002534.hg.1,TC01002534.hg.1,1.1085331871721773,2.416224184178259e-29,3.229531770266975e-28,4.698083984867593,3.589550797695416
TC06000634.hg.1,TC06000634.hg.1,1.108058022735166,3.324522941566274e-27,3.7860907411644334e-26,4.056609348465743,2.9485513257305773
TC01003730.hg.1,TC01003730.hg.1,1.1078917018411616,6.539925228412027e-31,9.860221847582836e-30,6.972165257911487,5.864273556070326
TC20000407.hg.1,TC20000407.hg.1,1.1076501478255611,1.2086137155680186e-26,1.3183984649055777e-25,6.364800266618624,5.257150118793063
TC20000389.hg.1,TC20000389.hg.1,1.1070224009448628,3.4748102706946784e-32,5.7524015801658555e-31,7.244200176544767,6.137177775599904
TC12002012.hg.1,TC12002012.hg.1,1.1059004112132813,1.5781084846325306e-22,1.2862427692285195e-21,7.039095973698433,5.933195562485151
TC15000701.hg.1,TC15000701.hg.1,1.1050649941451987,2.586818468848505e-28,3.1970016292550923e-27,9.297002521467602,8.191937527322404
PSR02023987.hg.1,PSR02023987.hg.1,1.1043647734642414,2.1048822208483336e-18,1.2646777969736027e-17,5.699900743409597,4.595535969945356
3437074_st,3437074_st,1.1043391104880005,7.799838317333382e-32,1.2601697542592062e-30,8.275173793310522,7.170834682822521
TC16000454.hg.1,TC16000454.hg.1,1.1037059885345082,1.4937895315102942e-14,6.63438697856788e-14,7.568123185612201,6.464417197077693
3437060_st,3437060_st,1.1031401620285113,3.44520201668247e-45,1.4516161865361583e-43,9.483913759082446,8.380773597053935
TC18000741.hg.1,TC18000741.hg.1,1.1028439714609455,3.6336393518057734e-21,2.6875021624302324e-20,3.689449254188434,2.5866052827274886
TC06003298.hg.1,TC06003298.hg.1,1.1028011183583621,2.5884160977786797e-17,1.428757062953503e-16,4.8683635447066615,3.7655624263482994
TC02001749.hg.1,TC02001749.hg.1,1.1022015792558628,1.7934594721697952e-14,7.907423921606401e-14,6.073476493724856,4.971274914468993
TC03002752.hg.1,TC03002752.hg.1,1.1015280451230858,5.603446452381263e-27,6.273315893939244e-26,9.531670643127363,8.430142598004277
TC07002809.hg.1,TC07002809.hg.1,1.1009537081254432,1.3328685004269593e-10,4.186492320292183e-10,5.712920273224042,4.611966565098599
TC09000544.hg.1,TC09000544.hg.1,1.1009347919881236,6.536292519821955e-29,8.43661751048536e-28,6.658133157989551,5.557198366001427
TC05001331.hg.1,TC05001331.hg.1,1.1006177175871183,7.376352521760608e-23,6.173550757642634e-22,6.472538761184173,5.371921043597054
TC06002403.hg.1,TC06002403.hg.1,1.0996351357308636,3.4095269815739885e-24,3.1221992086745866e-23,4.31036576592806,3.210730630197196
TC0X000376.hg.1,TC0X000376.hg.1,1.0993214439818901,4.14009973876817e-33,7.345161857290019e-32,5.410741316279348,4.311419872297458
TC01004503.hg.1,TC01004503.hg.1,1.098881063530789,6.428938404836976e-13,2.4849811381480714e-12,6.223734019696152,5.124852956165363
TC06001136.hg.1,TC06001136.hg.1,1.0981303591075102,9.365116315226284e-39,2.4712868675043803e-37,5.766080742809104,4.667950383701593
TC06001341.hg.1,TC06001341.hg.1,1.0979728638266,9.515090739586794e-36,2.034188667472557e-34,4.17599434636402,3.0780214825374204
TC02001867.hg.1,TC02001867.hg.1,1.09787004402523,4.210562698111119e-14,1.802226889477529e-13,7.207598804419622,6.109728760394392
TC06001799.hg.1,TC06001799.hg.1,1.096970815697131,2.371937252566393e-37,5.639273321335473e-36,7.404557994955861,6.30758717925873
TC12001136.hg.1,TC12001136.hg.1,1.0968873866701117,1.9840827779200968e-19,1.2939311312529883e-18,6.895516185672252,5.798628799002141
PSR02023997.hg.1,PSR02023997.hg.1,1.0956281216532329,7.861069040227714e-33,1.3612823606862099e-31,7.575595989911726,6.479967868258493
TC20000840.hg.1,TC20000840.hg.1,1.094355284032904,9.372080543988457e-30,1.2924811540717203e-28,8.659687278568423,7.565331994535519
TC07002132.hg.1,TC07002132.hg.1,1.0943133385158461,1.5296748442891751e-21,1.1626188248027304e-20,6.342505449468564,5.248192110952718
TC12002540.hg.1,TC12002540.hg.1,1.094029295048025,6.663578929907685e-18,3.8558543186413513e-17,4.143701319281809,3.049672024233784
3022534_st,3022534_st,1.093875217071476,6.591458783689875e-32,1.0710740831169797e-30,9.972738003362757,8.87886278629128
TC07000495.hg.1,TC07000495.hg.1,1.0932102897245306,2.738605327896354e-39,7.478539951077275e-38,8.014674851378128,6.921464561653598
TC07002222.hg.1,TC07002222.hg.1,1.092543714267439,2.33498488259171e-14,1.020174840130559e-13,5.927168379271002,4.834624665003563
PSR04025532.hg.1,PSR04025532.hg.1,1.092381642124801,5.546036955355066e-54,4.149818474101089e-52,9.35026960007206,8.25788795794726
TC08002390.hg.1,TC08002390.hg.1,1.0922054314798992,8.113695798658936e-13,3.107872154041278e-12,4.737555925659039,3.6453504941791395
TC17001379.hg.1,TC17001379.hg.1,1.0921325761842153,1.1727729169780005e-26,1.280292229683917e-25,7.229690123701437,6.137557547517222
TC07000796.hg.1,TC07000796.hg.1,1.0916245311263957,3.117838409325631e-17,1.7114439324511914e-16,6.947726426469708,5.856101895343312
TC04000003.hg.1,TC04000003.hg.1,1.0908895820507567,1.0631122707605247e-22,8.779079053244625e-22,6.757938051402148,5.667048469351391
TC01001026.hg.1,TC01001026.hg.1,1.0906088294053298,1.6588265971579243e-36,3.743507158338231e-35,5.741918316219301,4.651309486813971
TC12001643.hg.1,TC12001643.hg.1,1.090582932165245,8.031275558253814e-18,4.613200004536385e-17,6.731245278328229,5.640662346162984
TC15002809.hg.1,TC15002809.hg.1,1.0893321304165084,1.1427556389275791e-38,2.9806744168754583e-37,7.330732828919715,6.241400698503207
TC13001675.hg.1,TC13001675.hg.1,1.088867758166046,8.043962826768046e-15,3.651627733831667e-14,5.3053620572869775,4.2164942991209315
TC14001120.hg.1,TC14001120.hg.1,1.088066766439784,6.132536841364288e-48,3.1002281677069035e-46,7.767893058908305,6.679826292468521
TC09000561.hg.1,TC09000561.hg.1,1.0877764747505982,6.140674535827407e-18,3.5653450237965487e-17,4.1683859502792275,3.0806094755286293
TC04000299.hg.1,TC04000299.hg.1,1.087752724342658,1.6784953325054855e-31,2.6356067261145138e-30,5.835094737885065,4.747342013542407
TC03002566.hg.1,TC03002566.hg.1,1.087647052574419,8.8700603265444e-37,2.03427261586578e-35,8.018647033567527,6.930999980993108
TC06001424.hg.1,TC06001424.hg.1,1.0874357647074921,8.508832568691383e-33,1.4689452749707173e-31,8.357262538881882,7.26982677417439
TC05002675.hg.1,TC05002675.hg.1,1.0873229283599506,1.3858795595491806e-21,1.0564593026705264e-20,4.5517483162193,3.46442538785935
TC0X001727.hg.1,TC0X001727.hg.1,1.0860781260655488,8.819881612195826e-37,2.023587152488264e-35,5.912872406773556,4.8267942807080075
TC13000879.hg.1,TC13000879.hg.1,1.0851359176046067,1.401783369482055e-33,2.5786049605294613e-32,8.079209774815347,6.99407385721074
TC06001776.hg.1,TC06001776.hg.1,1.0849849887146603,1.4055334545572319e-15,6.797307255204004e-15,3.9593272677595643,2.874342279044904
PSR06007468.hg.1,PSR06007468.hg.1,1.084715402884716,4.21201019416312e-23,3.585292563884956e-22,9.017287338617669,7.932571935732953
TC01003343.hg.1,TC01003343.hg.1,1.0844479538939327,1.3075046591082392e-34,2.5810636059331226e-33,6.2625955833783715,5.178147629484439
TC01003190.hg.1,TC01003190.hg.1,1.0837847831830771,1.1955869950302453e-61,1.6947896252667434e-59,8.003287812406173,6.919503029223096
TC08001963.hg.1,TC08001963.hg.1,1.0837678092601184,5.083854240437165e-44,1.971277584446625e-42,7.062389490181952,5.978621680921834
TC11000715.hg.1,TC11000715.hg.1,1.0833680322908235,3.3723897052944315e-18,1.9979363897227894e-17,6.428054872395362,5.344686840104538
TC12000749.hg.1,TC12000749.hg.1,1.0822708526861593,1.73016414443149e-35,3.6327651916835057e-34,6.512485277727736,5.4302144250415765
TC06001213.hg.1,TC06001213.hg.1,1.0817769848688963,2.406014735498383e-18,1.438560188081261e-17,7.926143045096978,6.844366060228082
PSR11023322.hg.1,PSR11023322.hg.1,1.0808531757367117,2.8402739567916047e-41,9.068623434876556e-40,10.025241020236594,8.944387844499882
TC07001563.hg.1,TC07001563.hg.1,1.0806742260044553,1.8052049781609148e-18,1.0904288485854656e-17,5.203723218639284,4.123048992634828
TC10000644.hg.1,TC10000644.hg.1,1.0804950986243478,7.300205132961162e-26,7.511635476771892e-25,5.029982024259892,3.9494869256355445
TC11001884.hg.1,TC11001884.hg.1,1.080486153356624,2.0946806323502733e-35,4.373711765948842e-34,6.875679824656219,5.795193671299595
TC02003392.hg.1,TC02003392.hg.1,1.0794036926431874,4.722292943693383e-30,6.64229178003723e-29,5.590228411697594,4.510824719054407
TC01002834.hg.1,TC01002834.hg.1,1.0790381790459458,1.7512591021260795e-34,3.4223254597765555e-33,5.037986406653455,3.958948227607509
TC18000021.hg.1,TC18000021.hg.1,1.0783529444557587,1.5358325402660846e-19,1.0083626237254969e-18,5.29285012490242,4.214497180446661
TC15000357.hg.1,TC15000357.hg.1,1.0777480625830567,6.944047777305329e-24,6.236378342884623e-23,5.4966158013571125,4.418867738774056
TC08002102.hg.1,TC08002102.hg.1,1.0769666169628689,5.843117289225672e-25,5.641913250445558e-24,6.405163951840511,5.328197334877642
TC16001990.hg.1,TC16001990.hg.1,1.076741823545306,5.682370870075647e-23,4.789899891646913e-22,6.803370389119077,5.726628565573771
PSR07002503.hg.1,PSR07002503.hg.1,1.0764492305995281,9.055304319316165e-34,1.695030388477702e-32,6.906089433735665,5.829640203136137
TC01005497.hg.1,TC01005497.hg.1,1.0756042584897871,2.314227654123206e-28,2.8714338198883443e-27,7.074678393082327,5.99907413459254
TC03001269.hg.1,TC03001269.hg.1,1.0748860323508778,2.8905550372214677e-33,5.188652055041704e-32,6.395017489941752,5.3201314575908745
TC20000386.hg.1,TC20000386.hg.1,1.0747127581725708,3.2330215138018356e-40,9.50993783971178e-39,8.421834243679816,7.3471214855072455
TC20000388.hg.1,TC20000388.hg.1,1.0742999271119702,7.140557040563922e-29,9.197624363345556e-28,6.213781928181109,5.139482001069139
TC19001805.hg.1,TC19001805.hg.1,1.0740442128132033,1.2817382268375252e-37,3.100905114996548e-36,6.753402387557798,5.6793581747445945
3213041_st,3213041_st,1.073937693528256,1.6987784274618833e-37,4.0731696268824704e-36,9.30570824175824,8.231770548229983
TC05001307.hg.1,TC05001307.hg.1,1.0733569493093036,1.784710596852799e-26,1.9189975691488702e-25,5.309814418423107,4.2364574691138035
TC13001444.hg.1,TC13001444.hg.1,1.0730799599106033,3.981413961328902e-22,3.146867650185682e-21,5.903389645108991,4.8303096851983875
TC07001143.hg.1,TC07001143.hg.1,1.0730627818463336,1.3187258195407963e-28,1.6596001179311322e-27,6.330168388878882,5.257105607032548
TC09001769.hg.1,TC09001769.hg.1,1.0726647229967696,5.129305181532463e-29,6.680174047361461e-28,5.877161947396864,4.8044972244000945
TC07001264.hg.1,TC07001264.hg.1,1.0723608541286467,1.569507963138467e-35,3.3052818314425544e-34,6.058086776556777,4.985725922428131
TC19000279.hg.1,TC19000279.hg.1,1.0723582376265943,3.096024182415309e-10,9.3959920561327e-10,5.991162506455294,4.9188042688286995
TC07002605.hg.1,TC07002605.hg.1,1.0723401142436817,6.509540733796653e-38,1.612182919751271e-36,7.0633935705278335,5.991053456284152
TC18000006.hg.1,TC18000006.hg.1,1.0723263028270127,1.5702599812781802e-26,1.6964942095701335e-25,7.051588275385816,5.979261972558803
TC13000472.hg.1,TC13000472.hg.1,1.071963834019984,2.915306244326587e-42,9.97427214629578e-41,7.404932729838466,6.332968895818482
TC04002623.hg.1,TC04002623.hg.1,1.071899490997839,3.1731468537168345e-09,8.781213478834373e-09,7.090029947757161,6.018130456759322
TC06001217.hg.1,TC06001217.hg.1,1.0715098054535153,2.0076834008286185e-21,1.5126800495185498e-20,7.886623413198822,6.815113607745307
TC05003257.hg.1,TC05003257.hg.1,1.0713898786156824,3.3437551624834355e-23,2.870480504519027e-22,5.025896701495226,3.9545068228795435
TC11002262.hg.1,TC11002262.hg.1,1.0711478781796755,2.0671984472327773e-40,6.151223733965128e-39,5.526081022038072,4.454933143858397
TC02000674.hg.1,TC02000674.hg.1,1.0708036917554962,1.2665121449291888e-27,1.4861497960194463e-26,6.872389805440461,5.801586113684965
TC07000834.hg.1,TC07000834.hg.1,1.0701692174474369,1.5439019693903435e-05,2.9912040284706178e-05,7.456410518825436,6.386241301377999
TC06003906.hg.1,TC06003906.hg.1,1.070094061293302,9.462075834289244e-19,5.860482977483044e-18,6.577572436798175,5.507478375504873
TC0X001939.hg.1,TC0X001939.hg.1,1.0699147027888953,1.9830459224192392e-39,5.484288473090619e-38,7.381746864228668,6.3118321614397725
TC05001913.hg.1,TC05001913.hg.1,1.069304078453027,2.390270369249438e-13,9.59816894607223e-13,3.4482671848916104,2.3789631064385834
TC01001653.hg.1,TC01001653.hg.1,1.069252589610434,1.9991939339265668e-39,5.526238283403677e-38,6.214629719570045,5.145377129959611
3520339_st,3520339_st,1.0688088374336573,3.5111684888349424e-25,3.444498414242563e-24,9.655068289797637,8.58625945236398
TC16000968.hg.1,TC16000968.hg.1,1.068692933026818,4.0703253710188744e-22,3.21444032449808e-21,6.7880655761724595,5.7193726431456415
TC19002012.hg.1,TC19002012.hg.1,1.0686386651314956,7.040666251303014e-10,2.0678864520069417e-09,5.597722274064734,4.529083608933238
TC11001833.hg.1,TC11001833.hg.1,1.06858659317162,3.4658616037092426e-19,2.220497160550398e-18,7.253529905122202,6.184943311950582
TC01003624.hg.1,TC01003624.hg.1,1.0684765035481263,3.5625856535703065e-23,3.0476718332544285e-22,6.102596304569748,5.034119801021622
TC14000316.hg.1,TC14000316.hg.1,1.0684555754087919,4.3877828708237115e-31,6.681509689774148e-30,4.648036872035067,3.5795812966262748
TC08000213.hg.1,TC08000213.hg.1,1.0683636290301495,8.613678183783604e-25,8.232534232978203e-24,5.390212176784963,4.321848547754813
TC02000546.hg.1,TC02000546.hg.1,1.0681843562786684,9.390075554789022e-31,1.397439416117349e-29,6.606928427910883,5.538744071632214
TC03003291.hg.1,TC03003291.hg.1,1.0677310498369517,1.9507475572455213e-24,1.8198963013432982e-23,5.881441940190954,4.8137108903540025
TC03000601.hg.1,TC03000601.hg.1,1.0673329075320037,1.5608695962091109e-43,5.843473183737599e-42,9.679116837206507,8.611783929674504
TC20000115.hg.1,TC20000115.hg.1,1.0672453759213045,1.4848643464099748e-43,5.581151012375613e-42,9.679078683120162,8.611833307198857
TC14000567.hg.1,TC14000567.hg.1,1.0672214683148944,1.6247696994573504e-43,6.066595427133342e-42,9.679068199723778,8.611846731408884
TC07001900.hg.1,TC07001900.hg.1,1.0669796601278279,1.5402182515983608e-43,5.77613539354101e-42,9.678777638863869,8.61179797873604
TC02000996.hg.1,TC02000996.hg.1,1.0668044126531582,3.3964138433536285e-22,2.6980973840372434e-21,8.3278487509758,7.261044338322642
TC11000514.hg.1,TC11000514.hg.1,1.0667686794127702,1.2693943407492098e-14,5.671261475798933e-14,4.906171292860145,3.8394026134473744
TC01005050.hg.1,TC01005050.hg.1,1.0661987408522826,4.008939914374534e-32,6.607548118293382e-31,6.960605142016454,5.894406401164171
TC12002179.hg.1,TC12002179.hg.1,1.0659646398677332,1.3067935270747973e-37,3.1561077572990544e-36,6.745595337776978,5.679630697909245
TC17001984.hg.1,TC17001984.hg.1,1.065860266331435,2.231099001867349e-32,3.7529559775596925e-31,8.565778655497507,7.499918389166072
TC21000735.hg.1,TC21000735.hg.1,1.0646797697046386,1.740002906609151e-25,1.7473742254374346e-24,5.069751053263677,4.0050712835590385
TC06004063.hg.1,TC06004063.hg.1,1.064124348785569,2.1776100165387998e-29,2.920979598504185e-28,4.914749541824294,3.8506251930387254
TC20001373.hg.1,TC20001373.hg.1,1.0638596889188268,5.297452116640471e-28,6.384782172967788e-27,7.16741859364679,6.103558904727963
TC06000169.hg.1,TC06000169.hg.1,1.0627817598278426,9.635523397291753e-32,1.5439277450394948e-30,5.300023488860866,4.237241729033023
TC08000545.hg.1,TC08000545.hg.1,1.0615228268636807,9.101259892054076e-29,1.1609199199410058e-27,7.068850016813787,6.007327189950106
2985941_st,2985941_st,1.060726100493711,1.8056005942772327e-29,2.435294628925004e-28,8.378355070557859,7.317628970064148
TC01001559.hg.1,TC01001559.hg.1,1.0605354060307706,1.1603762972458678e-28,1.4688380062377692e-27,8.244958939530413,7.1844235334996425
TC02002592.hg.1,TC02002592.hg.1,1.0603881184941262,3.4189240359404097e-42,1.1661962288977391e-40,8.602454223863571,7.542066105369445
TC13000880.hg.1,TC13000880.hg.1,1.0600453046062963,5.139461058456048e-36,1.1212610750037637e-34,8.622855291539064,7.562809986932768
TC12001797.hg.1,TC12001797.hg.1,1.0598939199034518,9.12217901190303e-28,1.0787153542099038e-26,6.727197297784183,5.667303377880732
TC19001388.hg.1,TC19001388.hg.1,1.059774346957985,5.4154257586680215e-30,7.5982962062306e-29,6.6161833627574635,5.5564090157994785
TC13000295.hg.1,TC13000295.hg.1,1.0597649819395376,7.505392253548932e-11,2.4076830622660125e-10,3.563682764667026,2.5039177827274886
TC13000111.hg.1,TC13000111.hg.1,1.0593135136115959,7.809006307597928e-28,9.280988368697281e-27,4.623769208551012,3.5644556949394164
TC08002008.hg.1,TC08002008.hg.1,1.0589891664512727,1.1029395557107495e-30,1.6323621157945716e-29,8.561459543025281,7.502470376574008
TC22000647.hg.1,TC22000647.hg.1,1.0582609885084029,8.628466947971687e-30,1.1928469695434125e-28,5.413305587581816,4.3550445990734135
TC08001681.hg.1,TC08001681.hg.1,1.0582327427751643,5.4958201722737133e-33,9.668324991560286e-32,6.168497144058128,5.110264401282964
TC11000694.hg.1,TC11000694.hg.1,1.057899475339343,5.189013864389564e-60,6.309348797438156e-58,8.034668070017414,6.976768594678071
TC08000191.hg.1,TC08000191.hg.1,1.0578962206052442,1.64370896573401e-19,1.0773091592562893e-18,4.30626480934366,3.248368588738416
TC12002997.hg.1,TC12002997.hg.1,1.0575168868580933,1.099506873182083e-27,1.2934107333441775e-26,6.956317907884466,5.898801021026372
TC01000987.hg.1,TC01000987.hg.1,1.0573837345340547,1.166629952335094e-48,6.209332891588805e-47,7.344840626313575,6.28745689177952
TC15000337.hg.1,TC15000337.hg.1,1.056216508371647,5.5786252770633883e-33,9.807880364018767e-32,5.907888496967512,4.851671988595865
TC06001675.hg.1,TC06001675.hg.1,1.056169413808452,1.0660907228719321e-45,4.666152552598034e-44,7.788623666006125,6.732454252197673
TC21000211.hg.1,TC21000211.hg.1,1.0561534863479274,5.4287071318941345e-34,1.0270851742696286e-32,9.393640744010082,8.337487257662154
47419266_st,47419266_st,1.0560917476352336,1.0231715873991094e-17,5.833784195844664e-17,4.573981711403349,3.517889963768116
TC10002943.hg.1,TC10002943.hg.1,1.055887372375782,2.2288883831221336e-36,4.996004163646585e-35,5.927336728517384,4.871449356141602
TC11003017.hg.1,TC11003017.hg.1,1.0548908343646115,1.6206331722075242e-23,1.4230798803051223e-22,5.9257140839488365,4.870823249584225
TC06002112.hg.1,TC06002112.hg.1,1.0547788235309516,3.748818786275525e-18,2.2137414515814588e-17,8.615329852278872,7.560551028747921
3064820_st,3064820_st,1.054378238063907,1.9874281397796877e-26,2.128045564435195e-25,9.027255661442384,7.972877423378477
PSR01050371.hg.1,PSR01050371.hg.1,1.0539176377607928,5.486934717739298e-31,8.310386118266193e-30,8.406375351588304,7.352457713827511
TC08001683.hg.1,TC08001683.hg.1,1.052672802086839,4.683141855416674e-27,5.27793642027363e-26,7.301448720951178,6.248775918864339
TC06002644.hg.1,TC06002644.hg.1,1.0524744104274255,6.332329967356169e-36,1.3724832581571276e-34,10.960041387737947,9.907566977310521
TC07001167.hg.1,TC07001167.hg.1,1.0519253311389267,5.190114305043249e-09,1.4094626660020697e-08,6.002167677895875,4.950242346756948
TC21001012.hg.1,TC21001012.hg.1,1.0517193754813734,1.1241645193198608e-17,6.388950725394168e-17,5.069959975980304,4.01824060049893
TC07002083.hg.1,TC07002083.hg.1,1.051633690352177,4.079140254275731e-33,7.243844345789368e-32,5.753845796553175,4.702212106200998
TC20001205.hg.1,TC20001205.hg.1,1.051466834948135,2.4965417385918234e-41,8.007384412045111e-40,7.137430399927939,6.085963564979804
TC15002807.hg.1,TC15002807.hg.1,1.051339819101666,1.7212162023577885e-31,2.6996823937898724e-30,5.087696198883086,4.03635637978142
TC17001769.hg.1,TC17001769.hg.1,1.0510759000402068,3.8245261703771665e-23,3.265316547825953e-22,5.55069165615805,4.499615756117843
TC07002367.hg.1,TC07002367.hg.1,1.0507878631673622,6.137410039735351e-35,1.2362027833694718e-33,7.067316580796253,6.016528717628891
TC10002932.hg.1,TC10002932.hg.1,1.0505759411217204,4.150798781955898e-43,1.5059792005169636e-41,5.885722484837565,4.835146543715845
TC06003702.hg.1,TC06003702.hg.1,1.050441065423648,1.4817455403058312e-09,4.226345798431466e-09,5.777484029904522,4.727042964480874
TC08002488.hg.1,TC08002488.hg.1,1.0498369269866537,4.337933473677918e-19,2.7569846875967195e-18,5.1365573920614915,4.086720465074838
TC08001432.hg.1,TC08001432.hg.1,1.0492868258036863,1.2566464859110983e-21,9.608006700383838e-21,6.903096935687267,5.853810109883581
TC12000363.hg.1,TC12000363.hg.1,1.0490362724760374,9.396627625854735e-40,2.665354134718313e-38,11.982892313697233,10.933856041221196
TC05003396.hg.1,TC05003396.hg.1,1.0487434407300924,1.3583416597766463e-45,5.872407644542439e-44,6.20027250345283,5.151529062722737
TC13001505.hg.1,TC13001505.hg.1,1.0481268792931968,1.874956382242212e-23,1.6384958050393606e-22,4.78821469825257,3.7400878189593736
TC01002916.hg.1,TC01002916.hg.1,1.0481163573216996,5.391284505660569e-29,7.011750859600022e-28,5.241059190536241,4.192942833214541
PSR07002505.hg.1,PSR07002505.hg.1,1.0478696923063833,3.7339053733026155e-42,1.2682689545513965e-40,7.987178905302345,6.939309212995962
TC05002649.hg.1,TC05002649.hg.1,1.0474480213971153,2.526683490199364e-28,3.1257918240204266e-27,6.9404878045997735,5.893039783202658
TC12002424.hg.1,TC12002424.hg.1,1.0472445440369813,3.3953829372190704e-14,1.463859961424618e-13,3.417351494025102,2.370106949988121
TC05003196.hg.1,TC05003196.hg.1,1.047113306017455,2.115747887285945e-11,7.133157900376387e-11,4.903126667267157,3.8560133612497025
2985930_st,2985930_st,1.0465654926126406,1.3846978895286015e-32,2.365179701223876e-31,8.531869637302586,7.4853041446899455
TC02001911.hg.1,TC02001911.hg.1,1.0448535124497758,1.7975675609514947e-27,2.0884507136277064e-26,7.652495167237134,6.607641654787359
TC13000701.hg.1,TC13000701.hg.1,1.0445054695328433,2.448233404385514e-28,3.0323695325712824e-27,4.314737568606257,3.270232099073414
TC16001854.hg.1,TC16001854.hg.1,1.0441131140426396,7.679566932840632e-24,6.876143583828007e-23,6.868606000120097,5.824492886077457
TC06002113.hg.1,TC06002113.hg.1,1.0439143798610515,1.3557639184599857e-16,7.102747585818133e-16,4.931418083828739,3.887503703967688
TC11001724.hg.1,TC11001724.hg.1,1.0431469485782676,9.29133025109389e-37,2.1282917990508124e-35,7.487002547889269,6.443855599311002
TC12002368.hg.1,TC12002368.hg.1,1.0431280672107643,3.8547898171213e-35,7.888267388550944e-34,9.039204642406771,7.996076575196007
TC03002155.hg.1,TC03002155.hg.1,1.042450690762073,1.4135504094296766e-29,1.9212162611227052e-28,8.043128358854256,7.000677668092183
TC0X002150.hg.1,TC0X002150.hg.1,1.0420623071636133,2.226638242403357e-47,1.0838867675574856e-45,7.464296958505975,6.422234651342362
TC02000582.hg.1,TC02000582.hg.1,1.0419618191460485,1.690906029647909e-30,2.4676031138302052e-29,5.453620202966432,4.4116583838203836
TC02004726.hg.1,TC02004726.hg.1,1.0413778751054128,3.587859981495645e-21,2.6560803626298557e-20,5.103966586200684,4.062588711095271
TC22000467.hg.1,TC22000467.hg.1,1.0411369548312166,5.30545019242423e-06,1.0773210803202929e-05,9.369656839007984,8.328519884176767
TC01002500.hg.1,TC01002500.hg.1,1.0410116301214796,1.9921565849389248e-30,2.890035747212246e-29,4.703852047679094,3.6628404175576144
TC13000100.hg.1,TC13000100.hg.1,1.0399117315524835,1.3144513992191394e-19,8.68064134860651e-19,6.664288264576954,5.624376533024471
TC12000007.hg.1,TC12000007.hg.1,1.0396851195436776,7.359992651826107e-28,8.76765340858795e-27,5.975525424247883,4.935840304704206
TC13000120.hg.1,TC13000120.hg.1,1.039241107836684,1.3474950628115282e-17,7.609145876659072e-17,5.4933406094997865,4.454099501663102
TC04002310.hg.1,TC04002310.hg.1,1.0390895780692349,1.985281616135559e-21,1.4970010454308472e-20,3.898915827178286,2.859826249109051
TC02001267.hg.1,TC02001267.hg.1,1.0389621901459214,3.907965653954805e-14,1.6779269883167595e-13,4.300783023479254,3.2618208333333327
TC05000604.hg.1,TC05000604.hg.1,1.0384598543544818,5.068234815082506e-33,8.932823236405024e-32,6.243325125202666,5.204865270848184
TC02004979.hg.1,TC02004979.hg.1,1.0383891704589079,4.76757088897712e-07,1.0762085960641426e-06,9.480745212274064,8.442356041815156
TC01004246.hg.1,TC01004246.hg.1,1.0382820770314263,1.082478529880827e-33,2.0128962985766812e-32,5.216105677055186,4.17782360002376
TC01003706.hg.1,TC01003706.hg.1,1.0380982750659875,1.944367669438032e-38,4.977193065987064e-37,7.336103655797756,6.298005380731769
TC17001290.hg.1,TC17001290.hg.1,1.0380223383370035,1.4328282766461001e-28,1.797982778287804e-27,5.558163706239117,4.520141367902114
TC05000938.hg.1,TC05000938.hg.1,1.0373933799106592,9.466025877640339e-23,7.843358025623625e-22,5.459143847955324,4.421750468044665
TC02001193.hg.1,TC02001193.hg.1,1.0364919301065987,6.058723310259553e-35,1.2212256224302374e-33,7.778132815708881,6.7416408856022825
TC21000202.hg.1,TC21000202.hg.1,1.035642704271849,5.656699434352931e-34,1.0680711803457953e-32,7.282897536179668,6.247254831907819
TC17002570.hg.1,TC17002570.hg.1,1.0354149754320252,1.4454705111594198e-29,1.961399211868993e-28,6.366494242478829,5.331079267046804
TC06003812.hg.1,TC06003812.hg.1,1.0352933239865418,1.5892152771222442e-41,5.155856670769567e-40,7.440225642827119,6.404932318840578
TC17002246.hg.1,TC17002246.hg.1,1.0352878522475395,1.4049767671083162e-27,1.6428182227298855e-26,6.507423499669729,5.472135647422189
TC12000296.hg.1,TC12000296.hg.1,1.0350827381082945,2.2150441496149192e-39,6.10793552458331e-38,5.971271250225185,4.936188512116891
TC16001066.hg.1,TC16001066.hg.1,1.0342630495027674,2.5686104967632344e-26,2.7316845807047723e-25,6.720370554254489,5.686107504751722
TC13001682.hg.1,TC13001682.hg.1,1.0338015239452893,4.201177628213115e-18,2.469751374685084e-17,6.819182552693209,5.78538102874792
TC20001565.hg.1,TC20001565.hg.1,1.0335777646409223,3.32940426172118e-34,6.382546029146638e-33,8.031295767729542,6.99771800308862
TC01003240.hg.1,TC01003240.hg.1,1.0328639894757234,4.1845768296787524e-51,2.5914978658267385e-49,9.001079162913593,7.968215173437869
TC01000427.hg.1,TC01000427.hg.1,1.0319596013513674,1.4204082560287122e-41,4.629496995299127e-40,8.206520701375124,7.174561100023757
TC11000334.hg.1,TC11000334.hg.1,1.0313579380918432,1.2505726405682938e-22,1.0269986497173508e-21,5.303639648711944,4.272281710620101
TC08002553.hg.1,TC08002553.hg.1,1.0310133142350617,4.630848636214229e-41,1.457128936742523e-39,6.272768188314417,5.241754874079355
TC17000728.hg.1,TC17000728.hg.1,1.0309001092961436,2.5321589029164155e-07,5.864264233189866e-07,5.883618853059507,4.852718743763363
PSR01050378.hg.1,PSR01050378.hg.1,1.0305621854464118,5.6783058679963996e-46,2.5405127712975487e-44,9.341105924458056,8.310543739011644
TC08001599.hg.1,TC08001599.hg.1,1.0290107522538054,2.1083754696370006e-27,2.4375067058602518e-26,6.524391447787185,5.495380695533379
TC12002418.hg.1,TC12002418.hg.1,1.028317907453677,2.9331291607542277e-22,2.344591683074979e-21,5.508376228907704,4.480058321454027
TC03000800.hg.1,TC03000800.hg.1,1.0283068570423386,2.2089427111960576e-12,8.107216359631743e-12,4.812838061010027,3.784531203967689
TC15000704.hg.1,TC15000704.hg.1,1.028234594615407,1.3458609599437479e-33,2.481398158108051e-32,6.615118934125982,5.586884339510575
TC16001137.hg.1,TC16001137.hg.1,1.028021724457533,8.796216206319898e-18,5.0366885814285596e-17,7.361439305830781,6.333417581373248
TC12002734.hg.1,TC12002734.hg.1,1.0278962134841896,7.363294474002886e-11,2.364249886940384e-10,8.658074482075303,7.630178268591114
TC12002552.hg.1,TC12002552.hg.1,1.0274513494108666,1.5310812017720737e-15,7.381571784518894e-15,6.504085347985349,5.476633998574482
TC03001959.hg.1,TC03001959.hg.1,1.0260579339210327,2.1446288745272263e-15,1.0213190836758423e-14,5.378905330571068,4.352847396650035
TC07001606.hg.1,TC07001606.hg.1,1.0259104899756908,4.823996698881525e-12,1.7212259407886282e-11,7.563106116015133,6.537195626039442
TC05000762.hg.1,TC05000762.hg.1,1.0257715259034157,7.973489067733968e-12,2.7921811571188318e-11,6.599167596228909,5.573396070325494
TC16000387.hg.1,TC16000387.hg.1,1.0256742419958327,2.1086011299013836e-05,4.0301869553078216e-05,8.815777148862068,7.7901029068662355
TC02002378.hg.1,TC02002378.hg.1,1.0249439001916354,1.4691971966696394e-18,8.947448989821645e-18,7.724218817630457,6.699274917438822
TC03002221.hg.1,TC03002221.hg.1,1.024243642417217,4.741825540790091e-32,7.779130949703267e-31,4.967742588722753,3.9434989463055357
TC07000384.hg.1,TC07000384.hg.1,1.0239006724144257,7.430229736935115e-40,2.1268325788858717e-38,6.545383446826398,5.5214827744119725
TC05003082.hg.1,TC05003082.hg.1,1.023702626351434,1.253566837981251e-22,1.0293077261712444e-21,7.1317983456434275,6.108095719291994
TC01001685.hg.1,TC01001685.hg.1,1.0233038369571705,1.2968648867432627e-20,9.204494047085343e-20,8.35257600552453,7.329272168567359
TC06001348.hg.1,TC06001348.hg.1,1.0230463047329232,4.596907379081678e-34,8.746992260135923e-33,7.050959980784243,6.02791367605132
TC04001724.hg.1,TC04001724.hg.1,1.022645326060844,2.1344628445192523e-26,2.281586297121773e-25,7.649895352789287,6.627250026728443
TC10001324.hg.1,TC10001324.hg.1,1.021908649192338,4.0026427218683415e-21,2.951138226377001e-20,3.9427345781540852,2.9208259289617473
TC19001809.hg.1,TC19001809.hg.1,1.021654308474254,1.6320372168393653e-30,2.3853957435140756e-29,6.147651625532937,5.125997317058683
TC02002255.hg.1,TC02002255.hg.1,1.0212241067088046,1.851173290203011e-17,1.0333382278289649e-16,6.15134972977842,5.130125623069615
TC04000319.hg.1,TC04000319.hg.1,1.0208735416650416,3.434726658102047e-24,3.144254561038476e-23,8.010623155587584,6.989749613922543
TC10000047.hg.1,TC10000047.hg.1,1.0202991656353895,3.177926554496771e-22,2.5327342894702475e-21,8.701723457034769,7.681424291399379
TC02003767.hg.1,TC02003767.hg.1,1.0199121776269537,1.4504119425545056e-38,3.757086362490363e-37,8.332827008346841,7.312914830719888
TC06002746.hg.1,TC06002746.hg.1,1.0191287784026386,4.848898501651802e-41,1.5214969725594625e-39,7.666854935447067,6.647726157044429
TC08002044.hg.1,TC08002044.hg.1,1.0190973905472025,1.9151424226793146e-30,2.7818873636128106e-29,3.856590422146158,2.8374930315989557
TC13001260.hg.1,TC13001260.hg.1,1.019053218613172,3.2170682493473e-12,1.1629432721962962e-11,4.997147096018733,3.9780938774055614
TC03000166.hg.1,TC03000166.hg.1,1.018668295397879,6.480207221055637e-30,9.038327095117848e-29,4.877274597369842,3.8586063019719634
TC01000931.hg.1,TC01000931.hg.1,1.0184764169140434,4.2993737819344194e-41,1.3558528229691229e-39,6.709349809643909,5.690873392729865
TC01002791.hg.1,TC01002791.hg.1,1.0183448664557107,1.322181269589124e-12,4.9597621587552664e-12,3.9643429598270576,2.945998093371347
TC02000264.hg.1,TC02000264.hg.1,1.018200194194022,2.638666379766848e-27,3.0307060222655956e-26,4.1871803795112,3.168980185317178
TC16001795.hg.1,TC16001795.hg.1,1.017899094131101,1.6951954359511187e-19,1.1102801962559812e-18,5.073480321263436,4.055581227132335
TC13000270.hg.1,TC13000270.hg.1,1.0172095799229264,5.877665004492819e-33,1.0311135081575741e-31,4.737232281871133,3.720022701948207
TC07000843.hg.1,TC07000843.hg.1,1.0169621172839962,4.597355294435213e-37,1.0749009158783499e-35,6.912770582477632,5.895808465193636
TC16001335.hg.1,TC16001335.hg.1,1.0166092847809143,3.2693788364093506e-15,1.5330104321188725e-14,7.374366003122565,6.35775671834165
TC07002184.hg.1,TC07002184.hg.1,1.016300281474284,4.54588087531123e-27,5.1293901444661803e-26,6.7738026169458925,5.757502335471608
TC06000223.hg.1,TC06000223.hg.1,1.0161923254590546,8.739307947577618e-31,1.305066902558057e-29,7.4085061280249835,6.392313802565929
TC06003537.hg.1,TC06003537.hg.1,1.015925466478163,1.1044173819389915e-34,2.1893541761853136e-33,8.60565652254849,7.589731056070327
TC15000324.hg.1,TC15000324.hg.1,1.0150591752824258,4.08835342304005e-28,4.9731936917005945e-27,7.394007350027021,6.378948174744595
TC15001766.hg.1,TC15001766.hg.1,1.013994016223739,6.184994275292672e-20,4.17898212004146e-19,5.6941767056986725,4.680182689474933
TC11002666.hg.1,TC11002666.hg.1,1.0139438126176508,5.338049264929964e-26,5.552397924572616e-25,3.7966796679277,2.782735855310049
3213032_st,3213032_st,1.0135862443573238,1.0899233388917932e-37,2.6470639230993195e-36,9.405912131147538,8.392325886790214
TC19000532.hg.1,TC19000532.hg.1,1.0133034749973238,4.787855326855646e-38,1.1952266452678841e-36,10.230148770792052,9.216845295794728
TC11001478.hg.1,TC11001478.hg.1,1.0127134303520187,6.504426138660426e-27,7.242287623661811e-26,5.6290129147901276,4.616299484438109
TC03001583.hg.1,TC03001583.hg.1,1.0122563556964508,4.369016144178124e-22,3.445019606180872e-21,5.540712155767729,4.528455800071278
TC05000697.hg.1,TC05000697.hg.1,1.0121321015798177,1.3292100754139361e-30,1.955446519809738e-29,5.216291378130068,4.20415927655025
TC16000638.hg.1,TC16000638.hg.1,1.0118807572731354,1.3971340939285375e-28,1.7555347730792924e-27,6.464508740166934,5.452627982893799
TC03003098.hg.1,TC03003098.hg.1,1.0115757055655195,1.014663190816395e-41,3.3437656483340756e-40,7.115354037710922,6.103778332145403
TC12002520.hg.1,TC12002520.hg.1,1.011214742682479,1.0443200326372875e-20,7.472219099724856e-20,6.027899059028404,5.016684316345925
TC0X000084.hg.1,TC0X000084.hg.1,1.0111983666998219,3.0070565217213543e-36,6.660860417843556e-35,5.866230446766348,4.855032080066526
TC0X001279.hg.1,TC0X001279.hg.1,1.0110780599591696,1.3281388432419788e-10,4.171868896944822e-10,5.030549986188674,4.019471926229505
TC02003487.hg.1,TC02003487.hg.1,1.0110081493672656,4.1509790578346196e-29,5.447544463477869e-28,7.2136687581817105,6.202660608814445
TC20001202.hg.1,TC20001202.hg.1,1.0108632104086235,4.556751234752632e-22,3.589037989142454e-21,8.801730603494866,7.790867393086242
PSR11017848.hg.1,PSR11017848.hg.1,1.0108098903579226,1.1086097299885711e-13,4.583434247874484e-13,5.74029657959527,4.729486689237348
TC04002392.hg.1,TC04002392.hg.1,1.0104418926280418,4.569848255314818e-16,2.2991055722164384e-15,5.4343598048399695,4.423917912211928
TC06001830.hg.1,TC06001830.hg.1,1.0103652045133549,1.2113563649186488e-26,1.320946524785795e-25,5.789177613042696,4.778812408529341
TC19001595.hg.1,TC19001595.hg.1,1.0098330512911886,1.6278583627678618e-23,1.4287572045836533e-22,6.81243968053804,5.802606629246851
3607147_st,3607147_st,1.0097918543466484,1.9826195498296248e-39,5.484288473090619e-38,10.206248851258033,9.196456996911385
TC08002357.hg.1,TC08002357.hg.1,1.009373200820324,1.5506545709821586e-21,1.1779295756788937e-20,6.039643983666606,5.030270782846282
TC14001348.hg.1,TC14001348.hg.1,1.0091100543902494,9.072912899348851e-40,2.576122797964084e-38,7.766115167837624,6.7570051134473745
TC06001387.hg.1,TC06001387.hg.1,1.0089498397599037,6.754551711521907e-27,7.505973970073723e-26,9.47474055845793,8.465790718698026
TC03001949.hg.1,TC03001949.hg.1,1.0089288258741727,5.2972075109575434e-15,2.4388595834274742e-14,5.313436515943073,4.304507690068901
TC15001612.hg.1,TC15001612.hg.1,1.0085999645187362,3.7884912481347726e-37,8.902086598803316e-36,7.798276845012913,6.789676880494177
PSR16011483.hg.1,PSR16011483.hg.1,1.0081485826421082,4.770330999594357e-43,1.719696705016706e-41,8.761444466462496,7.753295883820388
TC06003728.hg.1,TC06003728.hg.1,1.007689781407712,4.939124848114071e-45,2.0489378358889682e-43,7.799867539782624,6.792177758374912
PSR02024018.hg.1,PSR02024018.hg.1,1.0074819210339427,2.7229624202531605e-42,9.355913144082996e-41,9.256472090314057,8.248990169280114
TC0X002337.hg.1,TC0X002337.hg.1,1.0073264186306758,8.302438341197242e-13,3.1767173030428346e-12,6.998240841890355,5.990914423259679
TC07003096.hg.1,TC07003096.hg.1,1.006976501328916,5.440558440026521e-13,2.118179739627467e-12,4.630022275265719,3.623045773936803
TC0X001611.hg.1,TC0X001611.hg.1,1.0069673389701288,2.672056837628103e-31,4.149521130341379e-30,5.439753218038792,4.432785879068663
TC16001522.hg.1,TC16001522.hg.1,1.0068411063550338,2.0568203511346783e-40,6.123572061758115e-39,6.291088123461235,5.2842470171062015
TC12002221.hg.1,TC12002221.hg.1,1.0067926441116506,2.0169941200382237e-13,8.160841527848286e-13,4.452256646249925,3.4454640021382743
TC02004505.hg.1,TC02004505.hg.1,1.0064095136272604,1.1070920417688616e-40,3.383527562974845e-39,6.24761574551132,5.2412062318840595
TC08000332.hg.1,TC08000332.hg.1,1.006133193914656,1.2368078233743064e-26,1.3473300594541729e-25,7.3981307800396285,6.3919975861249725
TC16001083.hg.1,TC16001083.hg.1,1.0055536012508517,3.3416926578242704e-26,3.52527330533152e-25,4.809049402510057,3.8034958012592055
PSR01050376.hg.1,PSR01050376.hg.1,1.0054426482367749,2.253525004071924e-38,5.745114038849064e-37,9.530068501170964,8.52462585293419
TC10000145.hg.1,TC10000145.hg.1,1.0053498186186616,7.608611397640029e-19,4.7463803387003e-18,7.804076263736263,6.798726445117602
TC09000463.hg.1,TC09000463.hg.1,1.005250744153682,2.6558152877058307e-44,1.0522176046473846e-42,8.117615292740044,7.1123645485863625
TC18000088.hg.1,TC18000088.hg.1,1.005140099042082,7.521999368505948e-38,1.8523621142399326e-36,6.980674467062988,5.975534368020906
TC20000268.hg.1,TC20000268.hg.1,1.0049928714437133,6.1742210728270675e-21,4.493513989767254e-20,8.762231987029367,7.757239115585653
TC07002911.hg.1,TC07002911.hg.1,1.0048896498737685,1.5509357259176495e-12,5.778674665488175e-12,7.292867460517625,6.287977810643857
PSR01050384.hg.1,PSR01050384.hg.1,1.003435766260944,2.665962866045422e-32,4.4591844938200605e-31,9.435186944094157,8.431751177833213
TC06000167.hg.1,TC06000167.hg.1,1.0031195349055828,1.0740575310537129e-26,1.1766248113978325e-25,7.4127154626794,6.409595927773817
TC12001282.hg.1,TC12001282.hg.1,1.0027842384907784,3.2248430883542667e-27,3.676282023818368e-26,8.160528411097097,7.157744172606319
PSR01050383.hg.1,PSR01050383.hg.1,1.002324807365948,5.322019517259439e-41,1.6643996514675334e-39,9.889502496246921,8.887177688880973
TC12002416.hg.1,TC12002416.hg.1,1.0015225969468862,1.339470504956616e-38,3.479293137598635e-37,6.840963946436076,5.8394413494891895
TC22000224.hg.1,TC22000224.hg.1,1.0002326177487264,1.1054650600353975e-26,1.20915331052883e-25,7.265035586981323,6.264802969232597
TC6_qbl_hap6000072.hg.1,TC6_qbl_hap6000072.hg.1,-1.0002553365564104,4.166926959692148e-38,1.045307626553631e-36,5.557657069597071,6.5579124061534815
TC11001265.hg.1,TC11001265.hg.1,-1.000605532427893,1.8281686907487e-53,1.3240259460161767e-51,6.275214841770253,7.275820374198146
TC11002009.hg.1,TC11002009.hg.1,-1.001285064807492,3.299949191577856e-27,3.758863991327266e-26,7.99048420164535,8.991769266452842
TC01002864.hg.1,TC01002864.hg.1,-1.0016098741250445,2.980000170991247e-24,2.7431171422252275e-23,6.1808828919714145,7.182492766096459
TC03001242.hg.1,TC03001242.hg.1,-1.0029817641161394,1.1685421243583826e-18,7.17219425283412e-18,4.398012564703056,5.400994328819196
TC07001738.hg.1,TC07001738.hg.1,-1.0036099623974257,4.2773276587454327e-16,2.158288810044717e-15,7.822879197141659,8.826489159539085
TC17001963.hg.1,TC17001963.hg.1,-1.0037432344805293,4.288344789267796e-55,3.4464364148277853e-53,6.739117673692429,7.7428609081729585
TC6_mcf_hap5000071.hg.1,TC6_mcf_hap5000071.hg.1,-1.0038445470394404,1.410769206324491e-38,3.6560761177039565e-37,5.558247792589924,6.5620923396293644
TC06002169.hg.1,TC06002169.hg.1,-1.0054300688869207,5.604153303104291e-27,6.273315893939244e-26,4.065451695190056,5.070881764076977
TC12002518.hg.1,TC12002518.hg.1,-1.0057250170813976,1.2001917566278689e-31,1.90685492890541e-30,4.19675618807422,5.2024812051556175
TC04000412.hg.1,TC04000412.hg.1,-1.0065337351671824,1.6985916287888046e-34,3.324007718106374e-33,4.5334813372965845,5.540015072463767
TC22001152.hg.1,TC22001152.hg.1,-1.007046641524311,1.303652268354035e-56,1.1711696445222603e-54,6.415189252987449,7.4222358945117595
TC0X000579.hg.1,TC0X000579.hg.1,-1.0073426387790168,5.339035787396138e-28,6.4321529159366915e-27,6.066325101182969,7.073667739961985
TC05001793.hg.1,TC05001793.hg.1,-1.0093857065511074,7.686129267238508e-51,4.693030746743097e-49,7.434387347024561,8.443773053575669
TC19002673.hg.1,TC19002673.hg.1,-1.0099322772107922,4.2132898427342496e-69,1.1107728333989761e-66,6.466920879120881,7.476853156331673
TC12002538.hg.1,TC12002538.hg.1,-1.010045728390761,3.4462012029712293e-18,2.0401655768020023e-17,6.970646867831622,7.980692596222383
TC07000406.hg.1,TC07000406.hg.1,-1.0123567772290674,6.909023999728487e-28,8.244359475818143e-27,4.213552724434036,5.225909501663104
TC04001729.hg.1,TC04001729.hg.1,-1.0125457961550195,2.4542841250601953e-64,4.241265455904741e-62,4.623143037891072,5.635688834046092
TC15002368.hg.1,TC15002368.hg.1,-1.0133957376592262,5.211604156085769e-43,1.868032295286194e-41,7.239482681799076,8.252878419458302
TC06003895.hg.1,TC06003895.hg.1,-1.0134310490014866,1.406452712399375e-25,1.4182171425942438e-24,3.8085291749234353,4.821960223924922
TC01002295.hg.1,TC01002295.hg.1,-1.014599693703186,7.066489071463774e-27,7.83255757237413e-26,6.665158179307032,7.679757873010218
TC16000990.hg.1,TC16000990.hg.1,-1.0146296356969273,2.235760884982482e-56,1.9616976299990928e-54,5.966400237194497,6.981029872891424
TC12000090.hg.1,TC12000090.hg.1,-1.0150134483341562,1.3432058594505289e-51,8.62127283031626e-50,7.747137070197561,8.762150518531717
TC01000116.hg.1,TC01000116.hg.1,-1.0160947790775428,3.811038667851926e-24,3.475208979519475e-23,6.139949286615024,7.156044065692567
TC03003038.hg.1,TC03003038.hg.1,-1.0162616308198853,2.159334443375415e-28,2.68160534066375e-27,8.457590128505373,9.473851759325258
TC17001237.hg.1,TC17001237.hg.1,-1.0181471438818939,9.865091208879749e-12,3.4260924335030944e-11,9.637058719149703,10.655205863031597
TC17000231.hg.1,TC17000231.hg.1,-1.0181799044499087,9.776876966488976e-12,3.396292375441014e-11,9.63683687803999,10.655016782489898
TC15000758.hg.1,TC15000758.hg.1,-1.0189524502831464,3.782390444398625e-43,1.3785200522744294e-41,4.676548071218398,5.695500521501544
TC01004998.hg.1,TC01004998.hg.1,-1.0193357930089668,3.406692199251666e-11,1.1267367833121144e-10,8.375925021317478,9.395260814326445
TC07001828.hg.1,TC07001828.hg.1,-1.0194625209258543,1.3475921365600584e-33,2.4837782803151053e-32,4.117896981925179,5.137359502851034
TC08001660.hg.1,TC08001660.hg.1,-1.0195144631859003,1.5200671262917695e-34,2.983964757520148e-33,6.598656763946436,7.618171227132336
TC02002181.hg.1,TC02002181.hg.1,-1.0196293035919917,4.776423328533497e-64,8.11675455871093e-62,5.653829042214616,6.6734583458066075
TC21000169.hg.1,TC21000169.hg.1,-1.0196677541975738,2.6123662204235302e-23,2.259804928301974e-22,8.845877706719511,9.865545460917085
TC11002742.hg.1,TC11002742.hg.1,-1.0197033861244487,1.850000796555669e-32,3.133393723808998e-31,6.29621383174203,7.315917217866478
TC15002008.hg.1,TC15002008.hg.1,-1.0199749629783366,1.039684778112395e-46,4.87183852255358e-45,5.072480564462859,6.092455527441196
TC16000153.hg.1,TC16000153.hg.1,-1.0200670906338871,1.31158201114506e-39,3.6759480330244406e-38,4.755176131627935,5.775243222261822
TC12000562.hg.1,TC12000562.hg.1,-1.0202475095099737,2.629019671923947e-27,3.020240925485751e-26,3.0290101086891243,4.049257618199098
TC05002657.hg.1,TC05002657.hg.1,-1.0204858045488612,1.921075844439031e-28,2.3936231667747626e-27,3.7024400798654886,4.72292588441435
TC03003247.hg.1,TC03003247.hg.1,-1.0209684757218316,1.241662897586236e-74,6.038977358277609e-72,5.446873730859305,6.467842206581136
TC06003829.hg.1,TC06003829.hg.1,-1.0215252946263718,3.015598351424431e-27,3.4454035599567343e-26,4.196385790548251,5.217911085174623
TC17001232.hg.1,TC17001232.hg.1,-1.0219420807192332,1.0182761160233265e-11,3.531634715301164e-11,9.69661152465021,10.718553605369443
TC08002362.hg.1,TC08002362.hg.1,-1.021965876333811,9.481499836414507e-26,9.674936837960455e-25,3.402948940130908,4.424914816464719
TC15001894.hg.1,TC15001894.hg.1,-1.0227378263872051,1.83638789223773e-44,7.36356304934387e-43,5.8316434150003005,6.854381241387506
TC06000639.hg.1,TC06000639.hg.1,-1.0244148597654466,1.7025588534255157e-38,4.374087677256864e-37,10.242458420704974,11.26687328047042
TC11001173.hg.1,TC11001173.hg.1,-1.0246912491351647,1.4969924910698173e-38,3.874189099136558e-37,7.152859396505134,8.177550645640299
TC12002360.hg.1,TC12002360.hg.1,-1.024994724778665,3.2167877806534953e-22,2.5615346931391516e-21,4.673937068996579,5.698931793775244
TC08001572.hg.1,TC08001572.hg.1,-1.0258429550296473,1.5280326079645884e-28,1.914894350869528e-27,3.631479339458356,4.6573222944880035
TC19000767.hg.1,TC19000767.hg.1,-1.0258531466781022,4.322210813455897e-41,1.3622932383997473e-39,10.02423252747253,11.050085674150631
TC16000991.hg.1,TC16000991.hg.1,-1.0260692486077723,1.0795229621793186e-50,6.534820437793218e-49,6.27993213354951,7.306001382157282
TC18000877.hg.1,TC18000877.hg.1,-1.0262039510507304,1.4531372865811678e-14,6.458413379103225e-14,5.088830820272623,6.115034771323353
TC20000330.hg.1,TC20000330.hg.1,-1.0270134496526282,6.237142343064827e-39,1.6661320866999594e-37,6.96844246802378,7.995455917676408
TC09000111.hg.1,TC09000111.hg.1,-1.0281531759977982,1.205225511963433e-16,6.340583078511093e-16,3.9104117426289555,4.938564918626754
TC19001182.hg.1,TC19001182.hg.1,-1.0282729349914748,1.644657143214688e-61,2.313921862989682e-59,6.625073314117577,7.653346249109052
TC0X002160.hg.1,TC0X002160.hg.1,-1.029357085686354,4.137143631131964e-18,2.4333754105630022e-17,5.59882467423287,6.628181759919224
TC15000452.hg.1,TC15000452.hg.1,-1.0296592236155355,1.512254612417227e-40,4.564921387017395e-39,10.71307869513001,11.742737918745545
TC05001840.hg.1,TC05001840.hg.1,-1.030058581813175,1.352153245220459e-63,2.217609935722321e-61,5.94846451690386,6.978523098717035
TC11001994.hg.1,TC11001994.hg.1,-1.0301722711405938,2.6426298619227252e-39,7.233958833088612e-38,6.833291055065155,7.863463326205749
TC03002735.hg.1,TC03002735.hg.1,-1.0304316889827918,5.04916187912527e-49,2.7576342197143224e-47,4.959900405932865,5.990332094915657
TC17001187.hg.1,TC17001187.hg.1,-1.0307166598523878,5.346369950891126e-13,2.083234338624046e-12,5.4932947252747235,6.524011385127111
TC16000008.hg.1,TC16000008.hg.1,-1.0312542075523732,2.217785686948463e-23,1.9294222495953492e-22,7.401217713925415,8.432471921477788
TC19001390.hg.1,TC19001390.hg.1,-1.0330508799237101,1.7370285527498776e-26,1.8698659967380766e-25,5.49809281751036,6.53114369743407
TC01005268.hg.1,TC01005268.hg.1,-1.0334665729506831,1.1000177467383322e-27,1.293741947789936e-26,9.07598506995737,10.109451642908054
TC19002362.hg.1,TC19002362.hg.1,-1.0338267876789402,1.3474704862910068e-60,1.723845575863175e-58,5.3838437302588105,6.417670517937751
TC01004496.hg.1,TC01004496.hg.1,-1.0339138284001548,1.423833606304611e-24,1.3419775577928592e-23,5.14217489101063,6.176088719410785
TC01001197.hg.1,TC01001197.hg.1,-1.0347312073226167,3.356334398463534e-23,2.879964624981227e-22,6.328278817029963,7.36301002435258
TC20001244.hg.1,TC20001244.hg.1,-1.0351381930987742,9.379930570014455e-20,6.267877802902707e-19,6.822623502672194,7.857761695770968
TC19002701.hg.1,TC19002701.hg.1,-1.0353200394693198,3.0646916609331e-45,1.2941899260967337e-43,6.679783527292381,7.715103566761701
TC01005744.hg.1,TC01005744.hg.1,-1.0354745114929038,9.660664892380654e-44,3.68267156688062e-42,4.461347838827838,5.496822350320742
TC09000778.hg.1,TC09000778.hg.1,-1.035639918972688,1.0642365922420385e-43,4.043239061354298e-42,5.583701115714886,6.619341034687574
TC17001738.hg.1,TC17001738.hg.1,-1.0359842396852414,3.0255869433302065e-19,1.9454930951539047e-18,5.672287052783282,6.708271292468523
TC02004149.hg.1,TC02004149.hg.1,-1.036079942737826,4.14542238584839e-39,1.1249468021394635e-37,3.030935705278329,4.067015648016155
TC12002398.hg.1,TC12002398.hg.1,-1.036219052710175,2.2106845288740224e-29,2.964639879962315e-28,7.7175860577673685,8.753805110477543
TC18000953.hg.1,TC18000953.hg.1,-1.0375864381466702,1.0885263459135718e-26,1.1920124103989108e-25,5.67719107848436,6.71477751663103
TC11003364.hg.1,TC11003364.hg.1,-1.0383672463507052,1.5418893399801022e-21,1.1714289359412525e-20,5.158361969615082,6.196729215965787
TC19001275.hg.1,TC19001275.hg.1,-1.038681550765105,6.286064187517629e-20,4.245746071248289e-19,6.358654542725035,7.39733609349014
TC09001033.hg.1,TC09001033.hg.1,-1.0388286922058745,2.659818426464044e-40,7.856630156243374e-39,7.0036094427430475,8.042438134948922
TC06000950.hg.1,TC06000950.hg.1,-1.0391597995921869,1.1332648290699572e-28,1.4358081097343104e-27,6.566944830961387,7.606104630553574
TC6_dbb_hap3000079.hg.1,TC6_dbb_hap3000079.hg.1,-1.0395603251209495,2.5983643912273957e-37,6.16720749786568e-36,5.511258722752656,6.550819047873605
TC01006278.hg.1,TC01006278.hg.1,-1.0397415790339375,2.746792758411226e-68,6.622587771113015e-66,6.443558335435058,7.483299914468995
TC04000648.hg.1,TC04000648.hg.1,-1.0423628224252592,7.600572151371807e-48,3.825237106477204e-46,6.065647549990992,7.108010372416251
TC01002167.hg.1,TC01002167.hg.1,-1.0430438889780937,2.1481826249153518e-33,3.900745649580763e-32,7.2846817768570205,8.327725665835114
TC03002070.hg.1,TC03002070.hg.1,-1.043534127667293,1.5055958979379534e-90,1.061783867123293e-86,5.217097194499492,6.260631322166785
47419064_st,47419064_st,-1.0436183024275536,1.5130824630896583e-21,1.1503178332110544e-20,4.317889291418965,5.361507593846518
TC09001468.hg.1,TC09001468.hg.1,-1.0439251173571025,1.6937181297402982e-39,4.709521411714546e-38,7.012972317900679,8.056897435257781
TC01005303.hg.1,TC01005303.hg.1,-1.044742902747644,5.845845462515145e-26,6.06270053867977e-25,6.7866019636101615,7.831344866357806
TC12001366.hg.1,TC12001366.hg.1,-1.0464251421796273,1.317125337029555e-14,5.874739288839706e-14,6.780831072479435,7.827256214659062
TC01005130.hg.1,TC01005130.hg.1,-1.046694684519566,4.858005817374845e-41,1.5235073496645582e-39,4.94540918813427,5.992103872653836
TC10002051.hg.1,TC10002051.hg.1,-1.047226465873754,2.7735952529962143e-45,1.174780007383937e-43,4.269829784423228,5.317056250296982
TC18000430.hg.1,TC18000430.hg.1,-1.0476819415747016,1.1273071542176527e-14,5.056480762176143e-14,5.078369899717768,6.12605184129247
TC05002519.hg.1,TC05002519.hg.1,-1.0484998926946196,3.557507545349478e-23,3.04378921282267e-22,3.414638342040473,4.4631382347350925
TC05000392.hg.1,TC05000392.hg.1,-1.0494439144663819,1.0226027286233006e-43,3.8903034891078474e-42,4.534460306251127,5.583904220717509
TC01004008.hg.1,TC01004008.hg.1,-1.0499386046253543,1.1481599819503783e-47,5.6821833211996884e-46,5.845612909986189,6.895551514611543
TC12002396.hg.1,TC12002396.hg.1,-1.0513641833433827,1.8321259006109003e-26,1.9681050849327068e-25,8.872601744430437,9.92396592777382
TC01003483.hg.1,TC01003483.hg.1,-1.0516250753356862,6.341046153363453e-41,1.9732440258161022e-39,3.7392607740347086,4.790885849370395
TC16002069.hg.1,TC16002069.hg.1,-1.0523811313015834,4.127680484102172e-59,4.5572500499427855e-57,7.326848816429472,8.379229947731055
TC01006089.hg.1,TC01006089.hg.1,-1.0524744874340461,8.760260847712214e-46,3.8582076229994357e-44,7.755103003062508,8.807577490496554
TC07002990.hg.1,TC07002990.hg.1,-1.0536692426942276,7.6809229921226e-33,1.331721921848718e-31,5.582665628415301,6.636334871109528
TC15001685.hg.1,TC15001685.hg.1,-1.0538759082643345,5.750734338193689e-51,3.5342584955578604e-49,8.03699261454393,9.090868522808265
TC10002919.hg.1,TC10002919.hg.1,-1.0539101536542663,9.840074198768511e-30,1.3543725448795363e-28,7.354764934846571,8.408675088500837
TC01000800.hg.1,TC01000800.hg.1,-1.0542220016174104,6.14327266785747e-26,6.352477224618451e-25,5.840494867591428,6.894716869208838
TC22001153.hg.1,TC22001153.hg.1,-1.0544879349653664,4.574640319387918e-23,3.882835227008087e-22,3.9057764312736447,4.960264366239011
TC6_dbb_hap3000076.hg.1,TC6_dbb_hap3000076.hg.1,-1.0545249754450827,1.2013897970798819e-38,3.1292709866875703e-37,5.767076903861166,6.8216018793062485
TC03003057.hg.1,TC03003057.hg.1,-1.0547985234609758,4.3334002360042e-77,3.0182935125294437e-74,6.037183218639285,7.091981742100261
TC09000032.hg.1,TC09000032.hg.1,-1.0551934533339065,1.2449055946247558e-52,8.575712312275882e-51,5.782098085630218,6.8372915389641244
TC15001461.hg.1,TC15001461.hg.1,-1.0554000807988642,3.586835884325643e-32,5.929156370403871e-31,5.545757484537323,6.601157565336187
TC10001242.hg.1,TC10001242.hg.1,-1.055580869943789,2.3526965059091643e-37,5.5958866555810804e-36,4.885303298504774,5.940884168448563
TC10001559.hg.1,TC10001559.hg.1,-1.0568198213600324,8.556008190264509e-23,7.115460938654821e-22,7.449999221761849,8.506819043121881
TC16001237.hg.1,TC16001237.hg.1,-1.0569835935815224,4.482614649494566e-53,3.153368494952424e-51,6.741107368642287,7.798090962223809
TC06000093.hg.1,TC06000093.hg.1,-1.0570442393131874,1.1210785706306437e-64,2.001550974615179e-62,6.635020584279112,7.6920648235922995
TC6_cox_hap2000085.hg.1,TC6_cox_hap2000085.hg.1,-1.0577618303204304,9.704764977709422e-39,2.5513673369637004e-37,5.536083523088933,6.593845353409363
TC21000985.hg.1,TC21000985.hg.1,-1.05848419170459,2.2596183081385903e-12,8.282967039735104e-12,2.999296494325348,4.057780686029938
TC6_ssto_hap7000069.hg.1,TC6_ssto_hap7000069.hg.1,-1.059457051177617,1.7589305266726138e-38,4.514801749491153e-37,5.602655991112711,6.662113042290328
TC03002673.hg.1,TC03002673.hg.1,-1.059671368724528,8.106667055398908e-33,1.402950742121152e-31,3.3692891046658264,4.4289604733903545
TC12000521.hg.1,TC12000521.hg.1,-1.0603848814158106,1.0950521543653936e-29,1.5017173661883027e-28,8.555985008106642,9.616369889522453
TC13000163.hg.1,TC13000163.hg.1,-1.060445976837963,8.928508351173704e-23,7.4110428741579815e-22,4.61318903801117,5.6736350148491335
TC06002898.hg.1,TC06002898.hg.1,-1.0604552776233032,1.7793926959738255e-33,3.2425638605119924e-32,4.735589759202544,5.796045036825848
TC10002950.hg.1,TC10002950.hg.1,-1.0608817529809231,3.3350078901997044e-44,1.3084455851828021e-42,6.946309654716868,8.00719140769779
TC03000181.hg.1,TC03000181.hg.1,-1.0621842863800488,4.0430439364432984e-29,5.314549226613653e-28,6.458452647571009,7.5206369339510575
TC11000252.hg.1,TC11000252.hg.1,-1.0623302209420418,2.9294303351076847e-32,4.879616198585928e-31,6.7834938263375975,7.845824047279639
TC19000168.hg.1,TC19000168.hg.1,-1.0627174390826566,4.1930811345163365e-71,1.2998090738853994e-68,6.648039210952986,7.710756650035642
TC06004140.hg.1,TC06004140.hg.1,-1.063380572301896,2.573615392956703e-33,4.634479196930459e-32,6.417296911067075,7.480677483368971
TC12002704.hg.1,TC12002704.hg.1,-1.065650692883382,7.7920270410829e-32,1.2592683517726011e-30,3.359515052543087,4.425165745426469
TC22000627.hg.1,TC22000627.hg.1,-1.065674458727898,1.0583981169094879e-34,2.0996028466877456e-33,8.019808977361437,9.085483436089335
TC01000261.hg.1,TC01000261.hg.1,-1.0661625658909877,2.4262444290215745e-29,3.2413890172043377e-28,6.280759347865249,7.346921913756237
TC05001261.hg.1,TC05001261.hg.1,-1.0662450153582421,2.0399719279729163e-25,2.0366507915833654e-24,5.059650608899299,6.1258956242575415
TC06000391.hg.1,TC06000391.hg.1,-1.0666730805456117,3.775909979887651e-39,1.0266471770857902e-37,5.781795770131509,6.84846885067712
TC16001887.hg.1,TC16001887.hg.1,-1.0673935580741434,1.3864839680489616e-42,4.861569453659808e-41,3.7894081216597595,4.856801679733903
TC06003402.hg.1,TC06003402.hg.1,-1.0675159310700009,5.68022825798697e-48,2.881898541898461e-46,4.293232319702155,5.360748250772156
TC09002738.hg.1,TC09002738.hg.1,-1.0681651586344305,5.649955411853421e-38,1.4048443562183619e-36,7.533604640605294,8.601769799239724
TC07003054.hg.1,TC07003054.hg.1,-1.0683169768275222,1.426264221732305e-29,1.936629960570233e-28,4.02177687503753,5.090093851865052
TC09001694.hg.1,TC09001694.hg.1,-1.0683408853020318,4.859397454014466e-48,2.482113630933859e-46,5.885895983906804,6.954236869208835
TC16000189.hg.1,TC16000189.hg.1,-1.0688438847681185,3.1050085983436054e-32,5.161413526851783e-31,6.108928175103585,7.177772059871703
TC13001054.hg.1,TC13001054.hg.1,-1.0694911033852126,3.2101699635847595e-22,2.556625762359189e-21,5.20930193118357,6.278793034568783
TC06004051.hg.1,TC06004051.hg.1,-1.0699581691443516,2.3346389585544574e-31,3.639559567939359e-30,6.079413411397344,7.149371580541696
TC15000108.hg.1,TC15000108.hg.1,-1.0714977454382164,2.8298920268541484e-36,6.278287391704968e-35,2.500415507115835,3.5719132525540513
TC22000655.hg.1,TC22000655.hg.1,-1.0715616784937572,2.009357846414076e-54,1.5489908652818162e-52,5.941350278027982,7.012911956521739
TC05001947.hg.1,TC05001947.hg.1,-1.0720188801991544,1.3765189856195846e-30,2.022407503403274e-29,7.326478814027503,8.398497694226657
TC01001422.hg.1,TC01001422.hg.1,-1.0723145090844053,1.006680816586541e-31,1.609833285435926e-30,7.144149535819372,8.216464044903777
TC08002486.hg.1,TC08002486.hg.1,-1.0725889740848373,4.1470830310632374e-23,3.5310916155527575e-22,6.9639811601513255,8.036570134236163
TC02001940.hg.1,TC02001940.hg.1,-1.0728601714014196,4.01428490666694e-41,1.2687838983996383e-39,10.715910023419198,11.788770194820618
TC17000999.hg.1,TC17000999.hg.1,-1.0728830242755567,7.110864270254111e-65,1.294131420642569e-62,7.058435701074881,8.131318725350438
TC03002911.hg.1,TC03002911.hg.1,-1.0730188239813163,3.4465528716786816e-53,2.4489624674353634e-51,6.536539942352728,7.609558766334044
TC09000881.hg.1,TC09000881.hg.1,-1.0731134364156878,5.9712711033499367e-36,1.297216685055051e-34,5.190168494565545,6.263281930981233
TC19002512.hg.1,TC19002512.hg.1,-1.0734833513285267,1.140906803411837e-27,1.340993334060188e-26,7.144744246081787,8.218227597410314
TC16000058.hg.1,TC16000058.hg.1,-1.0739492310694745,1.6361010879495853e-55,1.3654667334310606e-53,7.293083747072601,8.367032978142076
TC01002918.hg.1,TC01002918.hg.1,-1.0769810546670016,2.2433894535033385e-50,1.3294910313839428e-48,5.73182963730259,6.808810691969591
TC01005889.hg.1,TC01005889.hg.1,-1.0771844113934304,8.101952314281556e-62,1.163094009331137e-59,6.476270927760765,7.553455339154195
TC10002173.hg.1,TC10002173.hg.1,-1.078069692900355,1.082293634312174e-31,1.7263455544423023e-30,6.986625848796011,8.064695541696366
TC03001867.hg.1,TC03001867.hg.1,-1.0796126813943934,3.6359019656516916e-25,3.5625272160148865e-24,6.573431399147304,7.653044080541697
TC04002124.hg.1,TC04002124.hg.1,-1.0799902784196087,6.874286629408082e-35,1.3787184609240852e-33,3.1179557515162433,4.197946029935852
TC02001626.hg.1,TC02001626.hg.1,-1.0819085165814206,3.035602061173609e-42,1.03795513386238e-40,5.104774725875217,6.186683242456637
TC04001090.hg.1,TC04001090.hg.1,-1.0836183297630138,2.0165041689107772e-40,6.016241787499112e-39,6.000425902239837,7.084044232002851
TC13001719.hg.1,TC13001719.hg.1,-1.0839641259376176,3.337097131116101e-30,4.753151879406922e-29,6.779976807181888,7.863940933119506
TC12001858.hg.1,TC12001858.hg.1,-1.084640644060741,2.9256270019204275e-33,5.246599624740836e-32,4.606444626193476,5.691085270254217
TC18000224.hg.1,TC18000224.hg.1,-1.0847620491281083,2.4813453284496792e-36,5.535489946242546e-35,6.21371306491323,7.298475114041338
TC08000547.hg.1,TC08000547.hg.1,-1.086415156806841,5.881077720385404e-52,3.8806858810374704e-50,5.547611803278689,6.63402696008553
TC05002411.hg.1,TC05002411.hg.1,-1.086797308442926,7.122820741844396e-47,3.374275440183209e-45,4.4799766942893156,5.566774002732242
TC12003010.hg.1,TC12003010.hg.1,-1.0872601226244631,1.6402691549678674e-26,1.7693663765566975e-25,5.002868882483638,6.090129005108101
TC17002847.hg.1,TC17002847.hg.1,-1.0875176711664398,5.865571456521403e-58,5.775284649808456e-56,5.888489935747315,6.976007606913755
TC04001030.hg.1,TC04001030.hg.1,-1.0886713392155425,9.652519704811806e-70,2.7093326204282214e-67,5.074968049000182,6.163639388215724
TC14002162.hg.1,TC14002162.hg.1,-1.0889660685435967,2.5898288477253377e-28,3.2000211110593103e-27,4.241920983606557,5.330887052150153
TC06000147.hg.1,TC06000147.hg.1,-1.09005917562836,3.473545174179786e-49,1.9063275451057895e-47,6.139128137272562,7.229187312900922
TC22000421.hg.1,TC22000421.hg.1,-1.0901192412452119,1.943993664659695e-72,6.770137936590782e-70,6.450520570467784,7.540639811712996
TC21000771.hg.1,TC21000771.hg.1,-1.0916581466715742,1.8160763917783345e-46,8.377710373781692e-45,4.682685752116735,5.77434389878831
TC06002835.hg.1,TC06002835.hg.1,-1.0933693766562493,7.564042875641668e-39,2.0091721796513734e-37,3.7838065825977303,4.87717595925398
TC06002184.hg.1,TC06002184.hg.1,-1.0943816754390743,2.0273533923861603e-34,3.940035263232601e-33,3.8059022530475004,4.900283928486575
TC06004132.hg.1,TC06004132.hg.1,-1.0960945320271316,5.001692735877456e-81,6.2707889060607615e-78,5.813226660061252,6.909321192088384
TC10002685.hg.1,TC10002685.hg.1,-1.0964330299019123,1.4102494873329933e-31,2.227420368878858e-30,4.546026221701794,5.642459251603706
TC15002038.hg.1,TC15002038.hg.1,-1.0965461715280416,1.1447703119504428e-18,7.030113362318503e-18,6.4734674653215665,7.570013636849608
TC15002035.hg.1,TC15002035.hg.1,-1.096579376989129,1.1543416722131472e-18,7.087348836970435e-18,6.473510650333275,7.570090027322404
TC15002032.hg.1,TC15002032.hg.1,-1.096639845484166,1.1290738540021852e-18,6.935985267323093e-18,6.473424160811867,7.5700640062960325
TC19002172.hg.1,TC19002172.hg.1,-1.0978082629712818,9.135974400452149e-12,3.182080526760769e-11,6.2149948339638525,7.312803096935134
TC06001978.hg.1,TC06001978.hg.1,-1.098288296350832,3.1725585491171684e-42,1.0841272454518014e-40,10.478088812226027,11.576377108576859
TC17001829.hg.1,TC17001829.hg.1,-1.099293065461504,2.7771996865774987e-31,4.30687333472593e-30,4.38664644748694,5.485939512948444
TC03000097.hg.1,TC03000097.hg.1,-1.0993043809445453,1.3298349262402655e-56,1.1927921600735025e-54,6.140636679877502,7.239941060822047
TC06001805.hg.1,TC06001805.hg.1,-1.0997054556693033,3.562862930277963e-45,1.4956071488126646e-43,3.9765985155827765,5.07630397125208
TC16000762.hg.1,TC16000762.hg.1,-1.0997539936400056,3.0556565460264123e-78,2.612030772935123e-75,7.440103732660781,8.539857726300786
TC19002442.hg.1,TC19002442.hg.1,-1.1017610970473983,1.5158323511536666e-49,8.501016857593197e-48,5.885821639944757,6.987582736992155
TC11003334.hg.1,TC11003334.hg.1,-1.1019975485550333,9.243485370435311e-14,3.8458625193895234e-13,6.342179904521707,7.44417745307674
TC04002689.hg.1,TC04002689.hg.1,-1.1022476794493263,3.2722532126138617e-24,3.000877466665293e-23,6.063312561700593,7.16556024114992
TC19001699.hg.1,TC19001699.hg.1,-1.1024011625141297,1.6581842351589497e-32,2.813577088096169e-31,5.740854797333815,6.843255959847944
TC01002882.hg.1,TC01002882.hg.1,-1.1051992712633103,1.1309408087888715e-31,1.8013952159867464e-30,6.246012562901578,7.351211834164888
TC12001255.hg.1,TC12001255.hg.1,-1.106057744132804,2.7625009900184025e-37,6.540276158407815e-36,7.005238414099561,8.111296158232365
TC12000866.hg.1,TC12000866.hg.1,-1.1066807889491104,1.0450992568878415e-34,2.074680150425695e-33,3.937065613402992,5.043746402352102
TC03002589.hg.1,TC03002589.hg.1,-1.106713974228429,8.596001581358501e-40,2.4468678971598586e-38,3.178923496667267,4.285637470895696
TC05002818.hg.1,TC05002818.hg.1,-1.1070383907978538,1.6522936792343605e-38,4.25463737083725e-37,9.400691707800393,10.507730098598246
TC05001679.hg.1,TC05001679.hg.1,-1.107169108014225,1.5383538520344532e-53,1.1213287806728655e-51,5.476606926079385,6.58377603409361
TC04002946.hg.1,TC04002946.hg.1,-1.1087813328712137,3.390910851039406e-28,4.1534608856695874e-27,5.771036774755299,6.879818107626512
TC18000158.hg.1,TC18000158.hg.1,-1.1087883109062462,6.682591728387838e-14,2.810843660122158e-13,2.791002609739987,3.8997909206462333
3706188_st,3706188_st,-1.1089805019529084,4.457865209348607e-34,8.491014158711334e-33,7.1704127820813035,8.279393284034212
TC06000665.hg.1,TC06000665.hg.1,-1.1098560896783187,1.299054707714349e-37,3.13876096359007e-36,4.01004319221762,5.119899281895939
TC17001188.hg.1,TC17001188.hg.1,-1.1105890989611442,2.9319075731244943e-75,1.4894733976091499e-72,6.8767891797273775,7.987378278688522
TC09002517.hg.1,TC09002517.hg.1,-1.1106772085588394,1.0315383287553028e-17,5.87911197411018e-17,5.597740910946978,6.708418119505818
TC19002410.hg.1,TC19002410.hg.1,-1.1115234831496617,9.765441992226413e-34,1.823119478217835e-32,5.572087473728456,6.683610956878118
TC01000325.hg.1,TC01000325.hg.1,-1.1131560668400233,1.3834011071588106e-48,7.342307023865078e-47,5.263837479132889,6.376993545972912
TC17000085.hg.1,TC17000085.hg.1,-1.11401083433198,6.176225339425005e-43,2.2067782216572508e-41,8.282969962769466,9.396980797101445
TC05002066.hg.1,TC05002066.hg.1,-1.1148922794169493,6.54388889102875e-23,5.49149372979414e-22,8.172579801837504,9.287472081254453
TC10001851.hg.1,TC10001851.hg.1,-1.1149868077040548,5.754678848934586e-26,5.974741834729324e-25,4.79123478412298,5.906221591827035
TC04001886.hg.1,TC04001886.hg.1,-1.115535021056397,1.6273915766765126e-43,6.068352807199966e-42,5.032790795051944,6.148325816108341
TC02004874.hg.1,TC02004874.hg.1,-1.1156831513188665,5.644134264458059e-52,3.728697505060829e-50,6.552322100522424,7.668005251841291
TC01000872.hg.1,TC01000872.hg.1,-1.1171150149666218,3.444967086499338e-43,1.2604290083405943e-41,7.6127928307211885,8.72990784568781
TC18000223.hg.1,TC18000223.hg.1,-1.1177249130787201,1.1758088512430224e-51,7.590021026250438e-50,6.193687286374828,7.311412199453548
TC16000982.hg.1,TC16000982.hg.1,-1.1178386109435836,1.586044551563668e-33,2.90241522900159e-32,6.22978620849096,7.347624819434544
TC08001016.hg.1,TC08001016.hg.1,-1.1192649854315295,3.078470339276733e-35,6.3294875948001e-34,6.02024035669249,7.1395053421240195
TC14000077.hg.1,TC14000077.hg.1,-1.1197370333325525,3.6917529228004854e-63,5.801707977675705e-61,5.459693315919054,6.579430349251607
TC10001369.hg.1,TC10001369.hg.1,-1.1202136973883814,1.4433877005919678e-54,1.1294458709014929e-52,6.900452299285416,8.020665996673797
TC03001969.hg.1,TC03001969.hg.1,-1.1203388377208428,1.2834541111080543e-19,8.482405872843663e-19,3.5091898805020123,4.629528718222855
TC03000495.hg.1,TC03000495.hg.1,-1.1206161263866816,3.316710024889908e-64,5.6876032274844635e-62,4.8941586128625465,6.014774739249228
TC02000749.hg.1,TC02000749.hg.1,-1.1207940446883855,5.097947929399428e-41,1.5969796017815485e-39,6.3642307848435715,7.485024829531957
TC0X002005.hg.1,TC0X002005.hg.1,-1.1226502709917758,1.5413083352953665e-41,5.00907451962523e-40,7.326631407554195,8.44928167854597
TC02000931.hg.1,TC02000931.hg.1,-1.1229654136739935,2.694697988796642e-44,1.0653782139588574e-42,5.23954308953342,6.362508503207414
TC06003134.hg.1,TC06003134.hg.1,-1.1232935415018601,8.608207732577856e-41,2.6509708725795713e-39,3.359767515162432,4.483061056664292
TC17002848.hg.1,TC17002848.hg.1,-1.1250217684436032,3.0382714985822013e-65,5.657201366568008e-63,6.163366374226866,7.2883881426704695
TC03000733.hg.1,TC03000733.hg.1,-1.1255167122388254,3.492684182476287e-74,1.5394551266167748e-71,6.659446135230886,7.7849628474697115
TC06002721.hg.1,TC06002721.hg.1,-1.126888423922832,6.773054331505656e-38,1.6745056059372746e-36,5.6941853816129235,6.821073805535756
TC19001455.hg.1,TC19001455.hg.1,-1.1280598685313237,1.2663990216563995e-78,1.1340904762509644e-75,6.019782313697233,7.1478421822285565
TC02000762.hg.1,TC02000762.hg.1,-1.128563830586737,3.1504239672221886e-23,2.710700310854681e-22,5.649112722632558,6.777676553219295
TC09001502.hg.1,TC09001502.hg.1,-1.1291087924293581,1.1538849670667278e-60,1.4965490131487505e-58,6.707670877919893,7.836779670349251
TC11002316.hg.1,TC11002316.hg.1,-1.1294348277892228,1.1333614041795352e-25,1.1500356780755579e-24,6.1970115810965,7.326446408885722
TC0X000900.hg.1,TC0X000900.hg.1,-1.1305074196580325,1.6040234974437537e-40,4.839347469453567e-39,6.96662334774515,8.097130767403183
TC02001945.hg.1,TC02001945.hg.1,-1.1308404368190592,4.9132415523659836e-48,2.506286273972731e-46,3.7752080640124914,4.906048500831551
TC19001622.hg.1,TC19001622.hg.1,-1.130850392323877,7.9818961151524325e-19,4.973192877136057e-18,6.507646146640246,7.638496538964123
TC15002651.hg.1,TC15002651.hg.1,-1.1308567673666268,1.3846347671097745e-45,5.976918461423049e-44,6.206087456914673,7.3369442242813
TC13001495.hg.1,TC13001495.hg.1,-1.131117168939399,1.6197063678844144e-40,4.884050981469956e-39,7.698322479433132,8.829439648372531
TC16001298.hg.1,TC16001298.hg.1,-1.1321030565128636,6.119979040203879e-62,8.898891172428414e-60,7.178595194259294,8.310698250772157
TC08001295.hg.1,TC08001295.hg.1,-1.1326022063070003,1.4014442622058313e-14,6.238002555039731e-14,4.627821937788985,5.760424144095985
TC06000115.hg.1,TC06000115.hg.1,-1.1327717858382966,9.858600668826322e-48,4.913449934044553e-46,6.806352533477455,7.939124319315751
TC10002957.hg.1,TC10002957.hg.1,-1.1335853551847315,4.233657496066179e-57,3.9092387661712224e-55,5.360149836666063,6.493735191850795
TC17001830.hg.1,TC17001830.hg.1,-1.1341258387703972,5.804446441155039e-25,5.608413415260918e-24,6.170369007986548,7.3044948467569455
TC17002830.hg.1,TC17002830.hg.1,-1.1354838677911516,8.906934328295066e-53,6.173358979530111e-51,6.58577050201165,7.721254369802802
TC14000151.hg.1,TC14000151.hg.1,-1.1356049340176328,2.4141564400954155e-29,3.2282976543565574e-28,5.192489403711044,6.328094337728677
TC11002994.hg.1,TC11002994.hg.1,-1.1360094897642146,3.656969714207045e-62,5.443770905966571e-60,6.134018034588363,7.270027524352577
TC15000101.hg.1,TC15000101.hg.1,-1.1371424672078936,5.771182793383914e-39,1.546786654808236e-37,2.7190487545787545,3.856191221786648
TC06004150.hg.1,TC06004150.hg.1,-1.1373875667003457,8.81118984252029e-24,7.863171599735997e-23,6.733273043895996,7.8706606105963415
TC01005919.hg.1,TC01005919.hg.1,-1.1376407342716748,3.5522279979764737e-25,3.484172447667537e-24,7.823180698372664,8.96082143264434
TC12001427.hg.1,TC12001427.hg.1,-1.1377718730859332,2.869701595372884e-32,4.785776665910357e-31,9.677153359154506,10.814925232240439
TC01002307.hg.1,TC01002307.hg.1,-1.1396434758262624,6.15713744831039e-11,1.99159144913872e-10,6.330041043655797,7.469684519482059
TC01000593.hg.1,TC01000593.hg.1,-1.1410340038549007,3.8453209157471624e-21,2.8388552136171606e-20,4.968493885786345,6.109527889641246
TC03000258.hg.1,TC03000258.hg.1,-1.1416963245426484,4.911758182731877e-69,1.2829239497841066e-66,5.157355846994535,6.299052171537183
TC01005517.hg.1,TC01005517.hg.1,-1.1436682621619267,6.157460918663461e-28,7.374785669909886e-27,3.1186612472227235,4.26232950938465
TC17002062.hg.1,TC17002062.hg.1,-1.1439747201379067,1.1297977010613448e-57,1.0952049260907035e-55,4.1332496817390245,5.277224401876931
TC10000319.hg.1,TC10000319.hg.1,-1.145270335126976,1.5067220896838274e-60,1.9059696604435464e-58,5.807905069957366,6.953175405084342
TC16000651.hg.1,TC16000651.hg.1,-1.1458845127069415,2.3629883768007125e-72,8.079701711657127e-70,6.642149421125323,7.788033933832264
TC10002609.hg.1,TC10002609.hg.1,-1.146089512217407,2.6841924604982054e-37,6.365564112500536e-36,4.834839684741489,5.980929196958896
TC16001798.hg.1,TC16001798.hg.1,-1.147024476938479,4.930890401640235e-73,1.854606497864925e-70,5.4757433675614,6.6227678444998785
TC19002698.hg.1,TC19002698.hg.1,-1.1484082651252248,5.998947907064426e-24,5.406527843782121e-23,9.820570045637421,10.968978310762646
TC15000102.hg.1,TC15000102.hg.1,-1.1493467438625777,1.858398096449156e-29,2.504110432421029e-28,2.566704264096558,3.716051007959136
TC14000974.hg.1,TC14000974.hg.1,-1.1503697280095775,6.1992360823313195e-75,3.067969309587442e-72,5.9515594493484665,7.101929177358044
TC11001107.hg.1,TC11001107.hg.1,-1.15136864391192,5.694109700500769e-30,7.975429023903982e-29,7.9894357437098416,9.140804387621762
TC12002890.hg.1,TC12002890.hg.1,-1.1517392860602236,4.179004904462767e-51,2.5908911945052787e-49,6.742562567705517,7.89430185376574
TC15001647.hg.1,TC15001647.hg.1,-1.1521488357170284,9.295195675947061e-29,1.1845862878824966e-27,4.458083452831322,5.61023228854835
TC11000830.hg.1,TC11000830.hg.1,-1.1527492341241556,4.7120643499856356e-46,2.1233645886380956e-44,5.302488548009368,6.455237782133524
TC03003130.hg.1,TC03003130.hg.1,-1.152800965102256,1.7521927640555577e-22,1.42237714190628e-21,6.771141374527112,7.923942339629368
TC22001488.hg.1,TC22001488.hg.1,-1.1530208264603043,7.985941460274746e-61,1.0551542044631865e-58,6.433126533957845,7.586147360418149
TC14001153.hg.1,TC14001153.hg.1,-1.1534811838773003,3.79331072813363e-36,8.346763052255973e-35,2.9827823401188986,4.136263523996199
TC06001156.hg.1,TC06001156.hg.1,-1.1537598313138497,1.0708473625658042e-19,7.127780380042183e-19,6.309366502732243,7.463126334046093
TC03002877.hg.1,TC03002877.hg.1,-1.1542614294068976,1.8819999300135197e-29,2.5340971850000655e-28,5.578311500030024,6.732572929436921
TC06003791.hg.1,TC06003791.hg.1,-1.1546259896049564,2.1918463987026685e-14,9.595684808101742e-14,5.50780687984147,6.662432869446427
TC02001385.hg.1,TC02001385.hg.1,-1.1548535287936108,8.035076238057396e-51,4.9007884453915916e-49,6.576553274485075,7.731406803278686
TC18000149.hg.1,TC18000149.hg.1,-1.1562336192460432,4.728175754572875e-27,5.325498497135006e-26,6.150332165976099,7.306565785222142
TC22000141.hg.1,TC22000141.hg.1,-1.1563439108373172,9.170293813132893e-44,3.500471152566519e-42,6.750871022638565,7.907214933475882
TC11000529.hg.1,TC11000529.hg.1,-1.156410407088159,1.124892379538537e-36,2.561104853462679e-35,7.195634624392004,8.352045031480163
TC05003278.hg.1,TC05003278.hg.1,-1.1580137245149729,4.256467602468826e-61,5.7040710022823325e-59,5.600885869212754,6.758899593727727
TC07002893.hg.1,TC07002893.hg.1,-1.1582241357739456,6.404597082731372e-30,8.937288108175577e-29,6.341009290217979,7.499233425991925
TC16000628.hg.1,TC16000628.hg.1,-1.159022273881975,1.863604520882925e-68,4.5515515090551026e-66,5.9151295460277415,7.074151819909717
TC05003153.hg.1,TC05003153.hg.1,-1.159518359885543,1.207663107721395e-28,1.5259560405694438e-27,3.5297748249564647,4.689293184842008
TC05003094.hg.1,TC05003094.hg.1,-1.159604181444001,2.1834414351779962e-24,2.030082381177854e-23,6.980167329009788,8.139771510453789
TC01004426.hg.1,TC01004426.hg.1,-1.1598697065811319,6.922283885193697e-38,1.708405127886518e-36,4.245614480874318,5.40548418745545
TC16001918.hg.1,TC16001918.hg.1,-1.1605752721797096,2.072947655196391e-39,5.724501263380813e-38,5.764943156188074,6.925518428367783
TC10002930.hg.1,TC10002930.hg.1,-1.1618299869392885,1.9200119481187135e-57,1.8144595324784186e-55,6.94184901579295,8.103679002732239
TC06002318.hg.1,TC06002318.hg.1,-1.1620205240536343,1.5860465876945545e-52,1.0872609524246826e-50,5.185056158650094,6.347076682703729
TC02004675.hg.1,TC02004675.hg.1,-1.1624460748291892,2.2460645770393374e-32,3.7770036157199804e-31,3.699858656698492,4.862304731527681
TC03000846.hg.1,TC03000846.hg.1,-1.163357062103966,3.650637683626155e-15,1.7038523894343182e-14,5.148606078784603,6.311963140888569
TC08000068.hg.1,TC08000068.hg.1,-1.1639475501215326,2.5487710879102212e-54,1.951106746780446e-52,5.055432383354351,6.219379933475883
TC22001264.hg.1,TC22001264.hg.1,-1.1641071358927348,1.4655599509503751e-67,3.3475287980857594e-65,6.039166776556778,7.203273912449513
TC09001814.hg.1,TC09001814.hg.1,-1.1641732665872961,4.692323436864069e-41,1.4756494072519344e-39,4.104243353750076,5.268416620337372
TC12001162.hg.1,TC12001162.hg.1,-1.1649880342685357,1.2589003622287078e-17,7.125979796951864e-17,7.057566202486038,8.222554236754574
TC01004608.hg.1,TC01004608.hg.1,-1.1665575292609507,2.523788857653717e-21,1.8874220542299497e-20,7.062306215096379,8.22886374435733
TC0X001429.hg.1,TC0X001429.hg.1,-1.1671707853657374,3.6280503059685363e-38,9.162369837159037e-37,6.105850478592447,7.273021263958184
TC14001604.hg.1,TC14001604.hg.1,-1.167553574124259,7.130288892542622e-52,4.677635334179879e-50,7.477462710622714,8.645016284746973
TC22000768.hg.1,TC22000768.hg.1,-1.1677288607223115,1.3698629909758882e-33,2.5215311655751274e-32,5.002770114093557,6.170498974815868
TC14000489.hg.1,TC14000489.hg.1,-1.1680027318031163,1.3994042181611568e-50,8.354665310075783e-49,5.615314029304031,6.783316761107147
TC02000758.hg.1,TC02000758.hg.1,-1.1691739785493631,3.194762116103292e-36,7.062777784730232e-35,6.656615940671351,7.825789919220714
TC01004428.hg.1,TC01004428.hg.1,-1.1694675818562539,5.869068999486268e-42,1.972133024496821e-40,4.035480338077221,5.204947919933475
TC16001577.hg.1,TC16001577.hg.1,-1.1717400533785538,2.5680778768262774e-44,1.0188876065737336e-42,5.533237274965472,6.704977328344026
TC17002390.hg.1,TC17002390.hg.1,-1.1723010701884231,2.5472199836795002e-55,2.097942438528906e-53,6.146177881462799,7.3184789516512225
TC09000222.hg.1,TC09000222.hg.1,-1.1727331068889546,2.8663173657915463e-53,2.0547889853014924e-51,6.624634166216298,7.797367273105253
TC03003358.hg.1,TC03003358.hg.1,-1.1751931523893067,4.255090317614941e-69,1.1165752815776732e-66,7.0422124938449535,8.21740564623426
TC17002762.hg.1,TC17002762.hg.1,-1.1757518205297934,2.962394371853404e-26,3.135691663625241e-25,4.125038522188194,5.300790342717987
TC07001539.hg.1,TC07001539.hg.1,-1.1765913574848774,9.744583094574085e-33,1.6745960677114856e-31,5.733738171500631,6.910329528985509
TC22000588.hg.1,TC22000588.hg.1,-1.1771455455212374,2.8477868882115216e-68,6.836869815281602e-66,6.072489975980305,7.249635521501542
TC03000552.hg.1,TC03000552.hg.1,-1.1772435194729232,1.0986741727663915e-29,1.5063183348513797e-28,3.1833324926439683,4.3605760121168915
TC07001582.hg.1,TC07001582.hg.1,-1.177731158362901,1.6218952054088368e-13,6.611089061394101e-13,5.7684926109409735,6.946223769303875
TC14002200.hg.1,TC14002200.hg.1,-1.1779939904025643,4.8592859337305465e-65,8.959189340170261e-63,6.821930915750914,7.9999249061534785
TC12001329.hg.1,TC12001329.hg.1,-1.179291065984974,3.6986467187196676e-44,1.447089116343455e-42,4.802863896595209,5.982154962580183
TC05001462.hg.1,TC05001462.hg.1,-1.1794626380740927,2.1128411812763812e-37,5.0381349858516855e-36,3.1650444010088257,4.344507039082918
TC16001885.hg.1,TC16001885.hg.1,-1.180276369011719,5.6918504788206846e-31,8.616120748969825e-30,4.431660444364379,5.611936813376098
TC06001015.hg.1,TC06001015.hg.1,-1.1807093969098137,3.163188098381125e-38,8.006314317382967e-37,5.4663928613463035,6.647102258256117
TC06001250.hg.1,TC06001250.hg.1,-1.1821626874319562,1.8565854496258152e-20,1.3034449713413295e-19,2.744576854620789,3.9267395420527453
TC09000675.hg.1,TC09000675.hg.1,-1.1822949628151607,2.6310397953023743e-38,6.686396539250872e-37,6.293574677835829,7.4758696406509895
TC04000828.hg.1,TC04000828.hg.1,-1.182482386591789,1.3895624235604047e-27,1.6264799338678612e-26,7.160973220440764,8.343455607032553
TC17001297.hg.1,TC17001297.hg.1,-1.1828934196280088,1.8184625827310693e-44,7.296872118956007e-43,6.037511459797033,7.2204048794250415
TC09000048.hg.1,TC09000048.hg.1,-1.1829685679104722,7.057466074140594e-45,2.9063366494223652e-43,5.5610315883024075,6.74400015621288
TC09001201.hg.1,TC09001201.hg.1,-1.1834323844052124,1.0622518518162737e-49,6.017080820860495e-48,6.936558066414457,8.11999045081967
TC03002498.hg.1,TC03002498.hg.1,-1.1835734749777451,9.874947027945186e-51,5.997037259662126e-49,6.813807897676094,7.997381372653839
TC19001157.hg.1,TC19001157.hg.1,-1.1845675628102041,4.0441210354118386e-69,1.0711794393233104e-66,5.4664619263796315,6.651029489189836
TC15000870.hg.1,TC15000870.hg.1,-1.1852630916873608,6.194971636842917e-47,2.9469469629629314e-45,7.324542613943432,8.509805705630793
TC01002398.hg.1,TC01002398.hg.1,-1.1870314428918691,7.123191267429192e-47,3.374275440183209e-45,6.758346598210535,7.945378041102404
TC16000472.hg.1,TC16000472.hg.1,-1.1882992643250025,1.0018800088053277e-40,3.0686246654060247e-39,5.2390879553233685,6.427387219648371
TC06001147.hg.1,TC06001147.hg.1,-1.1897485698620711,1.2322844624177526e-37,2.983820806896342e-36,6.296869441542064,7.486618011404135
TC16000470.hg.1,TC16000470.hg.1,-1.1897894497661987,3.548097888389684e-45,1.4927411384576376e-43,5.236817889269202,6.4266073390354
TC17002727.hg.1,TC17002727.hg.1,-1.1900578246248887,8.473347038034822e-48,4.2493270505942095e-46,6.095368167297183,7.285425991922072
TC03001533.hg.1,TC03001533.hg.1,-1.1917709229176632,2.308840385084253e-52,1.563747381100641e-50,7.542660446766349,8.734431369684012
TC05003422.hg.1,TC05003422.hg.1,-1.1925980278393524,2.3698577828261334e-39,6.51254926407622e-38,5.942673733861767,7.135271761701119
TC09000491.hg.1,TC09000491.hg.1,-1.1927613895851064,2.1940437763244e-41,7.069306783133639e-40,5.615623852158771,6.808385241743878
TC21000589.hg.1,TC21000589.hg.1,-1.1934527091867473,5.596547570918829e-47,2.6667738247981296e-45,4.539287202906384,5.732739912093131
TC15001585.hg.1,TC15001585.hg.1,-1.1944518661802679,6.005720074502533e-62,8.777997802157615e-60,5.6930988032186365,6.887550669398904
TC12000786.hg.1,TC12000786.hg.1,-1.1949410546474195,1.1522737400204121e-24,1.092955276806853e-23,3.416097999759803,4.611039054407223
TC03000113.hg.1,TC03000113.hg.1,-1.195272331933925,3.778649141102494e-40,1.103435958813253e-38,6.540608085029724,7.735880416963649
TC15002565.hg.1,TC15002565.hg.1,-1.1958136373456654,1.5166783277677967e-56,1.353923384430436e-54,5.518052030865311,6.7138656682109765
TC18000304.hg.1,TC18000304.hg.1,-1.1970454029630373,9.172203745317775e-38,2.2421030801704427e-36,5.521520960187353,6.718566363150391
TC04000372.hg.1,TC04000372.hg.1,-1.1977943607366734,5.926655594188911e-22,4.633089307370791e-21,4.108066353209633,5.3058607139463065
TC09002896.hg.1,TC09002896.hg.1,-1.1982122005305254,8.061655823666594e-55,6.387956436230645e-53,5.852965092175582,7.051177292706107
TC15002793.hg.1,TC15002793.hg.1,-1.1985306083836553,7.846817787096078e-52,5.129800300259404e-50,5.998637143457635,7.19716775184129
TC06002823.hg.1,TC06002823.hg.1,-1.1985437750934023,2.340827677641624e-19,1.5178119287114717e-18,3.1724960247402865,4.371039799833689
TC14000973.hg.1,TC14000973.hg.1,-1.2009770390176513,2.2322163188834985e-56,1.961638322099209e-54,6.760538858463939,7.961515897481591
TC09001968.hg.1,TC09001968.hg.1,-1.2013230622175373,2.2906383416066224e-42,7.909010646068692e-41,5.5442996421065285,6.745622704324066
TC09001537.hg.1,TC09001537.hg.1,-1.2020675751920926,2.5142654743636e-49,1.3906846032612311e-47,6.495195541343899,7.697263116535992
TC01004003.hg.1,TC01004003.hg.1,-1.2020917617076368,3.3040835068681275e-34,6.338312930652363e-33,7.6328186879241,8.834910449631737
TC14001518.hg.1,TC14001518.hg.1,-1.2035284679219576,2.0008451968057675e-28,2.4891661370096534e-27,4.44331346484117,5.646841932763127
TC09001158.hg.1,TC09001158.hg.1,-1.2041466340768965,2.4273010635599736e-41,7.78973102411414e-40,5.621924473668409,6.826071107745306
TC20001290.hg.1,TC20001290.hg.1,-1.2053670174913016,7.468214597675279e-22,5.807604840408599e-21,5.781306521947997,6.986673539439298
TC04001753.hg.1,TC04001753.hg.1,-1.2066434955185015,3.64774087185187e-15,1.7026412220413568e-14,5.733880707380051,6.940524202898552
TC21000984.hg.1,TC21000984.hg.1,-1.2071094848036257,8.114626364741619e-15,3.6819067845689503e-14,3.4532893106347204,4.660398795438346
TC08001770.hg.1,TC08001770.hg.1,-1.2071842060772457,1.5937849897847016e-31,2.5067789672058346e-30,5.056580691166755,6.263764897244001
TC09002930.hg.1,TC09002930.hg.1,-1.207195991700151,2.5243224590598277e-42,8.69458025001449e-41,6.194524282711823,7.401720274411974
TC03001860.hg.1,TC03001860.hg.1,-1.208644541765552,2.2652238435189147e-72,7.792646268515252e-70,5.50453543625773,6.713179978023282
TC15000110.hg.1,TC15000110.hg.1,-1.2088610535247613,4.233196539204271e-44,1.6482296918483545e-42,2.53446619047619,3.7433272440009513
TC18000804.hg.1,TC18000804.hg.1,-1.2094441985971978,7.912332381005009e-24,7.078940188257859e-23,7.14841143397586,8.357855632573058
TC17000898.hg.1,TC17000898.hg.1,-1.2095416432148278,2.791456195547891e-67,6.200329749622871e-65,6.840468441722213,8.05001008493704
TC20001302.hg.1,TC20001302.hg.1,-1.2097011525994752,1.749223201005119e-30,2.5487519254727994e-29,7.9087959280610125,9.118497080660488
TC06002834.hg.1,TC06002834.hg.1,-1.2106844116610374,3.020767233245642e-36,6.688604621870197e-35,4.280974728277187,5.491659139938224
TC08000422.hg.1,TC08000422.hg.1,-1.2109403882770828,7.29080979365739e-30,1.0138844144406277e-28,3.8400021473608352,5.050942535637918
TC0X000143.hg.1,TC0X000143.hg.1,-1.2115849404272332,6.947509810724934e-16,3.4434209654878265e-15,4.263633950639527,5.47521889106676
TC20001231.hg.1,TC20001231.hg.1,-1.2122384865372213,5.190971212173977e-43,1.86273925119315e-41,4.920701260433556,6.132939746970777
TC11000998.hg.1,TC11000998.hg.1,-1.2130523244016578,2.2142123703995946e-47,1.0787688558998646e-45,7.123995444664625,8.337047769066283
TC06002968.hg.1,TC06002968.hg.1,-1.2134408464332038,3.35579607747531e-34,6.430078074052696e-33,4.013410160931965,5.226851007365169
TC12001817.hg.1,TC12001817.hg.1,-1.2143075207757317,4.2262198504464645e-25,4.117335028880826e-24,4.643852624151804,5.858160144927536
TC02002419.hg.1,TC02002419.hg.1,-1.2152522669632564,9.554946243808774e-28,1.127527624311239e-26,6.708709035008706,7.923961301971962
TC06001985.hg.1,TC06001985.hg.1,-1.215556340951757,5.0556779997581294e-15,2.3316540618846903e-14,5.5072808947336815,6.7228372356854385
TC07003031.hg.1,TC07003031.hg.1,-1.2157128238155304,1.0780705312434312e-33,2.005360475822351e-32,5.457957586020534,6.673670409836064
TC05001367.hg.1,TC05001367.hg.1,-1.216429343302809,5.984997010685572e-47,2.849464652732984e-45,7.467872492643971,8.68430183594678
TC01005745.hg.1,TC01005745.hg.1,-1.2168340234035382,3.924348313848776e-45,1.6388148273184325e-43,3.8965758031585915,5.11340982656213
TC06002840.hg.1,TC06002840.hg.1,-1.217622999009187,8.473885422314524e-22,6.5643233249504435e-21,3.234222943613763,4.45184594262295
TC10000086.hg.1,TC10000086.hg.1,-1.2177719605685349,1.2927982704316805e-68,3.2273049920891394e-66,5.907548042995258,7.125320003563793
TC09000084.hg.1,TC09000084.hg.1,-1.218261583948836,4.866820444476766e-47,2.3229803370261437e-45,4.9932646592205625,6.2115262431693985
TC22000718.hg.1,TC22000718.hg.1,-1.2188633644284002,2.7528463867674534e-55,2.26069996286239e-53,7.448793314117574,8.667656678545974
TC20001724.hg.1,TC20001724.hg.1,-1.2188781615207063,3.6489628524557103e-38,9.206940349277562e-37,6.13295072479433,7.351828886315036
TC15000284.hg.1,TC15000284.hg.1,-1.2212207506350863,4.733258324037517e-76,2.9026192187559634e-73,6.683303072719631,7.904523823354717
TC19001959.hg.1,TC19001959.hg.1,-1.221276199170278,2.905269651208302e-55,2.3824055695039245e-53,4.800533501471206,6.021809700641484
TC04001670.hg.1,TC04001670.hg.1,-1.2213911642894981,7.756163793302699e-29,9.967818881333752e-28,7.1057544154206465,8.327145579710145
TC03000947.hg.1,TC03000947.hg.1,-1.2215645106704907,2.828336880821776e-34,5.4460447147509544e-33,3.073960428151084,4.295524938821575
TC06002176.hg.1,TC06002176.hg.1,-1.2216304825478632,3.0592778700589783e-33,5.481052361796997e-32,7.390266425268719,8.611896907816583
TC01006210.hg.1,TC01006210.hg.1,-1.2219370390045938,3.6445324005555205e-40,1.0659265369338587e-38,4.730849406113014,5.952786445117608
TC09001466.hg.1,TC09001466.hg.1,-1.2220417387583868,1.0525708614786433e-44,4.306304776135032e-43,6.298662001441183,7.52070374019957
TC14000401.hg.1,TC14000401.hg.1,-1.2233218039966696,7.7455836594859e-46,3.42737520706569e-44,6.349772884765507,7.573094688762176
TC01000702.hg.1,TC01000702.hg.1,-1.2249653135288279,6.113058057082466e-39,1.634533220210799e-37,7.2509823575331795,8.475947671062007
TC03002108.hg.1,TC03002108.hg.1,-1.2253756673885672,1.5140548128766922e-14,6.721216809574099e-14,8.539018982765864,9.764394650154431
TC01002296.hg.1,TC01002296.hg.1,-1.226284196887101,3.148061352738386e-26,3.324112397506911e-25,6.554290061250224,7.780574258137325
TC12002000.hg.1,TC12002000.hg.1,-1.2274059385369878,1.677560226267287e-36,3.782757507815659e-35,5.896240922356334,7.123646860893322
TC11003367.hg.1,TC11003367.hg.1,-1.2278440371626465,3.0813759270137875e-38,7.802740890945415e-37,5.905295138413499,7.1331391755761455
TC14000881.hg.1,TC14000881.hg.1,-1.2280694457585675,3.2570973282015053e-22,2.59290132725374e-21,4.111944979283011,5.340014425041579
TC15001761.hg.1,TC15001761.hg.1,-1.2282415475798798,1.3743587346720005e-24,1.296414831846262e-23,7.144509261994837,8.372750809574717
TC04001079.hg.1,TC04001079.hg.1,-1.230823044235402,1.7548398761009966e-40,5.26619979414181e-39,6.764176269140697,7.994999313376099
TC11001242.hg.1,TC11001242.hg.1,-1.231850687864049,1.3907082906384578e-33,2.55906654733335e-32,7.146261798474748,8.378112486338797
TC03001575.hg.1,TC03001575.hg.1,-1.2331937702894615,9.979162550128197e-46,4.374548506240347e-44,5.78914242298685,7.0223361932763115
TC06000644.hg.1,TC06000644.hg.1,-1.2333751109670787,1.2940952601518525e-20,9.188304352787215e-20,3.1319197363838365,4.365294847350915
TC03001072.hg.1,TC03001072.hg.1,-1.2334153237894219,1.4024060025201695e-51,8.980810652688187e-50,4.68351655017114,5.916931873960562
TC02003899.hg.1,TC02003899.hg.1,-1.2337114275336196,3.0021380116702232e-37,7.092739629079173e-36,4.704920196961509,5.9386316244951285
TC02003164.hg.1,TC02003164.hg.1,-1.2340265340883887,5.884235096305463e-30,8.231509438714644e-29,3.6663058037590828,4.9003323378474715
TC14002303.hg.1,TC14002303.hg.1,-1.234168172799519,1.2732557265117732e-32,2.1801074834094453e-31,6.412893348345642,7.647061521145161
TC19001947.hg.1,TC19001947.hg.1,-1.2346375261083695,1.0050486523526973e-59,1.186251775490261e-57,6.291941696391039,7.526579222499408
TC16002020.hg.1,TC16002020.hg.1,-1.2346398026729735,7.415139826337137e-36,1.6004107066652203e-34,3.7913996294961874,5.026039432169161
TC02004090.hg.1,TC02004090.hg.1,-1.2388584386283652,8.476249222512422e-43,3.005738709212482e-41,4.921080804659822,6.159939243288187
TC03002939.hg.1,TC03002939.hg.1,-1.2397434472049698,1.5145009867343286e-45,6.502672501489905e-44,6.600966900858702,7.840710348063672
TC03000510.hg.1,TC03000510.hg.1,-1.2398200665110615,8.196157379950046e-16,4.0420525092834065e-15,4.6120692908184715,5.851889357329533
TC03000611.hg.1,TC03000611.hg.1,-1.2405877890196058,5.950105134336694e-33,1.0431728759136346e-31,4.979962754458658,6.2205505434782635
TC04000556.hg.1,TC04000556.hg.1,-1.2417228144165193,1.6387747696964217e-57,1.5670575416395377e-55,6.614510855101184,7.856233669517703
TC02002579.hg.1,TC02002579.hg.1,-1.2421868722765712,8.065801959195114e-48,4.052149732269546e-46,4.259417040172942,5.5016039124495135
TC0X002006.hg.1,TC0X002006.hg.1,-1.2424877909255203,8.193476193463025e-38,2.010698303100465e-36,7.3632674971476595,8.60575528807318
TC09001547.hg.1,TC09001547.hg.1,-1.2425659887172706,3.979574908918199e-26,4.174003666319892e-25,8.666074775716087,9.908640764433358
TC17000084.hg.1,TC17000084.hg.1,-1.243500436101078,1.5197466785163881e-44,6.141910322961145e-43,6.112544140995618,7.356044577096696
TC03001094.hg.1,TC03001094.hg.1,-1.243771536007352,8.958479111398128e-47,4.2153417390063356e-45,5.8236013649192335,7.0673729009265855
TC09002615.hg.1,TC09002615.hg.1,-1.243958434542412,8.180960712174454e-22,6.346121840498533e-21,3.6257703608959346,4.869728795438347
TC08001774.hg.1,TC08001774.hg.1,-1.2456000648531802,4.63946455170205e-39,1.252389048219743e-37,5.079053760283434,6.324653825136614
TC16001274.hg.1,TC16001274.hg.1,-1.2462492911709315,9.938154723083359e-86,2.3362117215288208e-82,6.304442425388817,7.550691716559749
TC09001930.hg.1,TC09001930.hg.1,-1.2467973789420368,4.3074902629283025e-18,2.5306673503476933e-17,5.821583596349007,7.068380975291044
TC02002499.hg.1,TC02002499.hg.1,-1.2493194827084277,1.91733247020537e-27,2.2216484556181262e-26,4.2699846400048065,5.519304122713234
TC02002007.hg.1,TC02002007.hg.1,-1.249449800022977,2.146798058845455e-75,1.1319444194761018e-72,4.997082277667686,6.246532077690663
TC11002360.hg.1,TC11002360.hg.1,-1.250448557362688,1.6472047056637618e-67,3.7322086379171934e-65,6.633319935747316,7.883768493110004
TC11001098.hg.1,TC11001098.hg.1,-1.2506201656445226,2.176456766907082e-83,3.410870496537881e-80,6.395578913709243,7.6461990793537655
TC03000888.hg.1,TC03000888.hg.1,-1.25098056800707,9.510931151652437e-48,4.7485638381763464e-46,4.651340311655558,5.902320879662628
TC16000886.hg.1,TC16000886.hg.1,-1.2514603365237713,2.1588554263135962e-60,2.7126571367875386e-58,6.299271717408278,7.550732053932049
TC11000131.hg.1,TC11000131.hg.1,-1.252136979751656,2.66299552567759e-60,3.3092705191118564e-58,6.504044147000542,7.756181126752198
TC03000509.hg.1,TC03000509.hg.1,-1.2527515284881376,1.0851952862694837e-20,7.750923871471292e-20,5.621994952861349,6.8747464813494865
TC21000565.hg.1,TC21000565.hg.1,-1.2531202448507757,1.0106499448229644e-41,3.332486767213443e-40,3.0966415720891143,4.34976181693989
TC07000220.hg.1,TC07000220.hg.1,-1.253496757341022,3.0068533609492114e-57,2.8132778261696952e-55,4.920225373806519,6.173722131147541
TC08002487.hg.1,TC08002487.hg.1,-1.2551874173343887,1.4307107993933238e-28,1.795725069636764e-27,8.588733179006788,9.843920596341176
TC19002318.hg.1,TC19002318.hg.1,-1.255437986385794,1.7097157111836753e-62,2.5999660645164576e-60,6.489566126823997,7.745004113209791
TC12001080.hg.1,TC12001080.hg.1,-1.255476398579444,3.2799131131102546e-55,2.685720435637944e-53,5.582414882603737,6.837891281183181
TC13000733.hg.1,TC13000733.hg.1,-1.2570681797247625,3.682764699906854e-42,1.251651920718945e-40,5.5104079024800345,6.767476082204797
TC10000988.hg.1,TC10000988.hg.1,-1.2578900270352125,6.494496118706209e-33,1.1340342990565363e-31,2.577817731339698,3.8357077583749106
TC09001325.hg.1,TC09001325.hg.1,-1.2580175349721534,3.8107169917500085e-30,5.395057245685118e-29,6.058949022998862,7.316966557971015
TC09000250.hg.1,TC09000250.hg.1,-1.2581183923643477,3.8847756004239285e-33,6.907383228008736e-32,5.132861836906263,6.39098022927061
TC19001774.hg.1,TC19001774.hg.1,-1.2581422641305045,9.80528592423678e-70,2.7250966565201512e-67,7.543400443163395,8.8015427072939
TC19001365.hg.1,TC19001365.hg.1,-1.2581924283129515,2.3436380092093625e-33,4.240646863488576e-32,5.884526595208074,7.142719023521026
TC01003226.hg.1,TC01003226.hg.1,-1.2585107963377835,1.2069860834970738e-50,7.251942583465165e-49,6.880056190476192,8.138566986813975
TC02002487.hg.1,TC02002487.hg.1,-1.2607022026257217,1.6166775023495078e-43,6.040378233612883e-42,5.964811948597848,7.22551415122357
TC06003100.hg.1,TC06003100.hg.1,-1.2614915002193081,2.722740645582942e-26,2.889608384922845e-25,4.884330176544767,6.145821676764075
TC17002061.hg.1,TC17002061.hg.1,-1.2624212615953763,1.7977917706859758e-55,1.4981952159314828e-53,5.477949506995736,6.740370768591112
TC17002064.hg.1,TC17002064.hg.1,-1.2625753581219232,3.0688658162269795e-60,3.7969138513134585e-58,5.10363268119858,6.366208039320504
TC17000166.hg.1,TC17000166.hg.1,-1.2648181400400498,3.5039189356985426e-56,3.027321569896484e-54,5.46729193598751,6.73211007602756
TC03001049.hg.1,TC03001049.hg.1,-1.2648288005751658,5.220097560461223e-27,5.860845058031866e-26,4.65867378970756,5.923502590282726
TC12002732.hg.1,TC12002732.hg.1,-1.2657125932721334,2.496140078996198e-66,5.02954396345741e-64,6.011329397105629,7.277041990377763
TC02001127.hg.1,TC02001127.hg.1,-1.2660799498458326,8.741879105505015e-33,1.5082548482397001e-31,3.9850245048940103,5.251104454739843
TC15001572.hg.1,TC15001572.hg.1,-1.2672868686018193,4.353587500479205e-32,7.160953341167224e-31,6.642246941091694,7.909533809693513
TC19001118.hg.1,TC19001118.hg.1,-1.2676160047478033,4.9651078048958375e-58,4.940413617929689e-56,5.731810568666308,6.9994265734141115
TC08001549.hg.1,TC08001549.hg.1,-1.268306225546251,1.3345884383790481e-31,2.1108721759593253e-30,7.2559489437338645,8.524255169280115
TC08001550.hg.1,TC08001550.hg.1,-1.2687019533561017,8.617261761690705e-29,1.1021733712787718e-27,8.54514236774155,9.813844321097651
TC07001557.hg.1,TC07001557.hg.1,-1.2690094741318312,8.103364104143983e-31,1.2136331192662471e-29,2.423068871674773,3.692078345806604
TC01001629.hg.1,TC01001629.hg.1,-1.2690304516681916,1.5156456249602654e-33,2.777190479668992e-32,4.028971397345824,5.298001849014016
TC09001193.hg.1,TC09001193.hg.1,-1.2690692567144222,2.1236665578552632e-44,8.473339452692945e-43,5.181459529814447,6.450528786528869
TC03002902.hg.1,TC03002902.hg.1,-1.2696235485837546,3.990317229886666e-74,1.7427209178509078e-71,6.254319486578993,7.523943035162747
TC15000096.hg.1,TC15000096.hg.1,-1.2701444243431794,1.2523526020076342e-34,2.4747891103350862e-33,2.8067258019576045,4.076870226300784
TC0X001208.hg.1,TC0X001208.hg.1,-1.2723549146517508,8.848967846641593e-31,1.3210930615819672e-29,6.56061659520807,7.832971509859821
TC18000286.hg.1,TC18000286.hg.1,-1.2730553464710663,2.3385753045731686e-24,2.1703856149598457e-23,7.101678998979162,8.374734345450229
TC11003460.hg.1,TC11003460.hg.1,-1.274477451190415,4.847391738615251e-55,3.8791510228254644e-53,6.555474982285472,7.829952433475887
TC01003560.hg.1,TC01003560.hg.1,-1.2751758266300088,5.194031069510894e-40,1.4981433787303968e-38,6.238565370804059,7.513741197434068
TC01004939.hg.1,TC01004939.hg.1,-1.275316473171046,6.819786454726074e-49,3.667861889444572e-47,3.725611462799496,5.000927935970542
TC11002415.hg.1,TC11002415.hg.1,-1.2754104493902423,3.5111908719118556e-39,9.551319508752317e-38,5.191738765387617,6.4671492147778595
TC12000871.hg.1,TC12000871.hg.1,-1.276518973210207,4.9192782458890565e-31,7.470682101657302e-30,4.558800912748454,5.835319885958661
TC06002024.hg.1,TC06002024.hg.1,-1.2765846942318797,3.1158583383940804e-50,1.8254464770043326e-48,5.7051853984267105,6.98177009265859
TC01005631.hg.1,TC01005631.hg.1,-1.2776968578712786,1.0759712842255189e-21,8.268066999923089e-21,6.625946015732902,7.903642873604181
TC07002499.hg.1,TC07002499.hg.1,-1.2777965463071066,6.741105246107326e-16,3.3449399804299303e-15,7.740268668708341,9.018065215015447
TC19001710.hg.1,TC19001710.hg.1,-1.277843307479528,8.180495358421814e-55,6.473032077579831e-53,5.277550465982105,6.555393773461633
TC02000957.hg.1,TC02000957.hg.1,-1.2797935603912594,3.7764499061583066e-18,2.228799840514598e-17,4.094807635260915,5.374601195652175
TC22000728.hg.1,TC22000728.hg.1,-1.2798910113401671,2.4240496604808405e-44,9.65137852822922e-43,4.331460016813788,5.611351028153955
TC01002003.hg.1,TC01002003.hg.1,-1.2799106151718256,4.671863170592425e-48,2.391807407971719e-46,7.076484169218762,8.356394784390588
TC20000333.hg.1,TC20000333.hg.1,-1.2809698669191354,3.5263866417172894e-50,2.0447243736115725e-48,5.812523718849458,7.093493585768593
TC06000697.hg.1,TC06000697.hg.1,-1.283354313839519,3.7936494705516115e-38,9.550652201230737e-37,8.881667279769417,10.165021593608936
TC19002201.hg.1,TC19002201.hg.1,-1.2839762668496881,1.7891502628649103e-57,1.6993313052241163e-55,6.6556284225064575,7.939604689356146
TC01000651.hg.1,TC01000651.hg.1,-1.2855251169002058,3.7473748163385777e-59,4.170007739412029e-57,6.124594217858642,7.410119334758848
TC08001867.hg.1,TC08001867.hg.1,-1.2864784637837863,1.0921509191211313e-46,5.109201538555223e-45,5.1479537909085415,6.434432254692328
TC01002342.hg.1,TC01002342.hg.1,-1.286668678694789,2.0951945091364967e-44,8.365653490195533e-43,6.343828117456315,7.630496796151104
3213260_st,3213260_st,-1.2868503040449752,2.8939073377959024e-30,4.1459742047681365e-29,8.046220006004923,9.333070310049898
TC01004925.hg.1,TC01004925.hg.1,-1.287485341823774,8.072768815951413e-33,1.3975129520047461e-31,4.057474727076202,5.344960068899976
TC12000159.hg.1,TC12000159.hg.1,-1.287902538907992,4.38323507646903e-41,1.3807557595992728e-39,6.618263087131447,7.906165626039439
TC17002542.hg.1,TC17002542.hg.1,-1.2879123648696291,5.294586190229629e-34,1.0033925551910488e-32,4.27046915330571,5.558381518175339
TC12000079.hg.1,TC12000079.hg.1,-1.2892105135450205,1.7948707560334576e-35,3.7602309065687198e-34,5.665140622710624,6.954351136255644
TC19000368.hg.1,TC19000368.hg.1,-1.2902887142086952,6.041131356132691e-56,5.1562564122586105e-54,5.4691365988110245,6.75942531301972
TC19001397.hg.1,TC19001397.hg.1,-1.2905616403363869,4.092442095010317e-44,1.595628183250118e-42,7.4152404005284325,8.70580204086482
TC10002532.hg.1,TC10002532.hg.1,-1.290803050710279,4.585653844326584e-36,1.0035431287401754e-34,4.283899607878461,5.57470265858874
TC16001553.hg.1,TC16001553.hg.1,-1.2932887902884724,2.9237721485441944e-51,1.826726213472496e-49,4.056088069416922,5.349376859705394
TC0X001353.hg.1,TC0X001353.hg.1,-1.2938043390863116,4.324782604535162e-27,4.889691081816929e-26,7.225102880562061,8.518907219648373
TC18000132.hg.1,TC18000132.hg.1,-1.2938570825663973,1.0806333662854306e-40,3.3062458383455214e-39,5.189837802798297,6.483694885364694
TC16001983.hg.1,TC16001983.hg.1,-1.2941901720932893,2.2640806067448054e-63,3.649568562037955e-61,6.930471107307994,8.224661279401284
TC01001038.hg.1,TC01001038.hg.1,-1.2952314331795591,8.396834401831098e-27,9.261634472776284e-26,4.008591207590222,5.3038226407697815
TC0X000087.hg.1,TC0X000087.hg.1,-1.296344996325244,3.061663138183833e-31,4.724641983863662e-30,5.834292196000722,7.130637192325966
TC02004844.hg.1,TC02004844.hg.1,-1.2974668791300168,8.76819143544866e-41,2.6958246561588146e-39,4.494562803098542,5.792029682228558
TC17001383.hg.1,TC17001383.hg.1,-1.2982968898213914,1.9561697255853062e-28,2.435198225464956e-27,5.940755917852642,7.2390528076740335
TC10000479.hg.1,TC10000479.hg.1,-1.2983220280456056,6.1149343539475715e-49,3.3076928703836443e-47,7.0558977367441305,8.354219764789736
TC21000040.hg.1,TC21000040.hg.1,-1.2996322334531705,5.688179672782179e-44,2.201068043751886e-42,4.888955341980424,6.188587575433594
TC13000640.hg.1,TC13000640.hg.1,-1.2996574585529652,1.3206433146378642e-59,1.5330875416715848e-57,7.402701026241522,8.702358484794487
TC0X000597.hg.1,TC0X000597.hg.1,-1.2997254898059882,1.2987348451258393e-44,5.278964156506455e-43,4.562650566264337,5.8623760560703255
TC05001305.hg.1,TC05001305.hg.1,-1.2998708379088244,1.275640194868374e-40,3.8860188182550715e-39,4.932902311295262,6.232773149204086
TC02001689.hg.1,TC02001689.hg.1,-1.3013535358167632,1.4391151799693622e-64,2.553207554198474e-62,6.822294704857982,8.123648240674745
TC14001144.hg.1,TC14001144.hg.1,-1.301402832463923,1.1609709982434386e-31,1.8481845874406976e-30,6.6032354788926915,7.9046383113566145
TC06002848.hg.1,TC06002848.hg.1,-1.3027617743897846,7.8457607260621e-38,1.9304061432314502e-36,10.107667193298504,11.410428967688288
TC01002903.hg.1,TC01002903.hg.1,-1.3051690634537723,5.6767374776648964e-28,6.818611347985908e-27,6.742775670449769,8.047944733903542
TC22000720.hg.1,TC22000720.hg.1,-1.3064028556155147,2.1825205709041448e-75,1.1401244960117595e-72,5.679732310694772,6.986135166310286
TC12000216.hg.1,TC12000216.hg.1,-1.3068450507285503,2.0264665311581159e-10,6.256043160321673e-10,5.9857865898036415,7.292631640532192
TC01004004.hg.1,TC01004004.hg.1,-1.3076321095428716,7.294496395285713e-40,2.0901010544907533e-38,5.303621550471385,6.611253660014256
TC05003045.hg.1,TC05003045.hg.1,-1.3097368917860472,9.526797317769797e-39,2.5104290101538367e-37,3.1303416933885777,4.440078585174625
TC11000823.hg.1,TC11000823.hg.1,-1.3100224236721907,2.3385814096969535e-48,1.2261903900769769e-46,8.145929754398608,9.455952178070799
TC01002406.hg.1,TC01002406.hg.1,-1.3102245454533579,1.4291693613565376e-62,2.1910564410057918e-60,6.1649711079084835,7.475195653361841
TC09001337.hg.1,TC09001337.hg.1,-1.3104007437555296,4.052663350411127e-46,1.8394461858688253e-44,4.69826785864409,6.008668602399619
TC19000231.hg.1,TC19000231.hg.1,-1.311939169956326,6.916113729321616e-72,2.3088361205968454e-69,6.656516582597726,7.9684557525540525
TC02001985.hg.1,TC02001985.hg.1,-1.3121253449437251,2.2010356779133175e-56,1.937254771864486e-54,5.081525150423345,6.39365049536707
TC17000499.hg.1,TC17000499.hg.1,-1.3137444378673102,2.4891640349483038e-43,9.178670361027019e-42,8.187506415660843,9.501250853528154
TC07001619.hg.1,TC07001619.hg.1,-1.3146355407695154,6.859140329298705e-57,6.251679791573092e-55,7.548418445925661,8.863053986695176
TC09001435.hg.1,TC09001435.hg.1,-1.3181440733162066,4.1416944113650336e-29,5.4366243671566415e-28,4.933027167477331,6.251171240793537
TC16000529.hg.1,TC16000529.hg.1,-1.3191081558356075,2.4385537375220406e-63,3.9196103921230344e-61,6.6491172041073705,7.968225359942978
TC01003832.hg.1,TC01003832.hg.1,-1.3195196797352118,1.120174525004306e-65,2.1423053000573876e-63,5.577053562721431,6.896573242456642
TC06001918.hg.1,TC06001918.hg.1,-1.3196422815447795,5.106342482987399e-20,3.4701232257911716e-19,4.7489861088092225,6.068628390354002
TC03001293.hg.1,TC03001293.hg.1,-1.320024872303982,7.297987078140195e-74,3.0499098887001002e-71,6.329076720710983,7.649101593014965
TC13000634.hg.1,TC13000634.hg.1,-1.3213691314791172,5.360325932763355e-53,3.7661129324364e-51,6.072270614303727,7.393639745782844
TC08000501.hg.1,TC08000501.hg.1,-1.3230325281187119,8.131812884657767e-38,1.9981734291229176e-36,5.414250145319159,6.737282673437871
TC19000633.hg.1,TC19000633.hg.1,-1.3246804003326176,1.0888571263480836e-55,9.19627864585422e-54,6.932989890710385,8.257670291043002
TC05001266.hg.1,TC05001266.hg.1,-1.3257288852968143,1.497399322648349e-53,1.0943040801188414e-51,4.608107798594848,5.933836683891663
TC09001935.hg.1,TC09001935.hg.1,-1.3258714048585087,3.5897355174791503e-35,7.3538743073761335e-34,5.242636053563923,6.568507458422432
TC06000762.hg.1,TC06000762.hg.1,-1.3264898744644507,1.073548631954336e-52,7.413398619045254e-51,6.302982642166574,7.629472516631025
TC09002525.hg.1,TC09002525.hg.1,-1.3281539750443199,6.334949302275214e-17,3.401363500783211e-16,3.476089268600252,4.804243243644572
TC09002715.hg.1,TC09002715.hg.1,-1.3290074878008653,1.8008816595955112e-29,2.430091879240841e-28,5.499703034888609,6.828710522689474
TC04002625.hg.1,TC04002625.hg.1,-1.331122467292741,5.3460035644655886e-33,9.413571445069276e-32,5.2424348669909335,6.573557334283675
TC03001427.hg.1,TC03001427.hg.1,-1.3325910000417727,2.7293668526052292e-56,2.3763181958376824e-54,6.729909089053025,8.062500089094797
TC19001064.hg.1,TC19001064.hg.1,-1.3340622217566205,7.008933056627211e-77,4.764216689021615e-74,6.105613139374288,7.4396753611309085
TC04000488.hg.1,TC04000488.hg.1,-1.3341070825925092,1.4726686892658048e-47,7.250001929406472e-46,5.0840832648772,6.418190347469709
TC01004203.hg.1,TC01004203.hg.1,-1.3341872114177118,4.5891324369535724e-61,6.135300327678831e-59,6.579932779078844,7.914119990496556
TC05000967.hg.1,TC05000967.hg.1,-1.3349180228852822,7.73896387715544e-40,2.2107182988423071e-38,6.644908561220204,7.979826584105486
TC07001007.hg.1,TC07001007.hg.1,-1.3349491329477106,1.862548787829029e-68,4.5515515090551026e-66,6.5454473097940316,7.880396442741742
TC09000788.hg.1,TC09000788.hg.1,-1.3353404790754482,6.671586836487705e-76,3.880387485989313e-73,6.453103192818112,7.78844367189356
TC11001273.hg.1,TC11001273.hg.1,-1.3356221793501142,4.812056991660057e-27,5.415651932086119e-26,8.142804909625895,9.478427088976009
TC12002097.hg.1,TC12002097.hg.1,-1.335834345417589,5.263781093667382e-51,3.245595647459304e-49,7.093582352729238,8.429416698146827
TC22000391.hg.1,TC22000391.hg.1,-1.3363375924431935,2.0715476568648645e-69,5.646018150000093e-67,6.7300388722752675,8.066376464718461
TC12001459.hg.1,TC12001459.hg.1,-1.3364465146702837,1.5981740275501802e-21,1.2123945446594873e-20,6.646183382573713,7.982629897243997
TC16001784.hg.1,TC16001784.hg.1,-1.3390058545594332,6.061049623360017e-60,7.306673026724903e-58,6.362379686542966,7.7013855411023995
TC03002458.hg.1,TC03002458.hg.1,-1.3410925327072558,3.384196843006522e-31,5.2010247204778526e-30,4.266624477271364,5.60771700997862
TC0X002045.hg.1,TC0X002045.hg.1,-1.3411035822243784,6.0764293571986565e-46,2.7078988268122734e-44,4.593922402570108,5.935025984794486
TC03001512.hg.1,TC03001512.hg.1,-1.3434364804552805,5.752751248954409e-46,2.56974441776334e-44,6.524367623251066,7.867804103706346
TC20000726.hg.1,TC20000726.hg.1,-1.3436771022651621,2.1135120409854077e-56,1.8631269113799178e-54,7.648760307452108,8.99243740971727
TC11001099.hg.1,TC11001099.hg.1,-1.3444462866594105,2.1649380022905855e-54,1.6640527549486412e-52,5.054934687443703,6.399380974103114
TC02004676.hg.1,TC02004676.hg.1,-1.3453557972972616,3.113554506464567e-24,2.860920490972605e-23,4.875171457395064,6.220527254692326
TC08000294.hg.1,TC08000294.hg.1,-1.3453996981024456,7.742655311249674e-27,8.561840990789576e-26,4.002604605176244,5.34800430327869
TC19001551.hg.1,TC19001551.hg.1,-1.346163024725926,2.7725008162014837e-47,1.3438054213784819e-45,6.02572587822014,7.371888902946066
TC20000092.hg.1,TC20000092.hg.1,-1.3471861465553951,2.6105362720048665e-23,2.258568247108888e-22,6.436895992313696,7.784082138869091
TC09002183.hg.1,TC09002183.hg.1,-1.3508876428453949,8.320992293769775e-58,8.108009382209036e-56,5.665385765327568,7.016273408172963
TC13001585.hg.1,TC13001585.hg.1,-1.3516669461763007,9.968634114027601e-33,1.7120560104876992e-31,6.245042153966249,7.59670910014255
TC04000774.hg.1,TC04000774.hg.1,-1.3529881557311763,5.843526070315828e-41,1.8234516251940176e-39,6.059802241037654,7.4127903967688304
TC18000285.hg.1,TC18000285.hg.1,-1.3571454529083429,5.756282294953774e-36,1.2514756628774646e-34,7.3604107368041785,8.717556189712521
TC07000643.hg.1,TC07000643.hg.1,-1.3585016954707267,4.650891893646268e-14,1.9819776331727105e-13,7.612722923797508,8.971224619268234
TC06003749.hg.1,TC06003749.hg.1,-1.3602474651583858,5.918415235523765e-20,4.0041389945770447e-19,4.7438605278328225,6.104107992991208
TC15000438.hg.1,TC15000438.hg.1,-1.36178629466162,4.8046415940049426e-45,1.996084458398902e-43,4.978196300966792,6.339982595628412
TC14002192.hg.1,TC14002192.hg.1,-1.3628655217299945,1.018018351945316e-75,5.555865370882381e-73,6.595800798654897,7.958666320384892
TC01006373.hg.1,TC01006373.hg.1,-1.3634150106587377,4.5451841508737156e-52,3.016825875576392e-50,6.231206177865849,7.594621188524587
TC05001366.hg.1,TC05001366.hg.1,-1.3643794953122441,3.718922173498242e-37,8.742256299350992e-36,8.395922387557796,9.76030188287004
TC01003796.hg.1,TC01003796.hg.1,-1.3658199776903963,3.537501454028521e-51,2.2028560378960386e-49,7.450266642646973,8.81608662033737
TC12001157.hg.1,TC12001157.hg.1,-1.3677694447533923,1.217295023904557e-56,1.095332546389909e-54,6.706367312196003,8.074136756949395
TC12000388.hg.1,TC12000388.hg.1,-1.3683402340549655,3.08991471964882e-53,2.209465255426453e-51,5.494636117216118,6.862976351271084
TC01002351.hg.1,TC01002351.hg.1,-1.3692137886893345,9.884995511788347e-79,9.615373737656466e-76,6.002999691947399,7.372213480636733
TC09001643.hg.1,TC09001643.hg.1,-1.3693969604836846,1.7454518650933295e-61,2.431479094440382e-59,6.730713897796192,8.100110858279876
TC08001018.hg.1,TC08001018.hg.1,-1.3698389535636615,4.068980517528774e-27,4.6124923214373795e-26,5.29584058908305,6.6656795426467115
TC01000895.hg.1,TC01000895.hg.1,-1.3699418772241048,2.474393177531783e-50,1.4587284669800225e-48,6.104648388278387,7.474590265502492
TC06000024.hg.1,TC06000024.hg.1,-1.370177969872251,5.090061184015203e-72,1.7093516183319628e-69,6.437010487599832,7.807188457472083
TC12002796.hg.1,TC12002796.hg.1,-1.3715668700965233,8.990554892880639e-43,3.186112600166708e-41,5.8806185522128125,7.252185422309336
TC0X001370.hg.1,TC0X001370.hg.1,-1.3728209828298326,1.0682575493609592e-45,4.672011970530743e-44,6.096333951240016,7.469154934069849
TC06001046.hg.1,TC06001046.hg.1,-1.3747846163832618,2.2154052733406747e-20,1.5468902810808685e-19,7.058390320062451,8.433174936445713
TC01003046.hg.1,TC01003046.hg.1,-1.3761355910607547,1.3820601278073985e-50,8.277395784568771e-49,4.197703709842073,5.5738393009028275
TC03000860.hg.1,TC03000860.hg.1,-1.3763525891665962,3.939601389837583e-57,3.643679200194373e-55,5.304557862247042,6.680910451413638
TC16001487.hg.1,TC16001487.hg.1,-1.3795390843404611,3.119810161530631e-61,4.220946035808996e-59,5.353225278928723,6.732764363269184
TC01001510.hg.1,TC01001510.hg.1,-1.379562276584192,1.5560921376052864e-53,1.1327949189601941e-51,7.675303723653398,9.05486600023759
TC03000806.hg.1,TC03000806.hg.1,-1.3802052894438628,4.733222063828184e-10,1.4119331803365858e-09,7.7261527154266485,9.106358004870511
TC18000803.hg.1,TC18000803.hg.1,-1.3802818208691994,7.407557065274776e-36,1.5993859720959522e-34,7.567251715006303,8.947533535875502
TC06003132.hg.1,TC06003132.hg.1,-1.381234004344429,7.923002208376013e-62,1.1403059657963213e-59,5.56156619047619,6.942800194820619
TC02001281.hg.1,TC02001281.hg.1,-1.3813290917943952,2.1880526265983226e-38,5.583245277585896e-37,7.259257981144543,8.640587072938938
TC11000047.hg.1,TC11000047.hg.1,-1.3818979159258395,1.7457131779081032e-57,1.6636764539057326e-55,5.8252016255329355,7.207099541458775
TC17001890.hg.1,TC17001890.hg.1,-1.3824645064866221,5.152348968095956e-39,1.3861956322462453e-37,8.334597370443763,9.717061876930385
TC04002488.hg.1,TC04002488.hg.1,-1.3857050288627946,2.7420147405176714e-40,8.086721778908834e-39,7.3145777271362515,8.700282755999046
TC0X000580.hg.1,TC0X000580.hg.1,-1.3860794887982024,1.5518810867663505e-63,2.5304632125197677e-61,8.533054134390204,9.919133623188406
TC02001906.hg.1,TC02001906.hg.1,-1.3892663422049578,1.2926251147876279e-43,4.881346969617696e-42,4.668594385996517,6.057860728201475
TC19000623.hg.1,TC19000623.hg.1,-1.3901050927891276,8.403402880161168e-37,1.9327484047816255e-35,5.000211572689607,6.390316665478735
TC0X000545.hg.1,TC0X000545.hg.1,-1.3908388859886842,1.7063457624730175e-17,9.557094731182637e-17,2.5093569152705215,3.9001958012592057
TC12001079.hg.1,TC12001079.hg.1,-1.3912030329631166,3.282546976550048e-77,2.3890071008974105e-74,6.04769277067195,7.4388958036350665
TC05000838.hg.1,TC05000838.hg.1,-1.3939588570018708,1.9886432493125867e-47,9.722294180218155e-46,4.987401931784063,6.381360788785934
TC05000915.hg.1,TC05000915.hg.1,-1.3954451063263154,8.431282666554949e-36,1.8127900361345165e-34,3.9346782507656286,5.330123357091944
TC11003482.hg.1,TC11003482.hg.1,-1.3963168641568737,5.893465802836169e-34,1.1120319520548863e-32,7.735762869152704,9.132079733309578
TC13000871.hg.1,TC13000871.hg.1,-1.3978626443074633,1.8817056193781364e-22,1.5244409482205012e-21,6.726082789287214,8.123945433594677
TC15000823.hg.1,TC15000823.hg.1,-1.3986396225448345,3.075716345180035e-47,1.4869388582893506e-45,5.642913141175763,7.041552763720597
TC01003728.hg.1,TC01003728.hg.1,-1.4006188362783618,3.547818757119893e-55,2.896683627195226e-53,6.076562636161654,7.477181472440016
TC0X002226.hg.1,TC0X002226.hg.1,-1.4007315160997234,4.9335495562609384e-27,5.549062975780096e-26,7.4694012838527595,8.870132799952483
TC05000615.hg.1,TC05000615.hg.1,-1.4009637678483262,5.9747223123940855e-59,6.482343911935568e-57,6.840767128445329,8.241730896293655
TC05003006.hg.1,TC05003006.hg.1,-1.4012391003579472,4.868701377459914e-43,1.7540382778641983e-41,3.8201202534077945,5.221359353765742
TC09000572.hg.1,TC09000572.hg.1,-1.4037395437693743,9.154301157552512e-46,4.022331485255433e-44,8.558246945895633,9.961986489665007
TC09001434.hg.1,TC09001434.hg.1,-1.4062405328652092,1.4137392321087125e-39,3.9544045610862337e-38,7.60924135891431,9.015481891779519
TC06000066.hg.1,TC06000066.hg.1,-1.406896414995079,2.2222804976576612e-41,7.149245216665984e-40,6.99047555815769,8.397371973152769
TC02002845.hg.1,TC02002845.hg.1,-1.4079293142115645,9.973153805374917e-65,1.7862393377512446e-62,5.708851070677955,7.11678038488952
TC13000329.hg.1,TC13000329.hg.1,-1.408388472477868,1.871468747697787e-27,2.1698422484096537e-26,5.991204958265777,7.399593430743645
TC22001363.hg.1,TC22001363.hg.1,-1.410559934122066,9.793374105789708e-64,1.620300821995436e-61,6.483789667327209,7.894349601449275
TC01001820.hg.1,TC01001820.hg.1,-1.4111184216970987,3.898082249935362e-50,2.248691251297068e-48,5.455695149222362,6.866813570919461
TC15002564.hg.1,TC15002564.hg.1,-1.4140329834224925,3.8907819080799315e-48,2.010166059432725e-46,4.319151754638804,5.733184738061296
TC02000041.hg.1,TC02000041.hg.1,-1.4173440703659583,1.0688741357287449e-42,3.7737009380190446e-41,6.471023777697717,7.888367848063675
TC03001041.hg.1,TC03001041.hg.1,-1.4186765162237416,3.7230509081258216e-55,3.017917904233371e-53,4.958696409055423,6.377372925279165
TC12000863.hg.1,TC12000863.hg.1,-1.4199621474522175,1.425279837054108e-45,6.142966986013649e-44,5.5907662048880065,7.010728352340224
TC16000525.hg.1,TC16000525.hg.1,-1.4216506210201096,3.0822379741103947e-50,1.80762684015967e-48,5.944567292379751,7.36621791339986
TC20001228.hg.1,TC20001228.hg.1,-1.4236939525780672,2.6048378319331348e-30,3.7461060617385576e-29,6.423815543145383,7.84750949572345
TC16000430.hg.1,TC16000430.hg.1,-1.4243303344807998,3.283740313407985e-73,1.2602861292642973e-70,8.068495347985346,9.492825682466146
TC15002182.hg.1,TC15002182.hg.1,-1.4243888762698482,3.112641193176471e-32,5.171053911561548e-31,2.685142180988409,4.109531057258257
TC17000246.hg.1,TC17000246.hg.1,-1.4261357324506116,7.757095457483315e-42,2.591117889403752e-40,6.97991857082808,8.406054303278692
TC0X000806.hg.1,TC0X000806.hg.1,-1.4356030309854084,4.705131164502508e-51,2.9106808118300712e-49,6.106518089233173,7.542121120218582
TC17002063.hg.1,TC17002063.hg.1,-1.4359135794438362,7.338266086098012e-65,1.3312228168664874e-62,4.739014789527416,6.174928368971252
TC13000748.hg.1,TC13000748.hg.1,-1.4382713080421574,1.1704038533649947e-33,2.169245880392453e-32,6.37700621749835,7.815277525540507
TC11001106.hg.1,TC11001106.hg.1,-1.4388875287714207,2.0618870346976912e-48,1.082116676498366e-46,6.194343801116917,7.633231329888337
TC06003166.hg.1,TC06003166.hg.1,-1.4391789515206792,4.711760424888529e-36,1.0299422690870246e-34,6.760318755179247,8.199497706699926
TC12001574.hg.1,TC12001574.hg.1,-1.442193269563652,5.1022714587698206e-55,4.071569323350435e-53,5.611130347685101,7.053323617248753
TC01003847.hg.1,TC01003847.hg.1,-1.4430377949788413,1.4065425188465169e-37,3.3854230302168425e-36,6.025943463039692,7.468981258018533
TC01004021.hg.1,TC01004021.hg.1,-1.4433441036084345,3.980056077683382e-50,2.2936343594559865e-48,5.4781850363297915,6.921529139938226
TC02001178.hg.1,TC02001178.hg.1,-1.4437554780507025,1.1225584640330602e-49,6.339589932314033e-48,6.5844309920134485,8.028186470064151
TC08001565.hg.1,TC08001565.hg.1,-1.444975880126047,2.833192569047543e-36,6.283139086498596e-35,6.565499574851381,8.010475454977428
TC06002575.hg.1,TC06002575.hg.1,-1.4449887323279018,3.666400628222358e-43,1.3381105927569836e-41,3.5125953690025815,4.957584101330483
TC01000722.hg.1,TC01000722.hg.1,-1.446445463893431,2.908658703036756e-77,2.1880094227723694e-74,6.5966289611481415,8.043074425041572
TC07003070.hg.1,TC07003070.hg.1,-1.4470466751714675,8.426053211602797e-56,7.148587520183557e-54,7.802859818651296,9.249906493822763
TC01002911.hg.1,TC01002911.hg.1,-1.4476997951994557,8.2471508330131e-39,2.1844495572625967e-37,6.52742343181409,7.975123227013546
TC15002670.hg.1,TC15002670.hg.1,-1.4481798538584263,2.0265282048429393e-19,1.3206961795174882e-18,4.803133991473007,6.251313845331433
TC01000776.hg.1,TC01000776.hg.1,-1.4513499351990342,3.2801972956685034e-54,2.4890548409990395e-52,6.426361644748696,7.87771157994773
TC07002023.hg.1,TC07002023.hg.1,-1.4515515741843101,3.7979326625888567e-48,1.9694096043928134e-46,7.819888071218398,9.271439645402708
TC17000937.hg.1,TC17000937.hg.1,-1.45205038401489,7.468859792743909e-92,1.0534453294675646e-87,6.228061555875818,7.680111939890708
TC04002922.hg.1,TC04002922.hg.1,-1.4524106001529988,5.434296239595846e-42,1.8336849596023831e-40,6.350340687563802,7.802751287716801
TC15000107.hg.1,TC15000107.hg.1,-1.453246971631954,9.30790065150421e-40,2.6415147834837247e-38,2.3660052218819434,3.8192521935138974
TC02004273.hg.1,TC02004273.hg.1,-1.4533234885606223,6.417804784413844e-62,9.284095136591289e-60,5.186884899417521,6.640208387978143
TC10002589.hg.1,TC10002589.hg.1,-1.4565378319287037,1.9576696210623392e-25,1.9579472554705735e-24,5.000542358734162,6.457080190662865
TC12000726.hg.1,TC12000726.hg.1,-1.458841877974721,5.5213214654801225e-30,7.741101253465645e-29,5.5365731826097395,6.9954150605844605
TC13000518.hg.1,TC13000518.hg.1,-1.460862749680829,1.8667559939411816e-36,4.200982834709756e-35,6.314453696030743,7.775316445711572
TC06001104.hg.1,TC06001104.hg.1,-1.4613961136392666,1.6494945633439613e-69,4.539569964621444e-67,5.174340222782684,6.63573633642195
TC17002332.hg.1,TC17002332.hg.1,-1.4616815523577142,1.1116730681461973e-20,7.932005964167466e-20,3.0570522650573477,4.518733817415062
TC04001335.hg.1,TC04001335.hg.1,-1.4618108869664432,2.0539345437857035e-42,7.104774928957807e-41,5.879871295262114,7.341682182228557
TC15000095.hg.1,TC15000095.hg.1,-1.4643332567444443,1.5190197765501444e-53,1.1086682762406992e-51,4.4373703248663885,5.901703581610833
TC12000513.hg.1,TC12000513.hg.1,-1.4656339670420975,2.2510225832627608e-80,2.6457956688024675e-77,7.02566956764547,8.491303534687567
TC11000278.hg.1,TC11000278.hg.1,-1.4717678298596164,9.099593703436793e-29,1.1609199199410058e-27,3.6155743523689425,5.087342182228559
TC01006105.hg.1,TC01006105.hg.1,-1.4723100367279445,7.064057745529929e-63,1.088907130839638e-60,4.386063506275147,5.858373543003092
TC07000477.hg.1,TC07000477.hg.1,-1.4735004579472566,1.1922191258279636e-76,8.00745460011453e-74,6.887350273224042,8.360850731171299
TC11002283.hg.1,TC11002283.hg.1,-1.4761484026902068,1.1225739017622925e-29,1.5372178249908986e-28,3.6256318705338373,5.101780273224044
TC10001212.hg.1,TC10001212.hg.1,-1.4763869711097861,1.8808131909579352e-30,2.733429124355095e-29,6.22164865789948,7.698035629009266
TC07003307.hg.1,TC07003307.hg.1,-1.4781837688339152,9.580050232894635e-72,3.1242038961817886e-69,6.869367420284634,8.34755118911855
TC11003001.hg.1,TC11003001.hg.1,-1.4807458365250827,1.2083015177582508e-55,1.0174620153564924e-53,6.862903476851018,8.343649313376101
TC04002651.hg.1,TC04002651.hg.1,-1.481454359529165,2.925104879300822e-29,3.8811986613451027e-28,5.410827994355369,6.892282353884534
TC09000418.hg.1,TC09000418.hg.1,-1.4816958481694158,1.2226891524222781e-45,5.322660231586426e-44,6.6262858481955185,8.107981696364934
TC11002504.hg.1,TC11002504.hg.1,-1.4819797376696737,1.0511721631057975e-61,1.4976017954066383e-59,5.644582276466702,7.1265620141363755
TC07001562.hg.1,TC07001562.hg.1,-1.4828684878034784,2.7480852983851733e-34,5.2969414541952406e-33,5.171919395304148,6.654787883107626
TC0X001547.hg.1,TC0X001547.hg.1,-1.4834137426929184,1.6810366668860014e-53,1.2221743127883303e-51,4.812928896294963,6.296342638987881
TC01004427.hg.1,TC01004427.hg.1,-1.483530669666516,3.3167035025532283e-41,1.055396380186396e-39,4.519686805980906,6.003217475647422
TC09000029.hg.1,TC09000029.hg.1,-1.4848961857766865,2.6338946398171683e-22,2.1119822028028e-21,6.736538504173422,8.221434689950108
TC10000663.hg.1,TC10000663.hg.1,-1.4853996559700713,8.405934402200073e-32,1.354601562705866e-30,4.511631104305529,5.9970307602756
TC01002662.hg.1,TC01002662.hg.1,-1.4857053801051663,7.931244718540915e-76,4.519848126572135e-73,6.9667792926199485,8.452484672725115
TC03000376.hg.1,TC03000376.hg.1,-1.4861611825588312,3.079897816309527e-65,5.715844572386543e-63,6.203904373986668,7.690065556545499
TC21000859.hg.1,TC21000859.hg.1,-1.4862952482970817,2.0224714109446532e-53,1.4628691290086595e-51,4.331664861586502,5.817960109883583
TC05000043.hg.1,TC05000043.hg.1,-1.4869185027309317,1.0077693482401676e-78,9.636666286273521e-76,5.833240207770374,7.320158710501306
TC12000207.hg.1,TC12000207.hg.1,-1.4870929547881433,4.555470253182953e-45,1.8953578225964298e-43,5.416517230529035,6.903610185317178
TC05002346.hg.1,TC05002346.hg.1,-1.4883578888449414,5.935284158209329e-62,8.69758082176244e-60,5.01515630276827,6.5035141916132115
TC19002167.hg.1,TC19002167.hg.1,-1.4892126782287551,5.583464060733531e-73,2.072420232753055e-70,5.803822236834205,7.29303491506296
TC12000508.hg.1,TC12000508.hg.1,-1.4909051952253032,9.111203772974431e-53,6.307188889124803e-51,6.465601766048161,7.9565069612734645
TC05001742.hg.1,TC05001742.hg.1,-1.4942987739511642,9.157664103800489e-64,1.5234595029666342e-61,6.585413452230829,8.079712226181993
TC04000047.hg.1,TC04000047.hg.1,-1.4952748262618876,3.5692858445156234e-80,4.1096320158343355e-77,6.4387010658740165,7.933975892135904
TC07000606.hg.1,TC07000606.hg.1,-1.4959882660194435,7.279110929469748e-91,6.379670300439237e-87,5.17848963550111,6.674477901520554
TC15002211.hg.1,TC15002211.hg.1,-1.497422408255205,4.465980328839848e-47,2.1370795436173588e-45,5.027913030685163,6.525335438940368
TC03002341.hg.1,TC03002341.hg.1,-1.498876600723463,1.7537213272095972e-58,1.825488004400573e-56,6.972766285353991,8.471642886077454
TC05001613.hg.1,TC05001613.hg.1,-1.5012194338270417,2.2827552990923658e-32,3.8375592510188648e-31,3.495108262775476,4.996327696602518
TC17000617.hg.1,TC17000617.hg.1,-1.5033320569149327,2.0262491506697242e-67,4.55445914671253e-65,6.921379179126883,8.424711236041816
TC03001028.hg.1,TC03001028.hg.1,-1.5042986600860537,5.861125512183707e-44,2.266435772079372e-42,6.2292424524109755,7.733541112497029
TC03002310.hg.1,TC03002310.hg.1,-1.5061284271276358,1.2646315837410252e-22,1.0380908583078881e-21,5.369000715186453,6.875129142314089
TC01003312.hg.1,TC01003312.hg.1,-1.506136903632715,1.124150603936731e-50,6.797677253258574e-49,5.906735302948418,7.412872206581133
TC17002038.hg.1,TC17002038.hg.1,-1.5074613740114744,2.9789452005568936e-54,2.2711639233110654e-52,5.47102337236534,6.9784847463768145
TC07000092.hg.1,TC07000092.hg.1,-1.5084302288202425,7.535151490332369e-52,4.931765391897582e-50,4.220513046898457,5.7289432757186995
TC10001678.hg.1,TC10001678.hg.1,-1.5093308719671876,1.0775165233446451e-63,1.777524187545561e-61,5.627513986669067,7.1368448586362545
TC09001119.hg.1,TC09001119.hg.1,-1.509550684398162,4.559055136728892e-19,2.892565509743418e-18,4.342068401489221,5.851619085887383
TC09001146.hg.1,TC09001146.hg.1,-1.5095571432944581,4.559464191950835e-19,2.892565509743418e-18,4.342063308713144,5.8516204520076025
TC15001760.hg.1,TC15001760.hg.1,-1.5117919200679388,2.3373393760620367e-17,1.293711497289002e-16,5.260963025881222,6.772754945949161
TC04001132.hg.1,TC04001132.hg.1,-1.512326079574379,2.8315928280726336e-57,2.6537010660166422e-55,7.731087072599532,9.243413152173911
TC03001047.hg.1,TC03001047.hg.1,-1.5143340306159736,6.434650029125377e-33,1.1242802271390384e-31,5.960974374587162,7.475308405203136
TC22001362.hg.1,TC22001362.hg.1,-1.5154706840979184,2.0633571430029115e-61,2.8392800803399574e-59,6.343760123100942,7.859230807198861
TC11003000.hg.1,TC11003000.hg.1,-1.5161536791843222,9.366997223341901e-27,1.029949813577282e-25,8.136466924878398,9.65262060406272
TC09000330.hg.1,TC09000330.hg.1,-1.5172885949130457,1.4268998678453164e-20,1.0099465154196093e-19,6.849300634119977,8.366589229033023
TC05000567.hg.1,TC05000567.hg.1,-1.5181246637634187,1.8734987282262962e-57,1.7764546428415325e-55,7.785606616825796,9.303731280589215
TC09001785.hg.1,TC09001785.hg.1,-1.5206622317691814,1.4773116767475397e-48,7.826006589553305e-47,4.424874731880141,5.945536963649323
TC05000044.hg.1,TC05000044.hg.1,-1.5213180910803379,9.675201563624306e-48,4.826308769377154e-46,5.8145048555815775,7.335822946661915
TC11000911.hg.1,TC11000911.hg.1,-1.5222777864544579,3.558709303085304e-47,1.7145624377580415e-45,7.420925558758183,8.943203345212641
TC14001605.hg.1,TC14001605.hg.1,-1.526187300473345,2.95687582920743e-75,1.4894733976091499e-72,7.185630487599831,8.711817788073176
TC06002573.hg.1,TC06002573.hg.1,-1.5262102359347702,8.377823614246846e-43,2.9764486943865146e-41,5.1225626655857806,6.648772901520551
TC11002591.hg.1,TC11002591.hg.1,-1.526837412550031,3.2383804555375733e-28,3.9761251042550335e-27,5.157482526271543,6.684319938821574
TC05001427.hg.1,TC05001427.hg.1,-1.526960781932491,6.274939304050696e-37,1.455074088187144e-35,4.600758280790246,6.127719062722737
TC06001232.hg.1,TC06001232.hg.1,-1.5284238956748926,5.2750929940764e-59,5.767639467825626e-57,6.5428769531015405,8.071300848776433
TC04001370.hg.1,TC04001370.hg.1,-1.5302407764758446,6.144431476959801e-43,2.1968094744430803e-41,5.156537362036868,6.686778138512713
TC14002295.hg.1,TC14002295.hg.1,-1.530921332884267,9.54988118846232e-42,3.1563280427104115e-40,4.50105781180568,6.031979144689947
TC05003005.hg.1,TC05003005.hg.1,-1.534009726645416,3.068663894134335e-35,6.311625212514434e-34,7.687622416381431,9.221632143026847
TC09002585.hg.1,TC09002585.hg.1,-1.53420158548923,5.294748714305699e-45,2.1916297356104105e-43,4.226764572149163,5.760966157638393
TC21000111.hg.1,TC21000111.hg.1,-1.53461140949927,7.935096044269553e-64,1.3245036941585789e-61,8.645381036449885,10.179992445949155
TC07000255.hg.1,TC07000255.hg.1,-1.5369007012380598,1.1241245537895915e-66,2.3489207065074508e-64,5.032867453311715,6.569768154549775
TC05000202.hg.1,TC05000202.hg.1,-1.538202653380127,3.197388606511788e-41,1.0185786019321403e-39,7.231609987389659,8.769812640769786
TC02003632.hg.1,TC02003632.hg.1,-1.5390756737133193,1.1520199728984055e-67,2.652843380856418e-65,4.309121351708399,5.848197025421718
TC03001390.hg.1,TC03001390.hg.1,-1.5420503339847373,4.755332706670929e-67,1.0439158001749436e-64,5.8735080712184,7.415558405203138
TC08000123.hg.1,TC08000123.hg.1,-1.5432855622110129,2.7295049077998e-55,2.2447989488082963e-53,3.843458495166036,5.386744057377049
TC10000621.hg.1,TC10000621.hg.1,-1.5437267922413778,1.0267647809058922e-36,2.3443146664973139e-35,6.672742217618447,8.216469009859825
TC22000942.hg.1,TC22000942.hg.1,-1.5441291872008946,4.136927963796501e-59,4.558539098856855e-57,4.035228384074941,5.579357571275835
TC01004022.hg.1,TC01004022.hg.1,-1.544417534469571,9.697640404524847e-38,2.3633757077429065e-36,4.953830544646611,6.498248079116182
TC19000275.hg.1,TC19000275.hg.1,-1.5466386129865617,5.074037886482859e-40,1.465031061819805e-38,6.1576140533237265,7.704252666310288
TC01004025.hg.1,TC01004025.hg.1,-1.5468949762740234,3.744105646397733e-54,2.823996689284322e-52,6.087805133609561,7.6347001098835845
TC05002800.hg.1,TC05002800.hg.1,-1.5490038744030947,3.499972723972144e-34,6.700422841569747e-33,10.434581478412301,11.983585352815396
TC10001486.hg.1,TC10001486.hg.1,-1.5520352331150722,1.1731794707530106e-60,1.5146095968179255e-58,8.147522924998498,9.69955815811357
TC05001610.hg.1,TC05001610.hg.1,-1.5528717677256223,1.4110406956891592e-36,3.195828742247731e-35,7.309083817330214,8.861955585055837
TC02000116.hg.1,TC02000116.hg.1,-1.5543112492722369,3.722944802408374e-40,1.0882958542086822e-38,8.500099930342877,10.054411179615114
TC16001574.hg.1,TC16001574.hg.1,-1.5548925441166084,1.7513205490978624e-51,1.107690613665955e-49,4.958774903020478,6.513667447137086
TC05002389.hg.1,TC05002389.hg.1,-1.556616959693903,4.6983325254797475e-71,1.440600676209328e-68,4.334762331111511,5.891379290805414
TC02002766.hg.1,TC02002766.hg.1,-1.5577108249786553,3.5228069332458575e-36,7.769731100854761e-35,5.0978940473188015,6.655604872297457
TC05000291.hg.1,TC05000291.hg.1,-1.5581765906064744,2.7902682633362463e-50,1.6415156921887833e-48,6.55770098660902,8.115877577215494
TC19001102.hg.1,TC19001102.hg.1,-1.5582781822572747,3.795965447992488e-38,9.552220278538813e-37,6.199714664024503,7.757992846281778
TC08001369.hg.1,TC08001369.hg.1,-1.5597251778762917,2.9306080956520045e-25,2.8935780108592017e-24,5.070728771993035,6.6304539498693265
TC14001466.hg.1,TC14001466.hg.1,-1.560532321869152,3.3260504949084934e-31,5.117237982594692e-30,7.792394092956224,9.352926414825376
TC09002616.hg.1,TC09002616.hg.1,-1.5607117683522214,2.9404129235121885e-28,3.618940146568732e-27,3.736382721431575,5.297094489783796
TC09000565.hg.1,TC09000565.hg.1,-1.5624256426639365,8.264097903882409e-50,4.6905822489058124e-48,6.973235191857326,8.535660834521263
TC12000042.hg.1,TC12000042.hg.1,-1.5691016780956017,1.748103846763786e-42,6.091693812644799e-41,7.842881462199004,9.411983140294605
TC17001247.hg.1,TC17001247.hg.1,-1.5692751730854075,2.943440839033692e-43,1.079733714282203e-41,4.989222600732602,6.55849777381801
TC22001461.hg.1,TC22001461.hg.1,-1.5709606598236618,5.678781410696222e-63,8.801799165622512e-61,6.169431154146402,7.740391813970064
TC19000147.hg.1,TC19000147.hg.1,-1.5740991113626244,5.245705722322322e-38,1.3060557168666406e-36,6.339697984147002,7.913797095509627
TC03002288.hg.1,TC03002288.hg.1,-1.5762777757826623,4.323573594930833e-50,2.4839854896008935e-48,4.397611513240857,5.97388928902352
TC05003041.hg.1,TC05003041.hg.1,-1.5782224770638011,1.8807851977043366e-37,4.5019151159984414e-36,3.4537509079445154,5.031973385008317
TC04002369.hg.1,TC04002369.hg.1,-1.5783038600500232,8.043609355203337e-50,4.570033762355104e-48,5.171157935507117,6.74946179555714
TC16000481.hg.1,TC16000481.hg.1,-1.578837449656545,1.0487096421708821e-48,5.618812971699604e-47,5.304238729958566,6.883076179615111
TC0X000141.hg.1,TC0X000141.hg.1,-1.5806068078607058,9.139208684013691e-26,9.340867310410949e-25,6.581861545667447,8.162468353528153
TC09001068.hg.1,TC09001068.hg.1,-1.5814085000483002,2.867763263668634e-42,9.817564794275302e-41,7.368158542004445,8.949567042052745
TC14000908.hg.1,TC14000908.hg.1,-1.5817916867962127,2.754562364634023e-74,1.2432551959033785e-71,7.102841809283617,8.68463349607983
TC09002523.hg.1,TC09002523.hg.1,-1.5849470378362431,3.6580720998304333e-20,2.512247251713127e-19,4.966080060049243,6.551027097885486
TC01000272.hg.1,TC01000272.hg.1,-1.5858068085982735,7.09083338871399e-53,4.932806881929296e-51,5.963796723713444,7.549603532311718
TC01002701.hg.1,TC01002701.hg.1,-1.586058375361275,7.504370205414795e-49,4.032205316658018e-47,7.569056570587882,9.155114945949157
TC01000113.hg.1,TC01000113.hg.1,-1.5869784504685178,9.330481646428176e-58,9.075984716003187e-56,7.18841140935567,8.775389859824188
TC21000793.hg.1,TC21000793.hg.1,-1.5876260034032228,1.2203188497869066e-52,8.416619665926369e-51,7.909762987449712,9.497388990852935
TC17000106.hg.1,TC17000106.hg.1,-1.5880083403107914,6.256057025786109e-57,5.7297763844285826e-55,5.665627172281271,7.253635512592062
TC11002285.hg.1,TC11002285.hg.1,-1.5903110808341125,1.3486565772867485e-48,7.164642822727286e-47,7.498983568726356,9.089294649560468
TC11002916.hg.1,TC11002916.hg.1,-1.5936642639790701,2.5454517993224016e-35,5.266200939280208e-34,7.12140208551012,8.71506634948919
TC03001048.hg.1,TC03001048.hg.1,-1.597428371882338,1.0008578381344628e-33,1.8678927393936529e-32,4.733422737644868,6.330851109527206
TC06001050.hg.1,TC06001050.hg.1,-1.600249852944633,1.8124673623662896e-51,1.145081563829578e-49,6.107066042755061,7.707315895699694
TC11001026.hg.1,TC11001026.hg.1,-1.6054855662055925,6.223045499802007e-59,6.725896187889456e-57,6.293007963730259,7.898493529935852
TC12001772.hg.1,TC12001772.hg.1,-1.606232782472932,7.054628796583354e-44,2.7112264812373277e-42,5.036181772053082,6.642414554526014
TC05002105.hg.1,TC05002105.hg.1,-1.6063520455904303,8.695946481057074e-85,1.7521711020295645e-81,6.382330876718909,7.988682922309339
TC09000031.hg.1,TC09000031.hg.1,-1.6066299457859774,1.621618333516241e-58,1.7036957754249403e-56,5.747325862006846,7.353955807792824
TC01002754.hg.1,TC01002754.hg.1,-1.606791175946893,1.3514868366470463e-51,8.664566403403755e-50,6.4914660751816475,8.09825725112854
TC09002809.hg.1,TC09002809.hg.1,-1.6069647224289172,1.9661335715393818e-54,1.5195249840973815e-52,7.110879634900615,8.717844357329533
TC06001235.hg.1,TC06001235.hg.1,-1.6085412238622636,2.4742326392448552e-58,2.5288271203064538e-56,6.264123688824839,7.872664912687102
TC11002833.hg.1,TC11002833.hg.1,-1.6132253303426216,1.5871734471563753e-45,6.799176274993802e-44,7.7870476959106485,9.40027302625327
TC02002043.hg.1,TC02002043.hg.1,-1.6155899814565364,1.4841557064186575e-60,1.8858805550614373e-58,6.549747115834982,8.165337097291518
TC05002211.hg.1,TC05002211.hg.1,-1.6164257375091058,1.0799822806701837e-72,3.905797455823745e-70,5.223252367741548,6.839678105250654
TC13001420.hg.1,TC13001420.hg.1,-1.6170628955417365,3.901396355457498e-38,9.804408890075773e-37,5.326055030925359,6.943117926467096
TC11002793.hg.1,TC11002793.hg.1,-1.6173174137836464,1.998968081957646e-37,4.778719544401969e-36,4.237389953762086,5.854707367545732
TC09000828.hg.1,TC09000828.hg.1,-1.6181186323263343,2.580727808256588e-74,1.1837357844408144e-71,6.849591345102983,8.467709977429317
TC09002184.hg.1,TC09002184.hg.1,-1.6203152045720968,6.6256903893832126e-49,3.570278895780536e-47,7.357400468984571,8.977715673556668
TC19001117.hg.1,TC19001117.hg.1,-1.6214089369195772,2.6852432675955033e-78,2.330708533403125e-75,7.000191409956162,8.62160034687574
TC09001695.hg.1,TC09001695.hg.1,-1.6236775361731315,1.7086183997314797e-87,6.426455525070042e-84,6.2799513168798455,7.903628853052977
TC18000434.hg.1,TC18000434.hg.1,-1.6239066393573163,2.1626464419012874e-33,3.9257460411578774e-32,3.8696449168318043,5.493551556189121
TC02000750.hg.1,TC02000750.hg.1,-1.6284324417979272,4.853911654732954e-67,1.061426309057069e-64,7.328322185191856,8.956754626989783
TC04002455.hg.1,TC04002455.hg.1,-1.629428378500804,6.135039020032744e-57,5.6372415542704785e-55,4.3166190686362835,5.946047447137087
TC03000204.hg.1,TC03000204.hg.1,-1.6295426617478537,4.781961794524084e-74,2.0438539433595436e-71,5.4036111847715125,7.033153846519366
TC13001662.hg.1,TC13001662.hg.1,-1.6315732207867004,6.340628151224312e-52,4.164441897971749e-50,5.9329370209571834,7.564510241743884
TC01002694.hg.1,TC01002694.hg.1,-1.6316192453768608,1.338961896514718e-38,3.479293137598635e-37,8.661014889809644,10.292634135186505
TC17000541.hg.1,TC17000541.hg.1,-1.6328473268688999,1.2707316309195824e-49,7.147770404109769e-48,4.844077184891614,6.476924511760514
TC15001837.hg.1,TC15001837.hg.1,-1.6335373525856447,2.4940404665426513e-14,1.0875620269083576e-13,8.652158425508917,10.285695778094562
TC05001428.hg.1,TC05001428.hg.1,-1.6341381394591394,6.108565234686573e-29,7.906240729767081e-28,3.1363492025460875,4.770487342005227
TC01002166.hg.1,TC01002166.hg.1,-1.6356334541106268,2.151158267371744e-30,3.1111009261363514e-29,9.263824571548671,10.899458025659298
TC03001414.hg.1,TC03001414.hg.1,-1.637316392339546,6.4058218691490855e-68,1.4872578527310829e-65,6.978081412958625,8.615397805298171
TC09001484.hg.1,TC09001484.hg.1,-1.6411669232596795,4.517895140297873e-35,9.185247136047761e-34,7.017630546448086,8.658797469707766
TC01001649.hg.1,TC01001649.hg.1,-1.641477246030874,4.4420795628484805e-55,3.5598472269429766e-53,4.838572436197683,6.480049682228557
TC05002950.hg.1,TC05002950.hg.1,-1.6424532609674731,5.094214951482911e-26,5.307579300697375e-25,5.4880523953642,7.130505656331673
TC19002703.hg.1,TC19002703.hg.1,-1.6463678616530784,8.387097693099673e-55,6.617947939151011e-53,5.50116421425569,7.147532075908768
TC03002721.hg.1,TC03002721.hg.1,-1.6482757023933559,3.759750131339739e-49,2.0613953635561264e-47,4.8306251065874,6.478900808980756
TC03002694.hg.1,TC03002694.hg.1,-1.6505236584869172,4.335367671442849e-78,3.5969525483450384e-75,6.135891998438718,7.7864156569256355
TC04002840.hg.1,TC04002840.hg.1,-1.6506582637806453,8.009121169680507e-15,3.636103630409872e-14,7.788400442562903,9.439058706343548
TC16001649.hg.1,TC16001649.hg.1,-1.6525783257292694,1.1872073941491285e-59,1.389623791765675e-57,5.402982393562722,7.055560719291991
TC03000191.hg.1,TC03000191.hg.1,-1.6535942664593684,2.9755117861358862e-61,4.035394806495539e-59,6.581567758962349,8.235162025421717
TC01005000.hg.1,TC01005000.hg.1,-1.653834768843061,7.656456806166515e-40,2.1893663461241888e-38,3.67743159430733,5.331266363150391
TC08001440.hg.1,TC08001440.hg.1,-1.6538766006712438,9.731848055462867e-33,1.672917134652968e-31,7.320665962289078,8.974542562960321
TC01000687.hg.1,TC01000687.hg.1,-1.654495816930754,1.4254904588684756e-63,2.331110745172222e-61,5.193707028163094,6.848202845093848
TC02000930.hg.1,TC02000930.hg.1,-1.6548733207752067,4.467199147501547e-66,8.812253199431548e-64,5.838055909445748,7.4929292302209545
TC06002119.hg.1,TC06002119.hg.1,-1.6558788663551942,2.9295917867895085e-12,1.061812343743354e-11,7.453091508436919,9.108970374792113
TC19000055.hg.1,TC19000055.hg.1,-1.6566496896563851,1.1703884250408917e-40,3.571172210057168e-39,7.76235264997298,9.419002339629365
TC01003725.hg.1,TC01003725.hg.1,-1.663047789900764,6.622121836256457e-73,2.4418749657380184e-70,5.950253493064313,7.613301282965077
TC02000364.hg.1,TC02000364.hg.1,-1.6643121464600936,6.834651133023108e-73,2.503878880668167e-70,6.697252798895094,8.361564945355187
TC11003023.hg.1,TC11003023.hg.1,-1.665627600367082,3.058470020547392e-17,1.6803268246104077e-16,5.676705574971477,7.342333175338559
TC04000428.hg.1,TC04000428.hg.1,-1.6662231275863641,1.619198578894411e-30,2.3678575796802712e-29,7.2572252128745545,8.923448340460919
TC06003630.hg.1,TC06003630.hg.1,-1.6678544613387327,3.642416765324035e-70,1.037868025586118e-67,6.594312507656275,8.262166968995007
TC10001293.hg.1,TC10001293.hg.1,-1.669681880840117,1.6360689858767766e-52,1.1174786930411134e-50,4.427696962709422,6.097378843549539
TC03001160.hg.1,TC03001160.hg.1,-1.6706377344139618,8.094875138612516e-97,4.566966655702409e-92,5.86682007326007,7.5374578076740315
TC22000024.hg.1,TC22000024.hg.1,-1.6723088798793304,1.4331912408436766e-94,2.6952594475306184e-90,5.673055400828678,7.345364280708009
TC19001938.hg.1,TC19001938.hg.1,-1.6733366933428835,8.613516095902537e-40,2.4506169999930876e-38,7.85884344742689,9.532180140769773
TC05000368.hg.1,TC05000368.hg.1,-1.6737380463632379,1.1202861699589099e-29,1.53445751727948e-28,7.116762029664323,8.790500076027561
TC04002914.hg.1,TC04002914.hg.1,-1.6758388889976743,1.7520927388898438e-52,1.193835364042116e-50,7.053619261394344,8.729458150392018
TC16001575.hg.1,TC16001575.hg.1,-1.6779040612933036,8.289732510848392e-33,1.4333132969569247e-31,7.215797180688164,8.893701241981468
TC17002771.hg.1,TC17002771.hg.1,-1.6800116686247946,1.4727689868110707e-33,2.7038945882820365e-32,3.3164776340599293,4.996489302684724
TC01001645.hg.1,TC01001645.hg.1,-1.680371273220124,1.3823807597890842e-28,1.7381581837704603e-27,6.59612308232751,8.276494355547634
TC13000362.hg.1,TC13000362.hg.1,-1.682184021504149,1.8050977420572024e-53,1.3089974860074968e-51,6.893083409595871,8.57526743110002
TC17002829.hg.1,TC17002829.hg.1,-1.684308842120104,2.3374818378441993e-58,2.393394742785736e-56,5.8109529730378915,7.4952618151579955
TC17000033.hg.1,TC17000033.hg.1,-1.684466789356402,1.4750984954845606e-40,4.4623113629087366e-39,4.22782598030385,5.912292769660252
TC16001409.hg.1,TC16001409.hg.1,-1.6848025749766968,1.626867554812682e-43,6.068352807199966e-42,4.913063156788567,6.597865731765264
TC05002079.hg.1,TC05002079.hg.1,-1.6854436174967784,9.798418137294632e-70,2.7250966565201512e-67,5.14770429412118,6.833147911617958
TC10002702.hg.1,TC10002702.hg.1,-1.6868090728919447,1.7705533358321946e-19,1.1577547299603704e-18,3.3735842556896665,5.060393328581611
TC17002592.hg.1,TC17002592.hg.1,-1.6870766696103843,1.8342922277192765e-27,2.129364174968439e-26,6.367457215516724,8.054533885127109
TC02004815.hg.1,TC02004815.hg.1,-1.6901771085572799,5.241829570956934e-37,1.2210303085641963e-35,4.89178344442443,6.58196055298171
TC07000091.hg.1,TC07000091.hg.1,-1.692052512982384,2.507545846979586e-61,3.4254412008448977e-59,3.074206674473068,4.766259187455452
TC05003039.hg.1,TC05003039.hg.1,-1.6927931494716955,4.6255504669586425e-37,1.0810451791419746e-35,4.5798542923197045,6.2726474417914
TC06002467.hg.1,TC06002467.hg.1,-1.6950551567742034,9.046676351646071e-63,1.3907231237252536e-60,6.505526232510658,8.200581389284862
TC01002992.hg.1,TC01002992.hg.1,-1.6952985695161331,8.084678517561403e-57,7.344949961413514e-55,5.656396303969255,7.351694873485388
TC15000747.hg.1,TC15000747.hg.1,-1.6958894878517832,3.132395957552262e-91,3.5344703026636704e-87,6.075217718729355,7.771107206581138
TC08001602.hg.1,TC08001602.hg.1,-1.6967534058950067,1.406692288369622e-40,4.2691105715566074e-39,6.901511794271301,8.598265200166308
TC0X001645.hg.1,TC0X001645.hg.1,-1.6975053347940943,3.66527391106813e-52,2.4471884439602575e-50,3.5980564667026966,5.295561801496791
TC04002056.hg.1,TC04002056.hg.1,-1.7019459753106205,1.2122644261846978e-25,1.2287735249099584e-24,3.7459549708761215,5.447900946186742
TC01003815.hg.1,TC01003815.hg.1,-1.7025918480414814,9.92054056390584e-62,1.4169545760365563e-59,4.065960690566264,5.768552538607746
TC04002539.hg.1,TC04002539.hg.1,-1.7028181394003985,1.5948315356643323e-54,1.2410649045394523e-52,5.231737459316639,6.934555598717037
TC10000132.hg.1,TC10000132.hg.1,-1.7043738348032322,6.332047578866437e-24,5.699448951890342e-23,6.4238591653155614,8.128233000118794
TC01000698.hg.1,TC01000698.hg.1,-1.7074929621572288,2.5144244739497903e-62,3.782901332567981e-60,5.612465678256172,7.319958640413401
TC01004452.hg.1,TC01004452.hg.1,-1.707509167064817,2.18251889964273e-22,1.760305236312274e-21,6.429597832222424,8.13710699928724
TC11000802.hg.1,TC11000802.hg.1,-1.7079342302340095,4.005605988176819e-47,1.923304499071998e-45,7.134073878580436,8.842008108814445
TC14001029.hg.1,TC14001029.hg.1,-1.7085612614060945,1.8722352725160795e-44,7.49664794924146e-43,6.0574316009127465,7.765992862318841
TC05001289.hg.1,TC05001289.hg.1,-1.709075838927049,5.056400856885477e-32,8.285565598134326e-31,5.09956074220861,6.8086365811356595
TC12001307.hg.1,TC12001307.hg.1,-1.71003319627747,1.1886415591050024e-58,1.2605409676989853e-56,5.485029111871735,7.195062308149205
TC08001275.hg.1,TC08001275.hg.1,-1.7101305159208797,1.1270147401013691e-33,2.0915762370736528e-32,5.396976633639584,7.107107149560464
TC19001749.hg.1,TC19001749.hg.1,-1.711617235346024,4.570005636866094e-79,4.604117464655559e-76,6.478941561280248,8.190558796626272
TC16001797.hg.1,TC16001797.hg.1,-1.7136257940076067,1.0601083527996341e-73,4.333999496249983e-71,5.279667169879302,6.993292963886908
TC08000590.hg.1,TC08000590.hg.1,-1.7150281768202174,2.5558681187531943e-60,3.19019839654464e-58,6.2655448910106255,7.980573067830843
TC0X002082.hg.1,TC0X002082.hg.1,-1.7153297971445274,4.2323789193684415e-60,5.1684492180287605e-58,3.9347969140695365,5.650126711214064
TC02001782.hg.1,TC02001782.hg.1,-1.7159114178213093,1.3825822738405213e-77,1.0685277633634867e-74,6.509157429292022,8.22506884711333
TC04002245.hg.1,TC04002245.hg.1,-1.716088107110874,2.999310642376684e-50,1.7608231823268235e-48,5.080143216837808,6.796231323948682
TC22000023.hg.1,TC22000023.hg.1,-1.7163918471276869,2.400344476408589e-75,1.2424094923855027e-72,4.801650665345584,6.518042512473271
TC01001276.hg.1,TC01001276.hg.1,-1.7180596634435936,8.435390444716738e-65,1.520472390127888e-62,6.315914187233529,8.033973850677123
TC19000751.hg.1,TC19000751.hg.1,-1.720242071300639,2.1233180010012454e-59,2.4200677773836014e-57,7.226429221761844,8.946671293062483
TC16001158.hg.1,TC16001158.hg.1,-1.7223304088765863,1.429841073247074e-65,2.7252964077855884e-63,7.703991290458174,9.42632169933476
TC16001418.hg.1,TC16001418.hg.1,-1.7223590344539046,3.765970352603499e-48,1.9546321559630564e-46,3.751321343902,5.473680378355905
TC08000170.hg.1,TC08000170.hg.1,-1.7235686599032984,4.292971630143994e-46,1.9422684316717227e-44,8.169627879060831,9.89319653896413
TC10001507.hg.1,TC10001507.hg.1,-1.723816746244963,2.921328096628254e-63,4.6296485549318215e-61,5.9032066132228405,7.627023359467803
TC12001328.hg.1,TC12001328.hg.1,-1.7246961886551277,7.000481376790653e-45,2.884975590327064e-43,7.390500315859007,9.115196504514135
TC08001955.hg.1,TC08001955.hg.1,-1.7251520095021378,1.5567766475702891e-34,3.0528406292186504e-33,3.493093267879661,5.218245277381799
TC0X002081.hg.1,TC0X002081.hg.1,-1.725419750815235,2.6546016005502013e-63,4.2427000878142e-61,3.736034509697951,5.461454260513186
TC10000135.hg.1,TC10000135.hg.1,-1.725861397136958,5.812472723260732e-24,5.241817233071035e-23,6.357103157389059,8.082964554526017
TC06002062.hg.1,TC06002062.hg.1,-1.7264248686226997,3.191373898123934e-47,1.5415319570578436e-45,7.796449627694712,9.522874496317412
TC15002589.hg.1,TC15002589.hg.1,-1.7272618054783182,7.357131230006721e-66,1.4214884579949287e-63,3.9132247156668463,5.6404865211451645
TC19000456.hg.1,TC19000456.hg.1,-1.7277033093136378,5.870585960926735e-69,1.5054850851980207e-66,6.739329095057945,8.467032404371583
TC21000500.hg.1,TC21000500.hg.1,-1.7345150600492412,6.950196319912004e-88,3.01627827674458e-84,6.0612273716447485,7.79574243169399
TC13000417.hg.1,TC13000417.hg.1,-1.7359094739882384,1.1244773836654843e-77,8.811217365505457e-75,6.004399540623308,7.7403090146115465
TC11002325.hg.1,TC11002325.hg.1,-1.739445524908687,3.7538235759477454e-61,5.054492088492121e-59,5.873775478892692,7.613221003801379
TC01005709.hg.1,TC01005709.hg.1,-1.7404616954250294,2.387547519921936e-62,3.6112776401864825e-60,2.7162659334654418,4.456727628890471
TC15001507.hg.1,TC15001507.hg.1,-1.7416300660411093,9.964612839733619e-46,4.371567085475049e-44,6.557309716567584,8.298939782608693
TC02002606.hg.1,TC02002606.hg.1,-1.7424987470334417,1.305260064471899e-25,1.3197161705622868e-24,7.1233971854921,8.865895932525541
TC09000900.hg.1,TC09000900.hg.1,-1.7464840241215196,1.391932552341463e-38,3.6122378444342534e-37,2.7977216933885787,4.544205717510098
TC06000628.hg.1,TC06000628.hg.1,-1.748085369687927,4.347358100405803e-37,1.0185600054347782e-35,5.647792491442983,7.39587786113091
TC18000104.hg.1,TC18000104.hg.1,-1.7487206777405326,1.3101523674206755e-58,1.38322814959751e-56,6.109089669729174,7.857810347469707
TC22000393.hg.1,TC22000393.hg.1,-1.7517831989731603,9.405976028631028e-61,1.231244444508829e-58,7.206242361136133,8.958025560109293
TC01002693.hg.1,TC01002693.hg.1,-1.7528798605617464,1.1730494294344842e-41,3.841039042938754e-40,5.227022664384796,6.979902524946542
TC05001461.hg.1,TC05001461.hg.1,-1.753748637848254,3.727244163102155e-53,2.6417545376117763e-51,4.097187503753078,5.850936141601332
TC04002370.hg.1,TC04002370.hg.1,-1.7582142149801956,3.441327986255882e-48,1.7910778812600036e-46,2.7232238611661574,4.481438076146353
TC13000458.hg.1,TC13000458.hg.1,-1.758459922595227,2.1425186976477605e-55,1.780215314932126e-53,5.873390290638324,7.631850213233551
TC09000214.hg.1,TC09000214.hg.1,-1.7610408165325984,3.2837277969684102e-87,1.0897726755844926e-83,6.546973130366902,8.3080139468995
TC15000103.hg.1,TC15000103.hg.1,-1.7629262473858986,8.233608708810688e-44,3.157877200093007e-42,3.500393437218518,5.263319684604417
TC01005544.hg.1,TC01005544.hg.1,-1.763543631131876,1.5414816103004443e-51,9.815723418728043e-50,6.7900702528073005,8.553613883939176
TC07000478.hg.1,TC07000478.hg.1,-1.7663339867930867,3.8450442479672806e-47,1.8477828482267293e-45,6.354893925418842,8.121227912211928
TC09002429.hg.1,TC09002429.hg.1,-1.7669555944156814,3.903626601316938e-69,1.043766851152128e-66,7.120229138893893,8.887184733309574
TC09000128.hg.1,TC09000128.hg.1,-1.769223614898996,7.96220316898721e-46,3.520466915265834e-44,7.275535735302951,9.044759350201947
TC04002507.hg.1,TC04002507.hg.1,-1.769512480816879,4.1148689635601783e-39,1.1171928642258814e-37,2.810364059929142,4.579876540746021
TC0X000617.hg.1,TC0X000617.hg.1,-1.7725338929922518,4.282213779017608e-26,4.482262281718282e-25,5.456122172581518,7.2286560655737695
TC05003040.hg.1,TC05003040.hg.1,-1.773167310949329,2.3756688444065984e-32,3.9901900822784004e-31,3.4552369555035125,5.228404266452841
TC17000050.hg.1,TC17000050.hg.1,-1.7758399039342683,3.3002650069982232e-28,4.049463922679986e-27,7.2156544664625,8.991494370396769
TC16000645.hg.1,TC16000645.hg.1,-1.7766701798278914,2.206984298268654e-21,1.6586338103066597e-20,7.646612308292798,9.42328248812069
TC01000877.hg.1,TC01000877.hg.1,-1.7783012538672986,5.398182526183151e-58,5.333706860984255e-56,4.768965136011532,6.547266389878831
TC14000419.hg.1,TC14000419.hg.1,-1.778769660036442,3.383375476730906e-46,1.5431146131463562e-44,5.924687560799857,7.703457220836299
TC19001003.hg.1,TC19001003.hg.1,-1.7807241153571916,2.2145125778573613e-79,2.2716067385010293e-76,7.001496305170244,8.782220420527436
TC02003631.hg.1,TC02003631.hg.1,-1.7814549550218142,2.4540021985183296e-62,3.7018688779681045e-60,3.8910507500150113,5.6725057050368255
TC14001367.hg.1,TC14001367.hg.1,-1.7816174903529616,3.180818747156617e-73,1.2376236694971174e-70,5.168208155287334,6.949825645640296
TC16002034.hg.1,TC16002034.hg.1,-1.7816752475334123,5.741803469634628e-29,7.443498808590221e-28,10.859148920915153,12.640824168448566
TC05001641.hg.1,TC05001641.hg.1,-1.7823869022489762,4.111760562832302e-24,3.7397599134914204e-23,3.827972206209091,5.610359108458067
TC05003063.hg.1,TC05003063.hg.1,-1.7853204192285466,2.859312190812105e-52,1.9273198946384388e-50,4.132205474689246,5.917525893917793
TC01001099.hg.1,TC01001099.hg.1,-1.7868932525018328,1.1817094573137613e-24,1.1204988934912232e-23,5.723630715186452,7.510523967688285
TC07001579.hg.1,TC07001579.hg.1,-1.787924077728519,1.879605816584644e-31,2.9432029131299596e-30,4.975443482855944,6.763367560584463
TC16002075.hg.1,TC16002075.hg.1,-1.7881028548648992,9.865386947101193e-32,1.578517869488245e-30,7.197256751336097,8.985359606200996
TC13000358.hg.1,TC13000358.hg.1,-1.7896350326028232,5.902707745109793e-51,3.623710180235085e-49,6.009189295622411,7.798824328225234
TC01000212.hg.1,TC01000212.hg.1,-1.7907215745889893,3.1819393720494747e-59,3.5618780851644305e-57,6.623764482075304,8.414486056664293
TC22001279.hg.1,TC22001279.hg.1,-1.7935311977995863,1.2820703849628955e-49,7.204367228967793e-48,4.568486305170239,6.362017502969826
TC11001758.hg.1,TC11001758.hg.1,-1.7971223512671717,4.2689581315207914e-45,1.7800892820705102e-43,4.549610186152644,6.346732537419816
TC11001976.hg.1,TC11001976.hg.1,-1.7985443815189308,4.0515724935893856e-73,1.5341048117001742e-70,6.239251709001382,8.037796090520313
TC18000876.hg.1,TC18000876.hg.1,-1.7985954858440456,4.583761329727936e-22,3.609304210754929e-21,4.557168854260493,6.355764340104539
TC04001730.hg.1,TC04001730.hg.1,-1.7987800684887683,4.004761273290706e-71,1.2482907266105805e-68,5.522524300126104,7.321304368614872
TC01003718.hg.1,TC01003718.hg.1,-1.8002242522107217,1.1022082411985323e-21,8.462763275985138e-21,6.803584698252568,8.60380895046329
TC10002959.hg.1,TC10002959.hg.1,-1.802504441032955,3.506008805250275e-70,1.0091939019112756e-67,5.873377326607817,7.675881767640772
TC14000181.hg.1,TC14000181.hg.1,-1.8056607047626843,3.757706127847672e-45,1.5703871431178515e-43,4.278169478772595,6.083830183535279
TC07002276.hg.1,TC07002276.hg.1,-1.806969364874849,1.2243236908790582e-61,1.7311752880204187e-59,4.591674497087611,6.39864386196246
TC04001275.hg.1,TC04001275.hg.1,-1.8185102115103975,1.264261692850372e-44,5.146256579165389e-43,4.633908901699392,6.45241911320979
TC04001131.hg.1,TC04001131.hg.1,-1.8214927641840202,5.443623947126306e-59,5.936133820969846e-57,5.35120564042515,7.17269840460917
TC06001338.hg.1,TC06001338.hg.1,-1.823182002394136,2.0304380345349936e-56,1.7955055334231233e-54,3.7008078562421187,5.523989858636255
TC08002559.hg.1,TC08002559.hg.1,-1.8233001081800158,9.505473891062143e-47,4.462524786772225e-45,6.389379992794087,8.212680100974103
TC01003130.hg.1,TC01003130.hg.1,-1.826001743105433,1.9882513066850326e-23,1.7350837157085253e-22,6.2148467927700715,8.040848535875504
TC14000157.hg.1,TC14000157.hg.1,-1.826543973908609,8.461182130266403e-86,2.075491188805956e-82,6.320860957785382,8.147404931693991
TC16000901.hg.1,TC16000901.hg.1,-1.8270966991715802,6.567272557802001e-78,5.359397638577381e-75,6.518123512280072,8.345220211451652
TC07002149.hg.1,TC07002149.hg.1,-1.8271768844039071,1.5441590863104939e-49,8.651277788626161e-48,2.697991935387016,4.525168819790923
TC11001793.hg.1,TC11001793.hg.1,-1.8276926291189195,1.5037956008293114e-37,3.613336465399833e-36,7.408626645649434,9.236319274768354
TC11002284.hg.1,TC11002284.hg.1,-1.8328292973455644,1.42504819648865e-51,9.115461354818214e-50,7.195441474809342,9.028270772154906
TC13000416.hg.1,TC13000416.hg.1,-1.8330036287560123,1.3258957400555604e-87,5.343170418746758e-84,6.465212329310036,8.298215958066049
TC08001957.hg.1,TC08001957.hg.1,-1.8341539353400207,1.660405349938949e-54,1.2903133475599947e-52,2.880119041614123,4.714272976954144
TC10002924.hg.1,TC10002924.hg.1,-1.834768334671387,5.728717602109115e-25,5.537138764361693e-24,6.797465887828019,8.632234222499406
TC05001861.hg.1,TC05001861.hg.1,-1.836039566849169,1.9163562473091767e-42,6.649261178394165e-41,7.63501624331952,9.47105581016869
TC09002146.hg.1,TC09002146.hg.1,-1.837240186759665,4.4674292416967046e-39,1.2076829082800416e-37,4.39107238095238,6.228312567712045
TC03002463.hg.1,TC03002463.hg.1,-1.8374991437239396,9.255565508052068e-46,4.063661438391296e-44,5.205566591605114,7.043065735329054
TC08002539.hg.1,TC08002539.hg.1,-1.8376173320971008,3.597428393735605e-34,6.879990342975436e-33,7.0109145727496545,8.848531904846755
TC01002278.hg.1,TC01002278.hg.1,-1.8421238461669018,1.2867681442647217e-55,1.0803107911179624e-53,7.030806972317298,8.8729308184842
TC0X001073.hg.1,TC0X001073.hg.1,-1.8425722456131393,1.9869409543614778e-69,5.4417104253964005e-67,4.30193493364559,6.14450717925873
TC06000146.hg.1,TC06000146.hg.1,-1.843370059363898,8.129000142764272e-78,6.459463803584151e-75,5.892671533057106,7.736041592421004
TC08001081.hg.1,TC08001081.hg.1,-1.847105277597196,3.890104157863917e-37,9.137048142313342e-36,7.454187302588123,9.301292580185319
TC13001233.hg.1,TC13001233.hg.1,-1.8479647172659854,1.9672133202309686e-34,3.8297529710417803e-33,4.759941639944753,6.607906357210738
TC07002016.hg.1,TC07002016.hg.1,-1.8534011603145002,1.9253229901600332e-56,1.7052256272974687e-54,7.003940027022156,8.857341187336656
TC09000913.hg.1,TC09000913.hg.1,-1.8534904015140201,6.710339448074014e-51,4.1105747120677496e-49,6.01871885305951,7.87220925457353
TC04001286.hg.1,TC04001286.hg.1,-1.8603207359360736,1.2200024974587866e-38,3.1748201522891986e-37,7.1031501080886335,8.963470844024707
TC06004092.hg.1,TC06004092.hg.1,-1.8616483466290212,3.166150066086725e-31,4.877876964185714e-30,3.837797410676755,5.699445757305776
TC16000426.hg.1,TC16000426.hg.1,-1.8616958358332072,1.132761727089942e-66,2.3582343586332233e-64,6.500285507716328,8.361981343549536
TC10001790.hg.1,TC10001790.hg.1,-1.869347310388001,1.0241589538299259e-75,5.555865370882381e-73,7.678382526271539,9.54772983665954
TC19001257.hg.1,TC19001257.hg.1,-1.8705282530305238,1.594664699615364e-72,5.622987063931226e-70,6.043606568185913,7.914134821216437
TC13001722.hg.1,TC13001722.hg.1,-1.8734290285077257,2.5472827752981546e-66,5.114327388497199e-64,5.5708902516063175,7.444319280114043
TC18000175.hg.1,TC18000175.hg.1,-1.8739941389852728,1.1069657773470276e-49,6.257795112862184e-48,6.336812819912328,8.210806958897601
TC18000875.hg.1,TC18000875.hg.1,-1.8779440094159834,2.6172857464259583e-56,2.2857898953848254e-54,3.9520593850957773,5.830003394511761
TC08000811.hg.1,TC08000811.hg.1,-1.8795027964670146,3.087298406969986e-31,4.762898592409972e-30,3.7190739818651295,5.598576778332144
TC16000461.hg.1,TC16000461.hg.1,-1.8802971636981471,3.8841179573665936e-71,1.2174120384372692e-68,5.912369573650396,7.792666737348543
TC22000943.hg.1,TC22000943.hg.1,-1.8808473350016586,5.347110508716314e-66,1.0511264135218015e-63,5.333889168918511,7.21473650392017
TC02001524.hg.1,TC02001524.hg.1,-1.8862100944796456,9.388254935210107e-69,2.3858854366427195e-66,6.6374230565063375,8.523633150985983
TC20000607.hg.1,TC20000607.hg.1,-1.8884347919489635,4.532648717653233e-47,2.1671438589200007e-45,2.8471111625532934,4.735545954502257
TC05001691.hg.1,TC05001691.hg.1,-1.8935341319490613,2.7190907529349445e-45,1.1525594447714778e-43,4.800107401669371,6.6936415336184325
TC15000800.hg.1,TC15000800.hg.1,-1.8944356882622015,3.280944549790651e-56,2.843384479417649e-54,5.3177473902600125,7.212183078522214
TC10001278.hg.1,TC10001278.hg.1,-1.896231906341459,1.1440724946936741e-94,2.6952594475306184e-90,6.164074999099263,8.060306905440722
TC0X000207.hg.1,TC0X000207.hg.1,-1.9014165770366516,1.4068843017201826e-34,2.7714245298341223e-33,6.401991360715786,8.303407937752437
TC01003115.hg.1,TC01003115.hg.1,-1.9014380288379966,2.605265873409403e-23,2.2543541418099955e-22,6.451524243079324,8.35296227191732
TC10001399.hg.1,TC10001399.hg.1,-1.9025785161179973,3.514919331524841e-26,3.700405277961719e-25,4.814970342280673,6.71754885839867
TC01001089.hg.1,TC01001089.hg.1,-1.903362820865282,3.274357671974749e-89,1.6793882830679218e-85,5.435735343781903,7.339098164647185
TC18000551.hg.1,TC18000551.hg.1,-1.9042105979337807,3.4084612895553734e-60,4.1804036746551104e-58,6.852853022878761,8.757063620812541
TC04000572.hg.1,TC04000572.hg.1,-1.9048844263535196,2.6556109030044013e-49,1.4674266006435096e-47,4.74360326727917,6.648487693632689
TC04001108.hg.1,TC04001108.hg.1,-1.9051238945326485,9.531683176199651e-41,2.9257807477411964e-39,2.7227693532696815,4.62789324780233
TC14001302.hg.1,TC14001302.hg.1,-1.9066819945616196,1.0833910608008435e-40,3.312886551125311e-39,6.9956737134450275,8.902355708006647
TC04001066.hg.1,TC04001066.hg.1,-1.9079436251073698,3.7455968025904854e-85,7.826632607724074e-82,6.260009386296765,8.167953011404135
TC03000613.hg.1,TC03000613.hg.1,-1.9098096057506266,9.756914443548036e-44,3.7168507702639644e-42,6.048772281871136,7.958581887621762
TC12002795.hg.1,TC12002795.hg.1,-1.910745492103524,7.337418439756675e-46,3.254421961746793e-44,3.985059589863688,5.895805081967212
TC12003096.hg.1,TC12003096.hg.1,-1.9132048793597685,1.2363053801547454e-29,1.6851866860973769e-28,6.439228421305473,8.352433300665242
TC17001824.hg.1,TC17001824.hg.1,-1.9175170275626021,2.6878789798188493e-56,2.3438138529122078e-54,5.742024393202427,7.659541420765029
TC16000431.hg.1,TC16000431.hg.1,-1.9211620652369783,8.799360095591878e-60,1.0451416797328476e-57,6.038711856122018,7.959873921358996
TC03003341.hg.1,TC03003341.hg.1,-1.9237851904083119,1.6647527651553986e-77,1.2692165068180714e-74,6.314216362217014,8.238001552625326
TC22001477.hg.1,TC22001477.hg.1,-1.9293531339111087,1.901062141604366e-58,1.9715831600190277e-56,5.6678227730739215,7.59717590698503
TC03001733.hg.1,TC03001733.hg.1,-1.9306277523047122,9.909831334955855e-68,2.291364197768604e-65,5.918643290698373,7.849271043003085
TC12002978.hg.1,TC12002978.hg.1,-1.9339398628658158,4.967390041918701e-43,1.7873100215878143e-41,4.100580321263434,6.03452018412925
TC01005783.hg.1,TC01005783.hg.1,-1.9371980732613787,8.892499947628021e-23,7.384413630339678e-22,6.120755238095236,8.057953311356615
TC11000238.hg.1,TC11000238.hg.1,-1.9374876753242019,2.46560049104977e-18,1.4730938102726458e-17,5.938986001321081,7.876473676645283
TC03000332.hg.1,TC03000332.hg.1,-1.9411518809510753,3.9153863001092726e-80,4.392986709811859e-77,6.38782613282892,8.328978013779995
TC05001429.hg.1,TC05001429.hg.1,-1.9438155503773942,3.773707206617744e-38,9.504688088524994e-37,3.309737288776798,5.253552839154192
TC16001110.hg.1,TC16001110.hg.1,-1.944216438694947,1.6404847132390662e-76,1.0638260523163406e-73,5.203986765747914,7.148203204442861
TC01001646.hg.1,TC01001646.hg.1,-1.946392753251141,2.3861240322669586e-30,3.4420952608651817e-29,5.539778941331893,7.486171694583034
TC12001212.hg.1,TC12001212.hg.1,-1.9475950017231503,3.228011856173726e-73,1.2473833760384196e-70,4.609931590103885,6.557526591827036
TC22000941.hg.1,TC22000941.hg.1,-1.9496814330555425,3.3836351191657025e-73,1.2898508523857473e-70,3.99930422446406,5.948985657519603
TC09001211.hg.1,TC09001211.hg.1,-1.950719587167999,1.5280457563896414e-26,1.65278538121148e-25,8.005402679997598,9.956122267165597
TC03001328.hg.1,TC03001328.hg.1,-1.9517853472608415,2.629699607538005e-85,5.706245863772276e-82,5.618427997357832,7.570213344618674
TC08000439.hg.1,TC08000439.hg.1,-1.9519127612859926,8.86828472287468e-60,1.0511153098637472e-57,4.586237710322464,6.538150471608456
TC11002678.hg.1,TC11002678.hg.1,-1.9521370239009048,9.181045606165685e-64,1.5234595029666342e-61,4.3020274076742915,6.254164431575196
TC02000164.hg.1,TC02000164.hg.1,-1.9542474130787193,5.16634891315346e-86,1.3637523075134963e-82,6.074872422986853,8.029119836065572
TC02001126.hg.1,TC02001126.hg.1,-1.9569013318529889,1.4184817802379125e-48,7.521419650137457e-47,7.4733343547709135,9.430235686623902
TC08002510.hg.1,TC08002510.hg.1,-1.9589242167620933,3.4858042094675487e-37,8.197669941214679e-36,7.266451238215335,9.225375454977428
TC01006347.hg.1,TC01006347.hg.1,-1.9650018706317454,1.9508817724815054e-78,1.719763247497837e-75,6.240315934666427,8.205317805298172
TC14001966.hg.1,TC14001966.hg.1,-1.9657766615167898,2.351386267483999e-40,6.963806322252611e-39,6.717086320783043,8.682862982299833
TC0X002231.hg.1,TC0X002231.hg.1,-1.9663632496756076,6.744372688246036e-46,2.9960946324839754e-44,6.352406166456493,8.3187694161321
TC14000636.hg.1,TC14000636.hg.1,-1.9682122530279154,2.568348673821201e-74,1.1837357844408144e-71,6.313889661322286,8.282101914350202
TC11000265.hg.1,TC11000265.hg.1,-1.973007438769356,6.223462021447477e-68,1.4508895881240651e-65,4.596525359995197,6.569532798764553
TC04000806.hg.1,TC04000806.hg.1,-1.9754345408713405,5.580734265936059e-67,1.2109764069830024e-64,5.780862676995137,7.756297217866478
TC05000837.hg.1,TC05000837.hg.1,-1.9757482816191887,1.9585323548532404e-38,5.011178158553747e-37,6.032939402510057,8.008687684129246
TC07000735.hg.1,TC07000735.hg.1,-1.9803373864286087,2.9611412512944076e-49,1.6330563745408396e-47,5.251001322884766,7.231338709313374
TC03002179.hg.1,TC03002179.hg.1,-1.981441895075701,4.644844081594291e-68,1.0964552861731662e-65,6.221930188554614,8.203372083630315
TC18000288.hg.1,TC18000288.hg.1,-1.9898095502377213,1.1348800702315872e-26,1.2398850465206367e-25,6.464275531135531,8.454085081373252
TC05001271.hg.1,TC05001271.hg.1,-1.9907131400139422,4.987298589586116e-33,8.795667765778977e-32,3.1318902444004078,5.12260338441435
TC10000986.hg.1,TC10000986.hg.1,-1.9918158457674462,5.666646678170552e-24,5.115213956624419e-23,6.784266834204047,8.776082679971493
TC04001820.hg.1,TC04001820.hg.1,-1.991842824102724,1.6622799588947105e-38,4.278399211720884e-37,6.289127013150782,8.280969837253506
TC08001083.hg.1,TC08001083.hg.1,-1.9980384694036086,3.3547755226962607e-72,1.1333516493381895e-69,4.825930104485679,6.823968573889288
TC01006221.hg.1,TC01006221.hg.1,-1.998172216450099,1.447092781452095e-34,2.8446717959569438e-33,8.000131769651112,9.998303986101211
TC16000223.hg.1,TC16000223.hg.1,-2.0042450656755983,1.280827170538927e-35,2.71049164694168e-34,5.855218875878219,7.859463941553817
TC19002306.hg.1,TC19002306.hg.1,-2.0050727112427777,4.050514383885649e-30,5.72306337365541e-29,5.183677450909749,7.188750162152527
TC19000459.hg.1,TC19000459.hg.1,-2.007171063602592,4.385345172249789e-82,6.185310098199715e-79,6.1230529135891425,8.130223977191735
TC11001415.hg.1,TC11001415.hg.1,-2.007185412453426,1.1531527363720791e-48,6.143396702610005e-47,5.158019704557738,7.165205117011164
TC16000599.hg.1,TC16000599.hg.1,-2.008539124899814,9.205278963853426e-66,1.7664742468798728e-63,6.475782203206627,8.484321328106441
TC04001810.hg.1,TC04001810.hg.1,-2.0103653544145317,6.955883978309044e-57,6.329630036907091e-55,5.267165481294662,7.277530835709194
TC0X002024.hg.1,TC0X002024.hg.1,-2.010415774256626,4.361220286281408e-57,4.0204465050886355e-55,6.051108768390082,8.061524542646708
TC0X000410.hg.1,TC0X000410.hg.1,-2.010584089320636,6.53635225983385e-56,5.570512413826377e-54,6.222560613102743,8.23314470242338
TC06003133.hg.1,TC06003133.hg.1,-2.011880349023153,1.9891217326800757e-67,4.4888907965737805e-65,5.049835594787727,7.0617159438108805
TC03001498.hg.1,TC03001498.hg.1,-2.0123124236852457,1.625462871886079e-74,7.706333134963767e-72,5.016965108388878,7.029277532074124
TC10001345.hg.1,TC10001345.hg.1,-2.016211839823871,1.6835595813019922e-38,4.329218981672552e-37,6.781520626914071,8.797732466737942
TC11000812.hg.1,TC11000812.hg.1,-2.0163227072547363,2.4579387103566163e-61,3.3658249068179506e-59,6.386947435296942,8.403270142551678
TC16000468.hg.1,TC16000468.hg.1,-2.021655707340889,3.160006573666702e-36,6.991421602867765e-35,8.684677274364981,10.70633298170587
TC10001522.hg.1,TC10001522.hg.1,-2.0223149889300496,1.5981023191381754e-41,5.1817090023642285e-40,6.316645608599054,8.338960597529104
TC13000550.hg.1,TC13000550.hg.1,-2.023386560790718,6.603760604776862e-59,7.123727835569809e-57,4.508574221461599,6.531960782252317
TC16001534.hg.1,TC16001534.hg.1,-2.02813894698435,2.7845434168705624e-58,2.8357106587184726e-56,5.976868407494147,8.005007354478497
TC03001741.hg.1,TC03001741.hg.1,-2.0282295003054687,6.771842964981688e-66,1.3174270220632304e-63,5.615200015612803,7.643429515918272
TC12000487.hg.1,TC12000487.hg.1,-2.029557425904459,9.254125382029116e-37,2.1206305678445113e-35,7.2025565435657235,9.232113969470182
TC12000926.hg.1,TC12000926.hg.1,-2.0336214919233733,1.6633935274029e-61,2.3319610010624547e-59,8.902993125562961,10.936614617486335
TC09000935.hg.1,TC09000935.hg.1,-2.0345627878773707,5.172747521200832e-38,1.2884594686583158e-36,6.857181001621325,8.891743789498696
TC03002345.hg.1,TC03002345.hg.1,-2.034991754677966,3.971114222418462e-80,4.392986709811859e-77,6.343646219900318,8.378637974578284
TC22001154.hg.1,TC22001154.hg.1,-2.0350704584563655,3.0158141071307824e-66,6.033553201989521e-64,6.251874324746293,8.286944783202658
TC19002693.hg.1,TC19002693.hg.1,-2.036289757224835,1.7344681453548668e-56,1.5410271468445806e-54,6.585858236954302,8.622147994179137
TC11001551.hg.1,TC11001551.hg.1,-2.0366363897743964,9.115756706515556e-59,9.740393217200656e-57,5.203910993214435,7.240547382988831
TC05000816.hg.1,TC05000816.hg.1,-2.0395784212336716,1.3418257142866381e-48,7.135072869804292e-47,6.284938142676993,8.324516563910665
TC10000983.hg.1,TC10000983.hg.1,-2.0407080422707455,8.181053664459231e-76,4.615586856414609e-73,4.415863608358856,6.456571650629601
TC17001202.hg.1,TC17001202.hg.1,-2.0439058290646193,3.6375871152982517e-69,9.772637612899847e-67,5.225304982885966,7.269210811950585
TC12001027.hg.1,TC12001027.hg.1,-2.0446605984885844,1.730143234483229e-64,3.0599128841089283e-62,5.550697124842373,7.595357723330958
TC18000433.hg.1,TC18000433.hg.1,-2.0475610867933485,2.4731269794010446e-36,5.521522672095297e-35,5.947949413919415,7.995510500712763
TC01000732.hg.1,TC01000732.hg.1,-2.0506885786475357,1.1444534755316794e-29,1.5660387141049307e-28,3.3912737152465016,5.441962293894037
TC08001245.hg.1,TC08001245.hg.1,-2.05548125070166,8.468208287751118e-23,7.045559285921584e-22,3.5602807824416014,5.615762033143262
TC01000730.hg.1,TC01000730.hg.1,-2.055762440773176,2.4389419013676673e-67,5.438744039184231e-65,6.805247252146758,8.861009692919934
TC04002519.hg.1,TC04002519.hg.1,-2.0560133940157,8.726447575374999e-59,9.342100935626312e-57,5.65236452651174,7.7083779205274405
TC10001048.hg.1,TC10001048.hg.1,-2.056094671060709,4.3643942411018586e-82,6.185310098199715e-79,5.78378332252447,7.839877993585179
TC12000840.hg.1,TC12000840.hg.1,-2.061960015182012,3.0662876995858096e-76,1.9437507801711484e-73,5.064366690686363,7.126326705868375
TC14001124.hg.1,TC14001124.hg.1,-2.0636131341591337,5.053079416060187e-43,1.815825697422189e-41,6.394124936047563,8.457738070206696
TC11001027.hg.1,TC11001027.hg.1,-2.065957035329843,3.1433961227115355e-50,1.8339619695050613e-48,6.424107995556353,8.490065030886196
TC05000187.hg.1,TC05000187.hg.1,-2.0666359049485807,4.599098533491802e-19,2.915742679655472e-18,6.552556307572208,8.619192212520788
TC12001187.hg.1,TC12001187.hg.1,-2.071124464269399,7.462973200703967e-45,3.0688485571232976e-43,8.954682238035186,11.025806702304585
TC01005330.hg.1,TC01005330.hg.1,-2.0746285380098612,2.1295502432985638e-67,4.767657366127714e-65,7.038874503092538,9.1135030411024
TC06002625.hg.1,TC06002625.hg.1,-2.076054324432988,2.578970201777482e-72,8.76508077372783e-70,6.163334665825976,8.239388990258965
TC03000450.hg.1,TC03000450.hg.1,-2.0772610567034526,3.1629996510201517e-54,2.4082336614204443e-52,3.3548109800036032,5.432072036707056
TC17001828.hg.1,TC17001828.hg.1,-2.07775542225059,3.5986137088301126e-40,1.0535889373366751e-38,4.069257710322464,6.147013132573054
TC17000165.hg.1,TC17000165.hg.1,-2.0793229727180655,4.3035445969306637e-75,2.1486493722976478e-72,5.810381318681319,7.889704291399385
TC05002347.hg.1,TC05002347.hg.1,-2.0809456446220667,5.226076114695875e-49,2.8459919135030104e-47,3.535666705698673,5.6166123503207395
TC01000892.hg.1,TC01000892.hg.1,-2.082726589137879,1.5643610431386367e-48,8.27161399548225e-47,5.664211941391941,7.74693853052982
TC21000552.hg.1,TC21000552.hg.1,-2.090115853861029,7.719159656106313e-82,1.0621940231175755e-78,6.4944432480634156,8.584559101924444
TC20000297.hg.1,TC20000297.hg.1,-2.0922059725953512,2.6476226990106074e-33,4.758635789511961e-32,3.700273198823036,5.792479171418387
TC06001782.hg.1,TC06001782.hg.1,-2.0944940829958796,5.708671603013521e-81,7.001561619539496e-78,6.855008735963491,8.94950281895937
TC20001218.hg.1,TC20001218.hg.1,-2.096185818353659,4.154951946924721e-31,6.335515647070241e-30,3.1055054764907233,5.201691294844382
TC01003659.hg.1,TC01003659.hg.1,-2.0985705505666807,5.170613895696685e-55,4.120278174681011e-53,4.411585030925361,6.510155581492041
TC05001973.hg.1,TC05001973.hg.1,-2.1029183953211197,6.885362959273948e-50,3.923822297336541e-48,5.450007521167357,7.552925916488476
TC14002307.hg.1,TC14002307.hg.1,-2.108785191668038,4.5536288262820064e-39,1.2303957429175202e-37,6.004342585119798,8.113127776787836
TC02001714.hg.1,TC02001714.hg.1,-2.113006725260367,2.656185288317195e-41,8.509747961174304e-40,6.1073953197622055,8.220402045022572
TC11000214.hg.1,TC11000214.hg.1,-2.117364225723793,3.615068412172109e-42,1.2308686160405915e-40,5.354073473848554,7.471437699572347
TC14001152.hg.1,TC14001152.hg.1,-2.1206227637858746,1.2085990213821212e-59,1.4117337388889546e-57,5.743290868312014,7.863913632097889
TC17001093.hg.1,TC17001093.hg.1,-2.120777018052631,1.4589925030165936e-62,2.230716505018704e-60,6.4644599675734105,8.585236985626041
TC10002424.hg.1,TC10002424.hg.1,-2.1220924623582604,5.259883982748539e-76,3.156937601475607e-73,4.263409583258273,6.3855020456165335
TC06002574.hg.1,TC06002574.hg.1,-2.1245920999349903,1.108596828181701e-41,3.6363265030439076e-40,3.222705931663962,5.347298031598952
TC12000744.hg.1,TC12000744.hg.1,-2.1255792439735366,4.518563726727984e-71,1.3930509745056797e-68,4.9512878058007574,7.076867049774294
TC10001769.hg.1,TC10001769.hg.1,-2.130016484776214,3.228906593376332e-40,9.502788324731659e-39,6.056549411517442,8.186565896293656
TC15000437.hg.1,TC15000437.hg.1,-2.1303403618945778,3.887759713672392e-55,3.1424015404866617e-53,6.360658454332552,8.49099881622713
TC01003368.hg.1,TC01003368.hg.1,-2.1316103156697217,1.3202404106026927e-59,1.5330875416715848e-57,5.729131887347624,7.860742203017345
TC02001420.hg.1,TC02001420.hg.1,-2.1322686393299035,2.4999459991726767e-35,5.183460249221759e-34,6.439519771812887,8.57178841114279
TC04002881.hg.1,TC04002881.hg.1,-2.1331761816385075,6.07096955393495e-58,5.9567297442417745e-56,5.186198939530416,7.319375121168924
TC02004744.hg.1,TC02004744.hg.1,-2.1338446978674686,1.0392447080921614e-26,1.1398154731948592e-25,8.230951457395067,10.364796155262535
TC15000350.hg.1,TC15000350.hg.1,-2.136266573531606,3.911750154346211e-62,5.807713689681699e-60,6.46692796733321,8.603194540864816
TC14002019.hg.1,TC14002019.hg.1,-2.137784686334106,2.1317828189414136e-60,2.6846188187284972e-58,5.985924103164592,8.123708789498698
TC08000694.hg.1,TC08000694.hg.1,-2.139778218926476,3.98435741867739e-52,2.6539489592318887e-50,5.042434186633041,7.1822124055595165
TC14000388.hg.1,TC14000388.hg.1,-2.143380558412244,2.039213498082829e-65,3.8477708071851846e-63,7.814714746291961,9.958095304704205
TC14000067.hg.1,TC14000067.hg.1,-2.1495423078750626,1.802669041067046e-44,7.23864640277015e-43,6.650029751996639,8.799572059871702
TC12001156.hg.1,TC12001156.hg.1,-2.15056420667121,4.20898903073895e-41,1.3280914045650452e-39,7.291594789527413,9.442158996198623
TC12003212.hg.1,TC12003212.hg.1,-2.151803655569303,2.0203603224289078e-50,1.1998388281136223e-48,8.25667816849817,10.408481824067472
TC17001137.hg.1,TC17001137.hg.1,-2.153799447357704,2.1041776848357818e-69,5.70737964533967e-67,5.7948731928181125,7.9486726401758165
TC04002887.hg.1,TC04002887.hg.1,-2.1543188003206106,4.604151301521971e-33,8.142852919412745e-32,6.787092556296163,8.941411356616774
TC12002776.hg.1,TC12002776.hg.1,-2.155363245060949,2.8426133153696743e-39,7.758807838728896e-38,5.46006806641446,7.615431311475409
TC10002972.hg.1,TC10002972.hg.1,-2.1566939582892752,1.8491220730291916e-24,1.7269288051011578e-23,7.474221465801956,9.630915424091231
TC19000041.hg.1,TC19000041.hg.1,-2.1599645435735564,6.67377684654876e-57,6.09257511534932e-55,7.169408220741007,9.329372764314563
TC16000206.hg.1,TC16000206.hg.1,-2.1605592173103663,9.297756546673338e-67,1.9500402559487597e-64,6.2858856686482945,8.44644488595866
TC15002009.hg.1,TC15002009.hg.1,-2.166632003699558,3.5539582118541134e-65,6.574007029389684e-63,6.724030359094458,8.890662362794016
TC20000588.hg.1,TC20000588.hg.1,-2.1711053739109634,1.739059586743609e-61,2.428570885269825e-59,6.719459534618382,8.890564908529345
TC08001794.hg.1,TC08001794.hg.1,-2.1745131911928706,1.06852719384316e-47,5.2973784905310554e-46,4.017495426649852,6.192008617842722
TC19000572.hg.1,TC19000572.hg.1,-2.176732227774602,1.1712396262594917e-68,2.9368443215248e-66,6.046215536539965,8.222947764314567
TC16000469.hg.1,TC16000469.hg.1,-2.177585523002774,4.83379684254159e-35,9.813355533015884e-34,8.265084124181833,10.442669647184607
TC12001275.hg.1,TC12001275.hg.1,-2.178499504535024,1.1083150916946341e-36,2.525400680259607e-35,5.109792085510119,7.288291590045143
TC02001974.hg.1,TC02001974.hg.1,-2.18896296835144,4.712355427144203e-51,2.9119569385391202e-49,5.389102813306913,7.578065781658353
TC02004375.hg.1,TC02004375.hg.1,-2.189171156339512,1.38449651537404e-76,9.189473459337952e-74,7.181229409115472,9.370400565454984
TC06003424.hg.1,TC06003424.hg.1,-2.1919535978959317,2.072405051477146e-56,1.8297487980318877e-54,7.253646534558335,9.445600132454267
TC12003224.hg.1,TC12003224.hg.1,-2.1919546297572694,1.05471661055681e-36,2.4061868877636117e-35,6.921589417522368,9.113544047279637
TC22001155.hg.1,TC22001155.hg.1,-2.1922634846052045,6.196896404362578e-63,9.578534283324054e-61,5.629571055665645,7.821834540270849
TC19000635.hg.1,TC19000635.hg.1,-2.1939560138008796,3.3606789946036475e-66,6.699745141962847e-64,5.521621211193178,7.715577224994058
TC16001576.hg.1,TC16001576.hg.1,-2.1961888153329197,3.4424017020416975e-36,7.59536250394167e-35,7.371711830901337,9.567900646234257
TC01001819.hg.1,TC01001819.hg.1,-2.198564999889043,1.4499961123882526e-60,1.8466338751404164e-58,5.838823398186512,8.037388398075555
TC01000648.hg.1,TC01000648.hg.1,-2.199303140979951,5.628169780783196e-69,1.4499090533891614e-66,7.4271917948717965,9.626494935851747
TC12002777.hg.1,TC12002777.hg.1,-2.204146827585573,8.238836881537613e-40,2.3475691877908539e-38,5.102162791088692,7.306309618674265
TC03002104.hg.1,TC03002104.hg.1,-2.206762135997173,8.374982092962784e-79,8.289469117908322e-76,4.645594799735783,6.852356935732956
TC02005052.hg.1,TC02005052.hg.1,-2.2121798724867396,5.10573786326127e-56,4.3644775571132475e-54,6.223287304990091,8.43546717747683
TC15002563.hg.1,TC15002563.hg.1,-2.216110501482955,3.973764641505731e-43,1.4454664960958757e-41,5.358140748814027,7.5742512502969825
TC15002016.hg.1,TC15002016.hg.1,-2.2169354344170973,3.3272115680828086e-27,3.788387936389423e-26,10.558140088272378,12.775075522689475
TC20000864.hg.1,TC20000864.hg.1,-2.2181447838162116,7.268045937715766e-64,1.2167614709615671e-61,4.713384424428029,6.931529208244241
TC03002862.hg.1,TC03002862.hg.1,-2.2189701643717363,5.144704292553795e-74,2.1823603517090223e-71,7.265269959767011,9.484240124138747
TC15002331.hg.1,TC15002331.hg.1,-2.2218360139575335,6.297874884795314e-51,3.862103317938935e-49,5.439948300606499,7.6617843145640325
TC02002486.hg.1,TC02002486.hg.1,-2.229427193376832,1.9994317245187886e-42,6.920487057294541e-41,5.652047280369906,7.881474473746738
TC07001618.hg.1,TC07001618.hg.1,-2.230863283792705,1.9204930516446052e-32,3.249861337363087e-31,6.6032489839668544,8.83411226775956
TC10000365.hg.1,TC10000365.hg.1,-2.2312814454243797,1.6604680478990178e-40,4.9962819374062284e-39,2.6285702996457085,4.859851745070088
TC04000228.hg.1,TC04000228.hg.1,-2.2357113080160556,1.0925309977373403e-78,1.0104658004974633e-75,4.638297749954964,6.874009057971019
TC16002035.hg.1,TC16002035.hg.1,-2.240901353966769,4.0048330552391833e-38,1.0059869604206778e-36,6.752398003362759,8.993299357329528
TC02002846.hg.1,TC02002846.hg.1,-2.2424888851140548,8.497129244168686e-49,4.556949027542861e-47,5.361146941091694,7.603635826205749
TC12002266.hg.1,TC12002266.hg.1,-2.244740770353431,1.0432623864929972e-29,1.4334821558977574e-28,9.323225848796014,11.567966619149445
TC11002685.hg.1,TC11002685.hg.1,-2.2456853325030863,3.59742789935011e-76,2.2551076358392724e-73,4.859486021737825,7.105171354240912
TC09002418.hg.1,TC09002418.hg.1,-2.2470873975899384,2.769223886052452e-36,6.146108308548672e-35,8.627080623911606,10.874168021501545
TC01005246.hg.1,TC01005246.hg.1,-2.2475598716121112,1.2574144548103707e-42,4.4199880817128657e-41,5.202293068516184,7.449852940128295
TC10000089.hg.1,TC10000089.hg.1,-2.249901174876438,1.8436513358760292e-73,7.32500852587703e-71,6.688442129946557,8.938343304822995
TC0X000879.hg.1,TC0X000879.hg.1,-2.250837527439895,2.9781939300016856e-62,4.456863266388199e-60,3.9772760001200966,6.228113527559992
TC10002263.hg.1,TC10002263.hg.1,-2.25127803764304,8.26533010034366e-60,9.858634114190033e-58,5.605672449408514,7.856950487051554
TC17002760.hg.1,TC17002760.hg.1,-2.255482048109881,1.1367684602376913e-50,6.866617022450756e-49,5.762383431814088,8.01786547992397
TC02003104.hg.1,TC02003104.hg.1,-2.2567104097577406,3.4195163552191906e-52,2.293962826739076e-50,3.3456323022878767,5.602342712045617
TC06002307.hg.1,TC06002307.hg.1,-2.2591476074881456,5.675185695353758e-53,3.9774239324281777e-51,6.648779018194917,8.907926625683062
TC10001850.hg.1,TC10001850.hg.1,-2.2615500842647522,2.105832704260843e-27,2.4350659870667807e-26,5.375486509938148,7.6370365942029
TC10002961.hg.1,TC10002961.hg.1,-2.2625162655703743,2.8324426257380383e-67,6.2666960023093584e-65,6.70907405932865,8.971590324899024
TC16000524.hg.1,TC16000524.hg.1,-2.2650350671768305,3.209454318543096e-36,7.092479190895589e-35,8.059970923557312,10.325005990734143
TC14002309.hg.1,TC14002309.hg.1,-2.265737454316886,6.51495856095613e-25,6.2745123265965e-24,8.541880869513001,10.807618323829887
TC17001826.hg.1,TC17001826.hg.1,-2.26593894529384,4.751445014507822e-41,1.493409609072436e-39,4.9330305848796,7.19896953017344
TC05001270.hg.1,TC05001270.hg.1,-2.2689944997310842,2.895253199111369e-59,3.2533658468775886e-57,7.019444440040834,9.288438939771918
TC19001958.hg.1,TC19001958.hg.1,-2.273806310059032,7.749769923272896e-62,1.1182263926629418e-59,5.286854665825978,7.5606609758850105
TC03002572.hg.1,TC03002572.hg.1,-2.2788830478840474,1.394561406822112e-50,8.334572611238338e-49,4.031901999039211,6.310785046923258
TC16001431.hg.1,TC16001431.hg.1,-2.279752693678385,1.798817927912919e-63,2.9162560303733065e-61,6.641641143337538,8.921393837015923
TC16000471.hg.1,TC16000471.hg.1,-2.2808347738950276,2.3505862834688482e-38,5.989854423701241e-37,6.763865337176486,9.044700111071514
TC01005298.hg.1,TC01005298.hg.1,-2.284652889001592,1.3897928760297754e-59,1.6067486573739316e-57,6.600126998738965,8.884779887740557
TC02002731.hg.1,TC02002731.hg.1,-2.2866481455162777,1.7722996940447167e-71,5.713691665063704e-69,4.13328290758422,6.419931053100497
TC18000574.hg.1,TC18000574.hg.1,-2.294627963828164,1.2556767569804042e-51,8.087074346497768e-50,6.924256836005524,9.218884799833688
TC11003478.hg.1,TC11003478.hg.1,-2.316115758656884,1.532561603023087e-17,8.619685028347773e-17,5.951043318321024,8.267159076977908
TC06003469.hg.1,TC06003469.hg.1,-2.316639205006803,1.4573866647039725e-40,4.41583463207673e-39,3.077411008226746,5.394050213233549
TC10001081.hg.1,TC10001081.hg.1,-2.3203511033329933,4.0221881833394417e-66,7.990275103086078e-64,4.939910023419202,7.260261126752195
TC18000947.hg.1,TC18000947.hg.1,-2.3215801843120083,8.649178590589258e-55,6.805709312745673e-53,5.66362402690206,7.985204211214068
TC15001299.hg.1,TC15001299.hg.1,-2.3400151053929443,1.160686358677677e-59,1.361405467440274e-57,6.904076970515823,9.244092075908767
TC02001716.hg.1,TC02001716.hg.1,-2.340318933949753,6.371132564605278e-53,4.4430971202707116e-51,5.635339005584579,7.975657939534332
TC03002407.hg.1,TC03002407.hg.1,-2.3432795510470728,9.461043846941559e-73,3.4436978823016053e-70,3.700899500390321,6.044179051437394
TC06002120.hg.1,TC06002120.hg.1,-2.346049887472944,3.459926730737599e-49,1.9007024955672232e-47,4.54147182789888,6.887521715371824
TC12001158.hg.1,TC12001158.hg.1,-2.349982670161271,4.675579458416905e-84,8.243338808905154e-81,6.601129809643908,8.951112479805179
TC07001502.hg.1,TC07001502.hg.1,-2.350442976908454,5.5707585065935965e-73,2.072420232753055e-70,6.47764426649853,8.828087243406983
TC12000846.hg.1,TC12000846.hg.1,-2.354507781500396,9.109879336026103e-76,5.0887244790091156e-73,6.546829621089294,8.90133740258969
TC17002213.hg.1,TC17002213.hg.1,-2.3584784878687435,1.579872348359988e-63,2.5686812146908878e-61,5.018954034107968,7.377432521976711
TC17002016.hg.1,TC17002016.hg.1,-2.358584820733438,1.1515612259905418e-44,4.701069554843299e-43,4.32733162913589,6.685916449869328
TC16001604.hg.1,TC16001604.hg.1,-2.359517328396244,2.479468338260002e-36,5.533490692561424e-35,8.10612218098841,10.465639509384653
TC03000329.hg.1,TC03000329.hg.1,-2.361747561752817,1.6733027483809753e-65,3.1785991400053154e-63,7.881066012730439,10.242813574483256
TC05000220.hg.1,TC05000220.hg.1,-2.3644782269482736,5.043148232154336e-40,1.456857844145844e-38,5.681787273764488,8.046265500712762
TC20001414.hg.1,TC20001414.hg.1,-2.3723368356922254,3.42391984519364e-70,9.906190247494092e-68,4.187426416861825,6.559763252554051
TC01001490.hg.1,TC01001490.hg.1,-2.3728843719567454,1.6657454773798595e-61,2.3319610010624547e-59,5.11072838107248,7.483612753029226
TC04002919.hg.1,TC04002919.hg.1,-2.3731762672739496,5.767849672478168e-66,1.1298977181315042e-63,3.4516953233651586,5.824871590639108
TC15001460.hg.1,TC15001460.hg.1,-2.3754107540030676,1.2721465090879345e-22,1.0439558072686996e-21,6.887306205488499,9.262716959491566
TC03000798.hg.1,TC03000798.hg.1,-2.380396395479078,1.1676350304358853e-61,1.6593358475348055e-59,4.714452162373146,7.094848557852224
TC15000109.hg.1,TC15000109.hg.1,-2.380817707568033,1.2613327531893472e-59,1.4702865964759624e-57,4.158412160571666,6.539229868139699
TC12003266.hg.1,TC12003266.hg.1,-2.3837182928457876,2.165148145597643e-74,1.017944400652732e-71,6.6023480964390755,8.986066389284863
TC01000503.hg.1,TC01000503.hg.1,-2.385338573314897,5.451741493156205e-51,3.3578204318874105e-49,6.350817648471747,8.736156221786644
TC04001821.hg.1,TC04001821.hg.1,-2.385738646868691,5.738300203145306e-50,3.280075186028894e-48,4.16602312196001,6.551761768828701
TC01004999.hg.1,TC01004999.hg.1,-2.389171920818548,3.546939166522871e-57,3.302165245823223e-55,4.336446836606016,6.725618757424564
TC01004413.hg.1,TC01004413.hg.1,-2.393648865826501,4.069471001027749e-55,3.2845695985119245e-53,5.491789808442923,7.885438674269424
TC11000888.hg.1,TC11000888.hg.1,-2.3979632923562537,1.2549439429518338e-52,8.634320411397141e-51,4.155474534918635,6.553437827274888
TC06000160.hg.1,TC06000160.hg.1,-2.398679471051044,1.6791543067551813e-34,3.28711060647168e-33,5.429622433795712,7.828301904846756
TC05000192.hg.1,TC05000192.hg.1,-2.403932625085181,6.040605554081055e-60,7.297620645613381e-58,4.851333683420402,7.2552663085055835
TC11002328.hg.1,TC11002328.hg.1,-2.407198110172083,2.8645623629903167e-62,4.298214877531588e-60,6.04067949258392,8.447877602756003
TC04001461.hg.1,TC04001461.hg.1,-2.4077417701667514,7.070466920583663e-67,1.5225252012423247e-64,4.555549330450971,6.963291100617722
TC04000373.hg.1,TC04000373.hg.1,-2.411271444517112,1.925429637687412e-71,6.172095982900477e-69,3.7348849732780884,6.146156417795201
TC12000399.hg.1,TC12000399.hg.1,-2.426865733011942,1.8591440678246304e-44,7.449516336543324e-43,7.25666819131688,9.683533924328822
TC06001271.hg.1,TC06001271.hg.1,-2.4276402924202207,4.132416500916321e-51,2.5676505963512888e-49,5.701379709361675,8.129020001781896
TC18000506.hg.1,TC18000506.hg.1,-2.4329380000274154,5.800600287722287e-53,4.0602762659145906e-51,7.696766893652792,10.129704893680207
TC0X002025.hg.1,TC0X002025.hg.1,-2.4336124998564044,3.6719030711289094e-43,1.3391171781961913e-41,5.4661343847955335,7.899746884651938
TC15001720.hg.1,TC15001720.hg.1,-2.4391339257974147,1.1339121746064601e-73,4.602378206255199e-71,4.019853853960248,6.4589877797576625
TC02001311.hg.1,TC02001311.hg.1,-2.4470650760210324,4.3664340444595506e-63,6.823974402224901e-61,6.6191966672671585,9.066261743288191
TC11000811.hg.1,TC11000811.hg.1,-2.45401164686347,1.2960862589635562e-63,2.1318540687523593e-61,5.601356794571552,8.055368441435022
TC0X000978.hg.1,TC0X000978.hg.1,-2.4661918720350666,5.158079719241246e-46,2.3169469872623617e-44,6.380407062391159,8.846598934426225
TC07001039.hg.1,TC07001039.hg.1,-2.4662443597837145,1.725364454678437e-53,1.2527877967058952e-51,7.416905785143817,9.883150144927532
TC01000689.hg.1,TC01000689.hg.1,-2.469843163126373,1.457802236178117e-72,5.205461174727658e-70,3.9633524349966978,6.433195598123071
TC05000191.hg.1,TC05000191.hg.1,-2.47097453496432,3.0852366890327467e-77,2.2903010989717042e-74,4.894046553774094,7.3650210887384135
TC07003089.hg.1,TC07003089.hg.1,-2.471312960186051,5.155033707038372e-87,1.5307194299141625e-83,5.080267553593947,7.551580513779998
TC10002948.hg.1,TC10002948.hg.1,-2.4751422690649836,1.0959461050023948e-54,8.599594902924216e-53,5.691726218699332,8.166868487764315
TC01006324.hg.1,TC01006324.hg.1,-2.475301358496578,2.051602118801588e-65,3.8582429446182666e-63,6.049490701375126,8.524792059871704
TC02004096.hg.1,TC02004096.hg.1,-2.477683916476728,7.446786375166192e-55,5.917363291748257e-53,3.556151159550832,6.03383507602756
TC18000124.hg.1,TC18000124.hg.1,-2.480244327520303,8.777134860753231e-61,1.1516009176138971e-58,3.553489682339519,6.033734009859822
TC20001591.hg.1,TC20001591.hg.1,-2.480518966167474,2.067516075425027e-64,3.6225193150102223e-62,4.092111833903801,6.572630800071275
TC01001789.hg.1,TC01001789.hg.1,-2.484811055711333,1.5489160270601316e-71,5.022226690498764e-69,4.740036317180088,7.224847372891421
TC04002876.hg.1,TC04002876.hg.1,-2.491065574749551,1.665120428698601e-57,1.5895560803099436e-55,5.295894773314119,7.78696034806367
TC09000358.hg.1,TC09000358.hg.1,-2.4911129234254767,2.8668564772697086e-42,9.817564794275302e-41,6.617850716987928,9.108963640413405
TC05002693.hg.1,TC05002693.hg.1,-2.491503057413601,6.525528707262954e-32,1.0609719844563727e-30,7.662349974779318,10.153853032192918
TC01004415.hg.1,TC01004415.hg.1,-2.4942416831541,8.473076853120497e-72,2.7792677319729777e-69,4.142820942172581,6.637062625326681
TC03002993.hg.1,TC03002993.hg.1,-2.4995330277349153,1.8751187364118352e-39,5.198547856063042e-38,5.670715382813909,8.170248410548824
TC03000205.hg.1,TC03000205.hg.1,-2.5032088830971824,3.3830831942384725e-59,3.772070902224232e-57,3.5755945583378383,6.078803441435021
TC0X000358.hg.1,TC0X000358.hg.1,-2.5106693952845722,7.915504289956159e-91,6.379670300439237e-87,4.88853180868312,7.399201203967692
TC16001783.hg.1,TC16001783.hg.1,-2.5110425680188193,3.971843249542173e-48,2.0501688239036625e-46,6.442843414399805,8.953885982418624
TC15000113.hg.1,TC15000113.hg.1,-2.5135295484884557,1.1532781208558838e-58,1.2253417141703814e-56,4.27667984507296,6.790209393561415
TC10001580.hg.1,TC10001580.hg.1,-2.519520609924048,1.972148894523519e-51,1.2445715473291712e-49,7.535528313216839,10.055048923140887
TC6_mann_hap4000196.hg.1,TC6_mann_hap4000196.hg.1,-2.519895016017486,8.32676364139142e-36,1.791683261327312e-34,8.61568628595448,11.135581301971966
TC08002263.hg.1,TC08002263.hg.1,-2.5226680593129807,9.028982765084328e-31,1.3454758310632002e-29,9.641443843751876,12.164111903064857
TC6_cox_hap2000244.hg.1,TC6_cox_hap2000244.hg.1,-2.5247285252820344,4.498387808076889e-48,2.3050866789834874e-46,7.057709335254909,9.582437860536944
TC6_qbl_hap6000224.hg.1,TC6_qbl_hap6000224.hg.1,-2.5247406980397855,4.453696335083274e-48,2.2842603621157107e-46,7.057670753017474,9.58241145105726
TC6_mcf_hap5000212.hg.1,TC6_mcf_hap5000212.hg.1,-2.525671078210217,4.296300376875112e-48,2.2075471280741354e-46,7.0605259959166515,9.586197074126869
TC6_dbb_hap3000221.hg.1,TC6_dbb_hap3000221.hg.1,-2.527678436768153,3.8348266962732395e-48,1.9848922252325105e-46,7.057667423887588,9.58534586065574
TC03000844.hg.1,TC03000844.hg.1,-2.5295546160438516,2.9117216345541295e-63,4.62742285009225e-61,4.964031170960188,7.493585787004039
TC06004077.hg.1,TC06004077.hg.1,-2.5315022856307348,1.38748569388377e-35,2.930706397511589e-34,8.478048082627755,11.00955036825849
TC14002083.hg.1,TC14002083.hg.1,-2.5318766361264,6.146082756027303e-44,2.374997924174989e-42,7.0138548862066905,9.54573152233309
TC01002246.hg.1,TC01002246.hg.1,-2.532113596747161,1.4539588392878903e-43,5.472278171777464e-42,6.210090683960848,8.742204280708009
TC07002485.hg.1,TC07002485.hg.1,-2.534657472455674,4.015628333521536e-74,1.7427209178509078e-71,6.51315488380472,9.047812356260394
TC15002181.hg.1,TC15002181.hg.1,-2.548977717371722,1.1618929679448963e-60,1.5034788409521827e-58,7.589909837867053,10.138887555238774
TC15002517.hg.1,TC15002517.hg.1,-2.5504531405752786,3.45374258463035e-58,3.46713966440703e-56,7.90908013811325,10.459533278688529
TC19002672.hg.1,TC19002672.hg.1,-2.5508166070090548,2.3816222740910335e-55,1.9644205476559639e-53,6.641760570467782,9.192577177476837
TC14002308.hg.1,TC14002308.hg.1,-2.558482166746301,5.6762316515340756e-67,1.2269794533189634e-64,5.7901142112532265,8.348596377999527
TC01005786.hg.1,TC01005786.hg.1,-2.5585873759852653,5.512358693038489e-54,4.130096317979356e-52,4.14073102684201,6.699318402827275
TC19001955.hg.1,TC19001955.hg.1,-2.565493513089426,3.3267904607067773e-59,3.7166507764783157e-57,6.542880402329913,9.108373915419339
TC06004076.hg.1,TC06004076.hg.1,-2.569508537663923,2.7348509070094252e-48,1.4273341209219033e-46,7.019683933825743,9.589192471489666
TC19001103.hg.1,TC19001103.hg.1,-2.5712392717724146,1.8708247240763407e-27,2.169817052605545e-26,9.953075630817274,12.524314902589689
TC15000442.hg.1,TC15000442.hg.1,-2.572757098485977,7.971943277273373e-74,3.282927706694958e-71,5.460132075902242,8.032889174388218
TC17001201.hg.1,TC17001201.hg.1,-2.5739298930209698,1.48286559159985e-72,5.261654776533355e-70,6.284877219119678,8.858807112140648
TC22000150.hg.1,TC22000150.hg.1,-2.5744320626065536,3.14124507437384e-70,9.135194051856872e-68,5.470553191016633,8.044985253623187
TC03000772.hg.1,TC03000772.hg.1,-2.577134866866918,8.11247281722493e-52,5.297332076414306e-50,3.8337246526151434,6.410859519482061
TC11000327.hg.1,TC11000327.hg.1,-2.5774982315825046,1.3640352665891853e-74,6.521706921222767e-72,7.789425044136191,10.366923275718696
TC19002642.hg.1,TC19002642.hg.1,-2.586479810733932,8.353269917249431e-60,9.942505953404608e-58,6.257123150183151,8.843602960917083
TC19000274.hg.1,TC19000274.hg.1,-2.5923524309303225,5.472409960598633e-50,3.131261918428537e-48,6.52572755659641,9.118079987526732
TC19001262.hg.1,TC19001262.hg.1,-2.597982832751116,5.894130051088937e-39,1.5782393413494812e-37,6.484858785804363,9.082841618555479
TC09001357.hg.1,TC09001357.hg.1,-2.5990399292071658,3.0606505827270097e-49,1.6862869587528558e-47,7.07304492824116,9.672084857448326
TC6_ssto_hap7000198.hg.1,TC6_ssto_hap7000198.hg.1,-2.599727714734777,1.4081079573227355e-47,6.9442862531673156e-46,7.0850577853840155,9.684785500118792
TC12001607.hg.1,TC12001607.hg.1,-2.6014463928356077,1.9177822104179242e-72,6.720337686171332e-70,5.3346448099441535,7.936091202779761
TC16000476.hg.1,TC16000476.hg.1,-2.601524494006826,2.354642978140794e-36,5.26532887597096e-35,8.430762999459557,11.032287493466383
TC16002074.hg.1,TC16002074.hg.1,-2.6079107639177224,1.739590643042081e-37,4.169253394186412e-36,7.3537939818651274,9.96170474578285
TC12001989.hg.1,TC12001989.hg.1,-2.6080852337677776,1.025811256227583e-60,1.3396810058761058e-58,6.4272309523809525,9.03531618614873
TC0X002222.hg.1,TC0X002222.hg.1,-2.608143162741276,4.9587892274665995e-55,3.9626766378925016e-53,3.163750011409355,5.771893174150631
TC6_qbl_hap6000225.hg.1,TC6_qbl_hap6000225.hg.1,-2.6082767405663922,7.62351986935488e-36,1.644756191163532e-34,8.56454035969495,11.172817100261343
TC6_ssto_hap7000199.hg.1,TC6_ssto_hap7000199.hg.1,-2.6084050545534208,8.62031424701891e-36,1.8513166699212519e-34,8.59431274064733,11.202717795200751
TC6_mcf_hap5000213.hg.1,TC6_mcf_hap5000213.hg.1,-2.608457885313781,8.578975068461617e-36,1.8431401957824352e-34,8.59421362217018,11.202671507483961
TC6_dbb_hap3000222.hg.1,TC6_dbb_hap3000222.hg.1,-2.6087374880097336,8.120083146271622e-36,1.7485452326196655e-34,8.597196676875038,11.205934164884772
TC6_mann_hap4000195.hg.1,TC6_mann_hap4000195.hg.1,-2.611983108142157,1.1661666010339297e-47,5.766239026917813e-46,7.042898477151262,9.654881585293419
TC6_cox_hap2000245.hg.1,TC6_cox_hap2000245.hg.1,-2.6174563212268858,8.784537522979942e-36,1.8844336044543055e-34,8.63917418483156,11.256630506058446
TC06003535.hg.1,TC06003535.hg.1,-2.6310939194073915,1.2212428301126645e-49,6.876255288352925e-48,3.348863403590945,5.979957322998336
TC07003079.hg.1,TC07003079.hg.1,-2.6326068742216435,1.127299948026617e-30,1.667978192178486e-29,8.452860686362817,11.08546756058446
TC07001722.hg.1,TC07001722.hg.1,-2.6330150525887692,1.0920181394917094e-43,4.143206415187846e-42,5.098487894073141,7.7315029466619105
TC0Y000343.hg.1,TC0Y000343.hg.1,-2.635555887005605,3.760172485633116e-67,8.286773878689419e-65,5.578560198762988,8.214116085768593
TC02000783.hg.1,TC02000783.hg.1,-2.638994056854882,2.24856863753023e-70,6.641871486501597e-68,6.848725020716987,9.48771907757187
TC19000136.hg.1,TC19000136.hg.1,-2.6424651604620175,5.4897407301778525e-76,3.260212552791306e-73,5.2514160025220695,7.893881162984087
TC22000149.hg.1,TC22000149.hg.1,-2.6473028884728977,1.2586962799472436e-78,1.1340904762509644e-75,5.763649178526392,8.41095206699929
TC22001431.hg.1,TC22001431.hg.1,-2.6489665189259526,1.478053174868776e-76,9.69637256043565e-74,6.61140435717288,9.260370876098833
TC05000375.hg.1,TC05000375.hg.1,-2.6544207151538224,8.451439558548479e-51,5.149171890002031e-49,5.137351418963549,7.791772134117371
TC07003299.hg.1,TC07003299.hg.1,-2.6549403601322705,1.0752180573105424e-31,1.716029769656186e-30,8.360528725755113,11.015469085887384
TC10001397.hg.1,TC10001397.hg.1,-2.657111527998608,7.859566918917374e-72,2.59310553468702e-69,5.304755926860026,7.961867454858634
TC06003854.hg.1,TC06003854.hg.1,-2.6589365027779257,1.3470297252569132e-46,6.254874324242348e-45,5.080226826397645,7.739163329175571
TC12001300.hg.1,TC12001300.hg.1,-2.6589908603032724,1.1384715076410847e-49,6.42302855180947e-48,5.600337573410196,8.259328433713469
TC15000088.hg.1,TC15000088.hg.1,-2.66074784235247,1.4037508185399544e-58,1.4775524940370737e-56,4.50465063472047,7.16539847707294
TC05001310.hg.1,TC05001310.hg.1,-2.66435821427919,1.07644408610185e-44,4.400784235485085e-43,7.25043898576833,9.91479720004752
TC15000075.hg.1,TC15000075.hg.1,-2.6647621519298017,8.623887815541493e-59,9.249857467247529e-57,4.5009280333873765,7.165690185317178
TC03002992.hg.1,TC03002992.hg.1,-2.672321740109502,1.755442997785425e-41,5.682075906429036e-40,6.457302970035427,9.12962471014493
TC08000208.hg.1,TC08000208.hg.1,-2.6755169116349338,3.575301434199468e-57,3.323086594969779e-55,6.043745058548011,8.719261970182945
TC05001809.hg.1,TC05001809.hg.1,-2.6823074274709606,1.4162875321265267e-68,3.520004845264951e-66,3.7778323010868897,6.46013972855785
TC13000418.hg.1,TC13000418.hg.1,-2.685207582398003,4.4713781885166094e-70,1.2676694203001511e-67,5.800524987689903,8.485732570087906
TC03001590.hg.1,TC03001590.hg.1,-2.690283224598515,9.199244599973743e-42,3.0440057586001094e-40,6.137049019996397,8.827332244594912
TC11000312.hg.1,TC11000312.hg.1,-2.692010282179213,1.916047161633023e-61,2.656008569164911e-59,4.409544039512401,7.101554321691614
TC22001194.hg.1,TC22001194.hg.1,-2.693121385903833,1.248708651044551e-66,2.5805730650048164e-64,4.945123097940312,7.638244483844145
TC01001856.hg.1,TC01001856.hg.1,-2.695217911174117,1.1797183296004448e-60,1.519574171675751e-58,7.230158729358074,9.92537664053219
TC02000176.hg.1,TC02000176.hg.1,-2.6962794226265494,2.276952303612029e-59,2.574370642588846e-57,6.013994539122081,8.71027396174863
TC15001459.hg.1,TC15001459.hg.1,-2.6992510371025995,1.1678124901149013e-23,1.0341491927060508e-22,5.821324914429831,8.52057595153243
TC05002574.hg.1,TC05002574.hg.1,-2.701325185702273,1.7430960814947967e-46,8.060819239817495e-45,3.8886518224944453,6.589977008196718
TC03002994.hg.1,TC03002994.hg.1,-2.707214849211134,1.798571837304291e-43,6.684573512321046e-42,5.680680757821413,8.387895607032547
TC12000799.hg.1,TC12000799.hg.1,-2.707358955143219,8.332931375159494e-80,9.040910044687467e-77,4.871754760703776,7.579113715846995
TC16001336.hg.1,TC16001336.hg.1,-2.716256290693151,8.49993924845178e-83,1.2960799257274392e-79,4.706593879180929,7.42285016987408
TC03000063.hg.1,TC03000063.hg.1,-2.7188666446507854,1.9168740786031553e-87,6.759137610414551e-84,5.697615577373445,8.41648222202423
TC07001674.hg.1,TC07001674.hg.1,-2.723387898100353,5.89852518686757e-76,3.466489520757235e-73,6.827681243619769,9.551069141720122
TC02000272.hg.1,TC02000272.hg.1,-2.7268099334236684,6.566923477484184e-74,2.7648708115873337e-71,5.751422081306671,8.47823201473034
TC17000693.hg.1,TC17000693.hg.1,-2.732316351590913,5.0068892344463113e-67,1.090651261888e-64,5.593727566204289,8.326043917795202
TC11000467.hg.1,TC11000467.hg.1,-2.734558426383547,2.567764991269394e-37,6.09971222220786e-36,8.707579308232752,11.4421377346163
TC17001076.hg.1,TC17001076.hg.1,-2.7356443122469116,3.724719843157707e-61,5.027302490700275e-59,6.085394694049121,8.821039006296033
TC10002843.hg.1,TC10002843.hg.1,-2.7356918984502094,3.7449658605347367e-50,2.1670100914835773e-48,4.374279823455232,7.109971721905441
TC04001804.hg.1,TC04001804.hg.1,-2.739069756604766,1.3059604311842994e-57,1.2616382809341747e-55,4.736021791268841,7.475091547873607
TC03002093.hg.1,TC03002093.hg.1,-2.7399885298379454,2.5773272420710214e-63,4.130899100658036e-61,5.950637003542904,8.69062553338085
TC01002194.hg.1,TC01002194.hg.1,-2.7455033423798803,5.676111974014543e-68,1.3287754578836205e-65,5.645865834384196,8.391369176764076
TC12001661.hg.1,TC12001661.hg.1,-2.7483021084332604,9.497696096167941e-39,2.5051006000635947e-37,4.81489755419444,7.5631996626277
TC08000139.hg.1,TC08000139.hg.1,-2.748927274554263,2.4519483678983288e-73,9.673707903502651e-71,4.887289702756261,7.636216977310524
TC18000250.hg.1,TC18000250.hg.1,-2.7558683470467544,1.5052972445592678e-61,2.1231464985886194e-59,4.842904257491142,7.5987726045378965
TC13000140.hg.1,TC13000140.hg.1,-2.757644532366542,2.7835867533105928e-70,8.137015411827825e-68,6.645116191677174,9.402760724043716
TC01002717.hg.1,TC01002717.hg.1,-2.765802321464469,4.394276015216182e-59,4.823273623083007e-57,5.3735613979463155,8.139363719410785
TC01002702.hg.1,TC01002702.hg.1,-2.776876271098824,1.1613072576539321e-67,2.6633590594438842e-65,4.085856446886446,6.86273271798527
TC19000634.hg.1,TC19000634.hg.1,-2.777242492219707,1.8979839531019137e-40,5.677648921850677e-39,7.04505148081427,9.822293973033977
TC09000736.hg.1,TC09000736.hg.1,-2.78064692645796,2.6091707244972564e-59,2.944083878693724e-57,8.112250416141235,10.892897342599195
TC07001652.hg.1,TC07001652.hg.1,-2.782468643670418,4.37092732407012e-55,3.5078090721107827e-53,6.814162104725874,9.596630748396292
TC10002971.hg.1,TC10002971.hg.1,-2.782807168867599,8.991193427933667e-38,2.2007164894453866e-36,6.244382868552213,9.027190037419812
TC01003816.hg.1,TC01003816.hg.1,-2.7965606102047156,7.459271097521416e-61,9.878806497182236e-59,4.170348342040473,6.966908952245189
TC06000599.hg.1,TC06000599.hg.1,-2.7981473348189043,1.6924323670131717e-75,9.00789144171218e-73,6.180369295021918,8.978516629840822
TC01000684.hg.1,TC01000684.hg.1,-2.800254318741368,1.905692224630522e-58,1.9727586042055925e-56,4.991566336996338,7.791820655737706
TC0X001347.hg.1,TC0X001347.hg.1,-2.8039040206882726,3.427215971519455e-56,2.965593108607126e-54,4.57988124422026,7.383785264908533
TC17000015.hg.1,TC17000015.hg.1,-2.807050442308344,2.5923531137616177e-39,7.103223796610148e-38,7.528494444244278,10.335544886552622
TC15000083.hg.1,TC15000083.hg.1,-2.8108958199397396,1.8132182463357684e-58,1.8839437757232297e-56,4.398162325106589,7.2090581450463285
TC04001466.hg.1,TC04001466.hg.1,-2.81808026322454,6.096454482362294e-40,1.7557415466356094e-38,7.103722559298622,9.921802822523162
TC15002814.hg.1,TC15002814.hg.1,-2.818320305180686,5.1225381975341065e-31,7.770996505202454e-30,8.19331236053564,11.011632665716325
TC10002476.hg.1,TC10002476.hg.1,-2.819685795410928,2.1763092862600273e-68,5.292371435871475e-66,6.822463270281633,9.64214906569256
TC03001500.hg.1,TC03001500.hg.1,-2.8220962934867444,8.632615111426468e-82,1.1596068556106153e-78,5.783138758782199,8.605235052268943
TC11002677.hg.1,TC11002677.hg.1,-2.8253759667144394,6.239411397834959e-34,1.1765210970690264e-32,9.374612646970517,12.199988613684956
TC02001794.hg.1,TC02001794.hg.1,-2.825610541859546,7.049522352260332e-61,9.358116519289963e-59,5.600886378430313,8.426496920289859
TC03001970.hg.1,TC03001970.hg.1,-2.833200065682119,1.0090499125995403e-74,4.950311127742684e-72,4.04154215396625,6.874742219648369
TC05000462.hg.1,TC05000462.hg.1,-2.8349522769431843,1.0305673606103117e-53,7.610281328653477e-52,6.411176204287514,9.246128481230699
TC10001663.hg.1,TC10001663.hg.1,-2.852609325418583,1.7231953699777097e-51,1.0911249874680408e-49,5.628222935807362,8.480832261225945
TC11000979.hg.1,TC11000979.hg.1,-2.8562230758656924,1.5994461127512714e-45,6.846551653201914e-44,6.041833031285654,8.898056107151346
TC16000473.hg.1,TC16000473.hg.1,-2.859469922184017,2.0128412473260992e-38,5.1478004302649076e-37,8.389483825737104,11.24895374792112
TC08002604.hg.1,TC08002604.hg.1,-2.865479613811587,1.5199930181849402e-57,1.4633953259378493e-55,5.872834655017112,8.738314268828699
TC03002076.hg.1,TC03002076.hg.1,-2.8663090466073458,6.158524339552979e-69,1.572179304022172e-66,5.587502466222301,8.453811512829647
TC11002594.hg.1,TC11002594.hg.1,-2.872439607728337,6.40178606394657e-44,2.4721147580817084e-42,5.097299149102264,7.969738756830601
TC01003498.hg.1,TC01003498.hg.1,-2.8788150433659974,3.671286694541045e-33,6.546354384722398e-32,6.795694152404969,9.674509195770966
TC06000377.hg.1,TC06000377.hg.1,-2.880207485627346,1.5184955145385093e-70,4.508972628380717e-68,5.594762305890831,8.474969791518177
TC08001076.hg.1,TC08001076.hg.1,-2.8995213771640547,4.92597105428969e-90,3.0879270548990637e-86,5.075050623311116,7.97457200047517
TC01003125.hg.1,TC01003125.hg.1,-2.900727101579818,1.638133785197617e-44,6.610889262752443e-43,5.895021627334414,8.795748728914232
TC10000455.hg.1,TC10000455.hg.1,-2.915603226060586,5.362676913249254e-60,6.506484001971965e-58,5.52840713685222,8.444010362912806
TC12000672.hg.1,TC12000672.hg.1,-2.9159429667784087,2.218355962684478e-40,6.583651062742393e-39,5.562321537260554,8.478264504038963
TC11002587.hg.1,TC11002587.hg.1,-2.9160048858281193,4.503694868647403e-21,3.3071646114714197e-20,8.192055312556295,11.108060198384415
TC11000569.hg.1,TC11000569.hg.1,-2.9205836230121687,2.6056233446651295e-51,1.6333784206590807e-49,4.291537885065754,7.212121508077923
TC19001919.hg.1,TC19001919.hg.1,-2.9205953103566644,2.625759609386392e-89,1.4814010564236146e-85,6.432751775055546,9.35334708541221
TC19002168.hg.1,TC19002168.hg.1,-2.934248597967727,1.09537026816099e-56,9.903621761074797e-55,7.210581445985708,10.144830043953435
TC04001084.hg.1,TC04001084.hg.1,-2.934811311938832,1.7188384653402043e-47,8.432472046744665e-46,5.519264820753019,8.454076132691851
TC06000981.hg.1,TC06000981.hg.1,-2.951033974339394,4.365921405763674e-74,1.880279037178435e-71,4.327454032906984,7.278488007246378
TC16000148.hg.1,TC16000148.hg.1,-2.9678250480524495,1.0796872288609417e-59,1.271686723964021e-57,6.519153994475469,9.486979042527919
TC08002262.hg.1,TC08002262.hg.1,-2.9693310809842313,8.809289001348524e-81,1.0574520571874065e-77,6.450255248904101,9.419586329888332
TC16000460.hg.1,TC16000460.hg.1,-2.9693589695680886,4.786902501922626e-56,4.104368774368856e-54,6.826632450009005,9.795991419577094
TC17001075.hg.1,TC17001075.hg.1,-2.971252894092725,2.469313077017032e-53,1.7815051813190142e-51,6.632341994835766,9.603594888928491
TC12001890.hg.1,TC12001890.hg.1,-2.971325071641356,3.497695731255292e-57,3.261702442412579e-55,4.995361387137454,7.96668645877881
TC04000168.hg.1,TC04000168.hg.1,-2.9786774477963283,1.8422954835339425e-68,4.5388046545859374e-66,4.5177204311535455,7.496397878949874
TC12000778.hg.1,TC12000778.hg.1,-2.980453856838695,1.813429157192968e-45,7.727344878437528e-44,4.679528668107848,7.6599825249465425
TC06003050.hg.1,TC06003050.hg.1,-2.9906257259496263,2.9516321172075434e-74,1.3216284189572635e-71,4.436596218098842,7.427221944048468
TC16001571.hg.1,TC16001571.hg.1,-2.9916825389341035,1.7600553790565217e-56,1.5613019555913655e-54,6.814089696751337,9.80577223568544
TC04002883.hg.1,TC04002883.hg.1,-2.994246105676221,3.574578108753641e-55,2.9128054134448913e-53,4.592342321503632,7.586588427179853
TC22001361.hg.1,TC22001361.hg.1,-2.99718356578264,7.922823812911837e-74,3.282927706694958e-71,6.918755445265118,9.915939011047758
TC07001811.hg.1,TC07001811.hg.1,-2.999314002464632,3.998005575692628e-69,1.0639598045727674e-66,5.775613959046416,8.774927961511048
TC16000474.hg.1,TC16000474.hg.1,-2.9993409840242897,7.921565723759942e-37,1.8249036137324966e-35,8.211354934246081,11.210695918270371
TC01001732.hg.1,TC01001732.hg.1,-3.00375859474987,1.3418955102395563e-44,5.446551143647143e-43,6.467799993394584,9.471558588144454
TC19000081.hg.1,TC19000081.hg.1,-3.0080046133546876,8.52354298987189e-46,3.759822114171949e-44,6.471488139674534,9.479492753029222
TC15000087.hg.1,TC15000087.hg.1,-3.0171724413671415,4.147054149407216e-56,3.5717913831791573e-54,4.422058454332552,7.439230895699693
TC04001809.hg.1,TC04001809.hg.1,-3.0224647557431785,2.4891152017808876e-54,1.908028552365137e-52,7.5480246027742774,10.570489358517456
TC07000601.hg.1,TC07000601.hg.1,-3.0236881822507455,2.3049270142170794e-46,1.0589525430626971e-44,3.9720018777397486,6.995690059990494
TC02000877.hg.1,TC02000877.hg.1,-3.0269055072855346,1.0606152925679384e-70,3.1998820094170024e-68,4.7523474827358445,7.779252990021379
TC11000570.hg.1,TC11000570.hg.1,-3.0342192005814335,1.2033999988225285e-86,3.3946710566784705e-83,4.5120109782021265,7.54623017878356
TC07001155.hg.1,TC07001155.hg.1,-3.0360203493560336,1.3313455288272356e-36,3.021393887585478e-35,5.382834525911247,8.41885487526728
TC06001325.hg.1,TC06001325.hg.1,-3.041628125719611,1.608817589054137e-88,7.563855894938025e-85,4.86581593106347,7.907444056783081
TC10000989.hg.1,TC10000989.hg.1,-3.042667374431818,4.2504049253856357e-66,8.41401210808445e-64,5.010083738065213,8.052751112497031
TC11003466.hg.1,TC11003466.hg.1,-3.0510269077382564,1.1057639190228255e-46,5.1685989050066084e-45,5.506376728517383,8.55740363625564
TC15000093.hg.1,TC15000093.hg.1,-3.0533441683898204,1.4750509059790752e-53,1.0793699353246104e-51,4.179658693929022,7.233002862318842
TC17000241.hg.1,TC17000241.hg.1,-3.0560767418718155,3.5795053027985934e-70,1.0251194425040154e-67,5.61293368221942,8.669010424091235
TC16000220.hg.1,TC16000220.hg.1,-3.0608449314459594,6.471870495934805e-58,6.328076076943671e-56,3.7560780556055957,6.816922987051555
TC17002831.hg.1,TC17002831.hg.1,-3.0645557145859588,4.5963337480359754e-77,3.1623897243499227e-74,7.732673165195461,10.79722887978142
TC09002419.hg.1,TC09002419.hg.1,-3.0690891173675476,1.4947393449304686e-54,1.1680083706687975e-52,4.846180983606555,7.915270100974102
TC01001788.hg.1,TC01001788.hg.1,-3.0695892511990257,4.95094373943218e-46,2.2256760469425077e-44,6.022352988050204,9.09194223924923
TC04001262.hg.1,TC04001262.hg.1,-3.0800384313506637,1.309235123894894e-70,3.908170752375774e-68,5.334656119017593,8.414694550368257
TC05002520.hg.1,TC05002520.hg.1,-3.1002042163313,9.397051352750036e-54,6.948398993701856e-52,5.180278163093736,8.280482379425036
TC04001260.hg.1,TC04001260.hg.1,-3.1130692653367076,2.60798888488214e-44,1.0339951996295191e-42,5.0843774797333845,8.197446745070092
TC02002069.hg.1,TC02002069.hg.1,-3.1165784784893127,2.0594056401615978e-42,7.119335012661583e-41,5.118368667507356,8.234947145996669
TC05001260.hg.1,TC05001260.hg.1,-3.13062515128492,3.813987650169846e-77,2.6897194405910297e-74,4.57912280309854,7.7097479543834595
TC12000516.hg.1,TC12000516.hg.1,-3.1333428815150173,1.0647398611595522e-78,1.0011748914483269e-75,4.420640802257851,7.553983683772868
TC06001772.hg.1,TC06001772.hg.1,-3.136731440679184,7.094204398133907e-84,1.1771788933350551e-80,3.978285708881283,7.115017149560467
TC12001188.hg.1,TC12001188.hg.1,-3.1462927522133377,1.2320073856995262e-38,3.204582419843055e-37,4.539341823695429,7.685634575908766
TC16001440.hg.1,TC16001440.hg.1,-3.1540818288322456,9.439277595478865e-57,8.548076458775708e-55,3.5736131681979253,6.727694997030171
TC10002425.hg.1,TC10002425.hg.1,-3.1592080892658094,2.4582470205977705e-64,4.241265455904741e-62,5.32709912087912,8.486307210144929
TC06000985.hg.1,TC06000985.hg.1,-3.1642735816891623,1.778769476634794e-57,1.692320680148091e-55,5.929277533777697,9.093551115466859
TC17001825.hg.1,TC17001825.hg.1,-3.1735024700341237,5.900905978442397e-48,2.985805502168279e-46,4.897188603855162,8.070691073889286
TC03002130.hg.1,TC03002130.hg.1,-3.183566546502915,1.5596390104285154e-51,9.89783056134488e-50,6.123070945775538,9.306637492278453
TC17001970.hg.1,TC17001970.hg.1,-3.1863866515303334,4.582885509570857e-76,2.8412882931754794e-73,7.781162212214022,10.967548863744355
TC10002274.hg.1,TC10002274.hg.1,-3.1866321337192147,5.824677663547746e-41,1.8185758960821066e-39,3.4214770311655567,6.608109164884771
TC14001464.hg.1,TC14001464.hg.1,-3.2038783478626405,2.9005690045365432e-59,3.2533658468775886e-57,4.658457570407732,7.8623359182703725
TC11002856.hg.1,TC11002856.hg.1,-3.2041609383346508,1.151401711064273e-43,4.36557672949087e-42,6.5515206677475515,9.755681606082202
TC17000337.hg.1,TC17000337.hg.1,-3.204876171913143,2.4035460795595958e-64,4.185285886314607e-62,6.021803714045517,9.22667988595866
TC19000464.hg.1,TC19000464.hg.1,-3.2074826602531425,1.0356270555029169e-52,7.160295002127889e-51,6.90943143157389,10.116914091827033
TC06003968.hg.1,TC06003968.hg.1,-3.2085079911636267,5.317903996117714e-86,1.3637523075134963e-82,5.08706727196301,8.295575263126636
TC10001586.hg.1,TC10001586.hg.1,-3.2088485315741515,1.3252000172508842e-59,1.5352183690607882e-57,5.654690013210832,8.863538544784983
TC08001822.hg.1,TC08001822.hg.1,-3.2145372215803896,2.0558499040695894e-61,2.835866500924159e-59,5.0074445217078,8.22198174328819
TC15000085.hg.1,TC15000085.hg.1,-3.2151948084559807,3.990919023556919e-59,4.419373828951993e-57,4.588363523689425,7.803558332145406
TC15000079.hg.1,TC15000079.hg.1,-3.215196721468124,3.99496730257279e-59,4.419373828951993e-57,4.588358510178346,7.80355523164647
TC15000082.hg.1,TC15000082.hg.1,-3.2152818487137758,3.984050023108325e-59,4.419373828951993e-57,4.588338115054343,7.803619963768119
TC01006362.hg.1,TC01006362.hg.1,-3.2170629167482545,5.907515167086776e-62,8.679432049393275e-60,5.2280895826577805,8.445152499406035
TC6_ssto_hap7000059.hg.1,TC6_ssto_hap7000059.hg.1,-3.219068245791984,1.2407993989515554e-66,2.5736551650753255e-64,5.383933245060948,8.603001490852932
TC06002280.hg.1,TC06002280.hg.1,-3.222198049398332,3.941153153910149e-87,1.2352887702072376e-83,5.1244384171020245,8.346636466500357
TC09000737.hg.1,TC09000737.hg.1,-3.2262065907696442,5.3783004657787186e-58,5.323385187338663e-56,7.839324687443703,11.065531278213347
TC01000658.hg.1,TC01000658.hg.1,-3.2280498915327973,2.0139472316709014e-76,1.2911690331410104e-73,5.0645510172341295,8.292600908766927
TC03001692.hg.1,TC03001692.hg.1,-3.2302900542531843,1.1701372361446654e-51,7.562062152211883e-50,6.983137904882001,10.213427959135185
TC6_qbl_hap6000063.hg.1,TC6_qbl_hap6000063.hg.1,-3.236951986729112,8.024492674913586e-67,1.695602351060954e-64,5.371871592505856,8.608823579234969
TC6_dbb_hap3000063.hg.1,TC6_dbb_hap3000063.hg.1,-3.2370576201898613,7.772246708747567e-67,1.654431039031153e-64,5.371854625592985,8.608912245782847
TC6_mann_hap4000063.hg.1,TC6_mann_hap4000063.hg.1,-3.2370675738736248,7.787951887638836e-67,1.654431039031153e-64,5.371863968654295,8.60893154252792
TC6_cox_hap2000072.hg.1,TC6_cox_hap2000072.hg.1,-3.2370839468342236,7.80032359144753e-67,1.654431039031153e-64,5.371835033327329,8.608918980161553
TC6_mcf_hap5000058.hg.1,TC6_mcf_hap5000058.hg.1,-3.2371471144447055,7.755285423580768e-67,1.654431039031153e-64,5.371864869993394,8.6090119844381
TC14001303.hg.1,TC14001303.hg.1,-3.2413703293700857,6.596544054696551e-66,1.2877640916189275e-63,6.483782539482376,9.725152868852462
TC05000546.hg.1,TC05000546.hg.1,-3.241481633698327,2.1471457319702013e-54,1.652628484396928e-52,3.541403907404071,6.782885541102398
TC02001471.hg.1,TC02001471.hg.1,-3.2479378016168923,2.664894601564104e-74,1.2124840615406744e-71,6.394932579114874,9.642870380731766
TC14000524.hg.1,TC14000524.hg.1,-3.2573678745244985,2.6311559575387013e-61,3.5856173143096243e-59,4.604846745931664,7.862214620456163
TC06004079.hg.1,TC06004079.hg.1,-3.2663089330294284,3.5521227890954077e-42,1.210167050212468e-40,7.7478453744070155,11.014154307436444
TC01006291.hg.1,TC01006291.hg.1,-3.274621129278186,3.2415559474744598e-37,7.639185607544448e-36,7.876418838647691,11.151039967925877
TC06002132.hg.1,TC06002132.hg.1,-3.2748055714142152,3.863597678903736e-71,1.2174120384372692e-68,5.224223331531856,8.49902890294607
TC04001813.hg.1,TC04001813.hg.1,-3.2763306722447254,4.425523427889417e-58,4.4269358289834245e-56,4.450718153485857,7.7270488257305825
TC11002874.hg.1,TC11002874.hg.1,-3.276397041524051,1.943400955027112e-40,5.801206088926963e-39,6.838502125142618,10.11489916666667
TC0X001256.hg.1,TC0X001256.hg.1,-3.281514123561754,1.3240380705003071e-53,9.739189030180746e-52,4.397884129586261,7.679398253148015
TC19001261.hg.1,TC19001261.hg.1,-3.295947645182099,6.436320518760091e-53,4.4830164324371213e-51,6.3352101951600295,9.631157840342128
TC06001337.hg.1,TC06001337.hg.1,-3.303467330654616,1.8768277542633102e-79,1.9608679303708785e-76,4.146804650813667,7.450271981468283
TC15000094.hg.1,TC15000094.hg.1,-3.3156776888613857,5.4131831945467214e-58,5.33917778793596e-56,4.449673608358856,7.765351297220242
TC06004080.hg.1,TC06004080.hg.1,-3.3162151189954017,9.009617943327174e-42,2.9847599831276134e-40,7.785491566084188,11.10170668507959
TC12001616.hg.1,TC12001616.hg.1,-3.3200386588459088,3.1873832228020027e-82,4.732257543790616e-79,5.39645311295262,8.716491771798529
TC12000528.hg.1,TC12000528.hg.1,-3.3235905454820758,3.793432090485137e-60,4.6424696677004436e-58,5.065687684501291,8.389278229983367
TC15000105.hg.1,TC15000105.hg.1,-3.324995973822441,2.2996834730663147e-58,2.3589734942446423e-56,4.635428768990574,7.960424742813015
TC15000084.hg.1,TC15000084.hg.1,-3.3250394134298835,2.292166954330316e-58,2.355545996892673e-56,4.635429483576532,7.9604688970064155
TC15000112.hg.1,TC15000112.hg.1,-3.3250524308389444,2.288893910471749e-58,2.355545996892673e-56,4.635424942052482,7.960477372891426
TC15000099.hg.1,TC15000099.hg.1,-3.3250618921254578,2.2891518585109335e-58,2.355545996892673e-56,4.635422263255868,7.960484155381326
TC17001382.hg.1,TC17001382.hg.1,-3.339191428571427,5.0698282822317534e-64,8.589476637445979e-62,5.868534910226387,9.207726338797814
TC15000111.hg.1,TC15000111.hg.1,-3.3411053963576283,4.117386069337939e-56,3.551906533026114e-54,4.773627196300966,8.114732592658594
TC16001135.hg.1,TC16001135.hg.1,-3.3412667539469307,1.78614840498227e-35,3.744738785295047e-34,8.889352407374044,12.230619161320975
TC10000824.hg.1,TC10000824.hg.1,-3.34264707401591,5.338505520514621e-37,1.2430367497168546e-35,6.7616761304269515,10.104323204442862
TC22001430.hg.1,TC22001430.hg.1,-3.343975102077181,5.176242780486412e-69,1.3415975300884235e-66,6.798202903981265,10.142178006058446
TC14001802.hg.1,TC14001802.hg.1,-3.3480033740166935,2.195185050386027e-63,3.548651867412002e-61,4.4151034702456,7.7631068442622935
TC08001461.hg.1,TC08001461.hg.1,-3.349096118625967,1.3311647213216921e-64,2.3691372633289344e-62,5.891703589143095,9.240799707769062
TC07003364.hg.1,TC07003364.hg.1,-3.3508839148645366,1.2603907387541737e-47,6.221235756695798e-46,6.2710758980363925,9.62195981290093
TC06001803.hg.1,TC06001803.hg.1,-3.361002311562875,8.464395381432465e-48,4.248614400619723e-46,4.925555806161051,8.286558117723926
TC6_cox_hap2000227.hg.1,TC6_cox_hap2000227.hg.1,-3.3612217533725444,1.1384235734836853e-41,3.731991933108806e-40,7.879360001200987,11.240581754573531
TC6_ssto_hap7000071.hg.1,TC6_ssto_hap7000071.hg.1,-3.3613727073200037,8.944866704467481e-42,2.96853817489792e-40,7.881696554975078,11.243069262295082
TC03003257.hg.1,TC03003257.hg.1,-3.361440280410373,9.343278733739122e-52,6.058955167817169e-50,6.118819612081906,9.48025989249228
TC10000044.hg.1,TC10000044.hg.1,-3.361918174000504,4.5018630967059104e-54,3.381972199599921e-52,5.800472855341381,9.162391029341885
TC6_qbl_hap6000208.hg.1,TC6_qbl_hap6000208.hg.1,-3.365144487114213,7.387310360285837e-42,2.4719885878209155e-40,7.8928851636341815,11.258029650748394
TC6_ssto_hap7000201.hg.1,TC6_ssto_hap7000201.hg.1,-3.368566251648092,8.962557008873534e-42,2.9726604428373138e-40,7.8969200396325,11.265486291280592
TC6_mcf_hap5000197.hg.1,TC6_mcf_hap5000197.hg.1,-3.3700520900138065,8.24271796208985e-42,2.7419673466107614e-40,7.90632154386597,11.276373633879777
TC6_dbb_hap3000078.hg.1,TC6_dbb_hap3000078.hg.1,-3.3704377893394293,8.570890891163327e-42,2.847776927548013e-40,7.903840156728516,11.274277946067945
TC09000899.hg.1,TC09000899.hg.1,-3.373343214990636,9.27385311971865e-65,1.6662810360136522e-62,5.120914002281872,8.494257217272509
TC6_dbb_hap3000224.hg.1,TC6_dbb_hap3000224.hg.1,-3.3750364938945605,1.1520701978006512e-41,3.774535215999834e-40,7.916023763886386,11.291060257780947
TC17001827.hg.1,TC17001827.hg.1,-3.3767500811578506,2.37677436715296e-40,7.035302006612577e-39,5.47182903620969,8.84857911736754
TC03000830.hg.1,TC03000830.hg.1,-3.3973038403186235,5.550133077149179e-34,1.048651734583397e-32,6.051652701615326,9.44895654193395
TC05001693.hg.1,TC05001693.hg.1,-3.413283539406663,3.084574057982165e-71,9.776713438384146e-69,5.844890276226506,9.25817381563317
TC11000837.hg.1,TC11000837.hg.1,-3.417085855962763,2.0528342647844847e-61,2.835866500924159e-59,5.749023218639285,9.166109074602048
TC01001974.hg.1,TC01001974.hg.1,-3.421423789315929,3.5579198358499855e-68,8.434063920125399e-66,4.221327503152586,7.642751292468515
TC15000080.hg.1,TC15000080.hg.1,-3.4235982128432223,9.001066130770931e-56,7.624957191679195e-54,4.698158516783764,8.121756729626986
TC05001520.hg.1,TC05001520.hg.1,-3.4281808805568375,2.603789564505441e-75,1.3354599968206178e-72,5.0581855461478415,8.486366426704679
TC20000697.hg.1,TC20000697.hg.1,-3.428638801058173,1.496955773988943e-54,1.168122418491123e-52,4.903539592265658,8.332178393323831
TC04002671.hg.1,TC04002671.hg.1,-3.439232067658523,4.187823057840124e-81,5.494618634354049e-78,4.313296715306549,7.752528782965072
TC15000391.hg.1,TC15000391.hg.1,-3.448319898712592,1.935727665307704e-45,8.229832963174833e-44,6.608761340299047,10.057081239011639
TC04001411.hg.1,TC04001411.hg.1,-3.44878148982818,1.2626029268188366e-29,1.7189558862274402e-28,7.771571624331951,11.220353114160131
TC17001068.hg.1,TC17001068.hg.1,-3.4806553101804356,3.855786144795355e-50,2.2265685027335143e-48,6.563668895093975,10.04432420527441
TC0X000224.hg.1,TC0X000224.hg.1,-3.4841819889809633,4.6832576599767e-63,7.298895874601256e-61,5.258411767849638,8.742593756830601
TC15000441.hg.1,TC15000441.hg.1,-3.4927475918165944,5.3972235531492055e-43,1.9333368788671232e-41,5.763491498228546,9.25623909004514
TC01006281.hg.1,TC01006281.hg.1,-3.4961878087771066,8.255687548628484e-44,3.164194158413871e-42,6.953955690866511,10.450143499643618
TC06002720.hg.1,TC06002720.hg.1,-3.4992106046893268,2.272838011141234e-45,9.648530843684434e-44,7.7825703795112,11.281780984200527
TC01003423.hg.1,TC01003423.hg.1,-3.513565081210066,3.3900753180756795e-77,2.421028725255616e-74,5.345301927580618,8.858867008790684
TC0X001076.hg.1,TC0X001076.hg.1,-3.5230204634039035,2.1540998399020452e-71,6.866101964270825e-69,5.0502257274965485,8.573246190900452
TC06001802.hg.1,TC06001802.hg.1,-3.5294157063487734,1.9205321423580668e-52,1.305452800091053e-50,4.675281573290098,8.204697279638872
TC01005262.hg.1,TC01005262.hg.1,-3.531707762500031,5.992831934715937e-58,5.890306482453027e-56,6.78658628715547,10.318294049655501
TC14001467.hg.1,TC14001467.hg.1,-3.5429738743182497,7.49588388054109e-66,1.443354186936407e-63,5.790108152885363,9.333082027203613
TC16000218.hg.1,TC16000218.hg.1,-3.5511864714870542,1.7414568211841913e-73,6.968050421104235e-71,5.6340589947757165,9.18524546626277
TC19000570.hg.1,TC19000570.hg.1,-3.553788636699485,5.785838026912919e-49,3.1387058634843566e-47,6.420662746051761,9.974451382751246
TC19001975.hg.1,TC19001975.hg.1,-3.5545846821306517,9.20661345685553e-76,5.0923403726360326e-73,5.552667604635803,9.107252286766455
TC18000732.hg.1,TC18000732.hg.1,-3.555660945599305,3.1375681415813917e-68,7.469000819060715e-66,4.396336939290217,7.951997884889522
TC20001482.hg.1,TC20001482.hg.1,-3.5643376798278963,7.41734825091661e-56,6.311794172250578e-54,4.951382472227228,8.515720152055124
TC02004092.hg.1,TC02004092.hg.1,-3.5652646406444637,6.081916874877629e-62,8.866397577437884e-60,4.03802923557317,7.603293876217633
TC14001801.hg.1,TC14001801.hg.1,-3.5734738189097692,1.3381152052533524e-60,1.7157678102269008e-58,4.149098933525491,7.72257275243526
TC01001750.hg.1,TC01001750.hg.1,-3.5834293954477427,1.5541167179890678e-57,1.4936994377428827e-55,5.889673706239119,9.473103101686862
TC01000757.hg.1,TC01000757.hg.1,-3.5890803181239033,5.733909318285005e-65,1.0537319085309557e-62,5.070020186152647,8.65910050427655
TC03001884.hg.1,TC03001884.hg.1,-3.610414951170827,1.809771733954095e-30,2.634254429469096e-29,7.306704929442144,10.91711988061297
TC15002554.hg.1,TC15002554.hg.1,-3.613775299117015,3.154542269126925e-52,2.1212510815208922e-50,5.184283355551552,8.798058654668568
TC07003265.hg.1,TC07003265.hg.1,-3.6263633013114207,1.2457602910153016e-85,2.8113321639400515e-82,5.0953767711523446,8.721740072463765
TC08001509.hg.1,TC08001509.hg.1,-3.6413091231766552,2.9395990676350003e-61,3.996296390309191e-59,5.307332471026242,8.948641594202897
TC07001578.hg.1,TC07001578.hg.1,-3.6420657469276962,1.193954793596808e-49,6.729324829684787e-48,5.357766364618988,8.999832111546684
TC10000896.hg.1,TC10000896.hg.1,-3.6443664822828588,2.761188579530419e-59,3.1093959536915607e-57,6.170739968774397,9.815106451057256
TC08000127.hg.1,TC08000127.hg.1,-3.655768742079373,1.4780926098575222e-45,6.360871766814774e-44,6.5155215210472575,10.17129026312663
TC07003300.hg.1,TC07003300.hg.1,-3.6633894001276763,9.416102665210657e-60,1.1137058284399472e-57,4.903251308472945,8.566640708600621
TC11000401.hg.1,TC11000401.hg.1,-3.664904461404001,2.7791691267369346e-54,2.1217207549694773e-52,6.646181080886327,10.311085542290328
TC17000014.hg.1,TC17000014.hg.1,-3.6716834765703528,5.161137438744614e-64,8.717995569433942e-62,6.883839827658681,10.555523304229034
TC11001889.hg.1,TC11001889.hg.1,-3.683944856789096,9.614070057503478e-84,1.5497331557263749e-80,4.8836684759502775,8.567613332739374
TC04001261.hg.1,TC04001261.hg.1,-3.684229990144094,2.3204154646940212e-40,6.879306341939427e-39,6.367293420404729,10.051523410548823
TC11001042.hg.1,TC11001042.hg.1,-3.686128624258849,2.8998774978184186e-45,1.227346501664813e-43,5.291365202065695,8.977493826324544
TC07003068.hg.1,TC07003068.hg.1,-3.68977480327347,3.2994787846047664e-44,1.2963091509041206e-42,6.81309022998859,10.50286503326206
TC19002723.hg.1,TC19002723.hg.1,-3.690787893485706,3.436327052276186e-52,2.2997710514272582e-50,6.880599318441123,10.57138721192683
TC16000928.hg.1,TC16000928.hg.1,-3.6939149507661506,4.85008020381037e-70,1.3681591246928673e-67,6.36596021257431,10.059875163340461
TC12003239.hg.1,TC12003239.hg.1,-3.707377544841118,3.2711183387758505e-34,6.281482451907963e-33,5.202783524890411,8.91016106973153
TC19000167.hg.1,TC19000167.hg.1,-3.7083405131990848,2.7979506066314224e-73,1.096213731423136e-70,5.534615190055845,9.24295570325493
TC19002702.hg.1,TC19002702.hg.1,-3.7132092521650337,1.6909376793414058e-84,3.0773974836478526e-81,5.6155543745871634,9.328763626752197
TC4_ctg9_hap1000004.hg.1,TC4_ctg9_hap1000004.hg.1,-3.717524042071018,9.466347659636959e-40,2.6824329596253034e-38,6.488331899957966,10.205855942028984
TC14001465.hg.1,TC14001465.hg.1,-3.722627117022916,1.4604255095346812e-51,9.320620633136612e-50,5.3070020644928855,9.029629181515801
TC12000743.hg.1,TC12000743.hg.1,-3.7264921656432204,1.4150883971972784e-72,5.085124661979366e-70,5.107347536780161,8.833839702423381
TC11002660.hg.1,TC11002660.hg.1,-3.7365503126672586,4.465511795856634e-58,4.459030876082116e-56,7.444413966852817,11.180964279520076
TC04001408.hg.1,TC04001408.hg.1,-3.737798080317166,3.7105054860361987e-57,3.437426904945652e-55,5.110357321203386,8.848155401520552
TC15000092.hg.1,TC15000092.hg.1,-3.75032212289077,4.547789569832525e-59,4.982081397103135e-57,4.733551470005404,8.483873592896174
TC10001537.hg.1,TC10001537.hg.1,-3.7617714474216655,1.39313070202427e-41,4.545844299988737e-40,7.8050808809223575,11.566852328344023
TC03001996.hg.1,TC03001996.hg.1,-3.772021475324985,6.157894329486782e-58,6.031529206267105e-56,6.766208750975798,10.538230226300783
TC10001292.hg.1,TC10001292.hg.1,-3.7770364690263403,1.556348548066374e-41,5.0521330486080945e-40,5.862140314057527,9.639176783083867
TC01006294.hg.1,TC01006294.hg.1,-3.7909943997490974,5.2833952395376315e-45,2.1885359223512048e-43,6.579716097399867,10.370710497148965
TC19002140.hg.1,TC19002140.hg.1,-3.8036887660860215,1.5618281385751172e-48,8.265968097760878e-47,6.451517563802315,10.255206329888336
TC05000647.hg.1,TC05000647.hg.1,-3.807295725486207,1.5408351531921055e-43,5.77613539354101e-42,5.780287900078062,9.58758362556427
TC01003422.hg.1,TC01003422.hg.1,-3.820482205895794,2.6128279653315623e-40,7.725918666041722e-39,6.6993293526691895,10.519811558564983
TC03000306.hg.1,TC03000306.hg.1,-3.8234490256619145,1.9905684614827862e-59,2.2779694008100575e-57,6.6967343932024255,10.52018341886434
TC06001339.hg.1,TC06001339.hg.1,-3.824574954780312,7.524044978518935e-60,9.031735523363432e-58,4.7398542695009915,8.564429224281303
TC06002570.hg.1,TC06002570.hg.1,-3.8263946581435846,7.491963107741168e-48,3.773942630469118e-46,4.481052598330631,8.307447256474216
TC17001296.hg.1,TC17001296.hg.1,-3.8268490441335823,7.925819351968617e-40,2.2629497783368697e-38,7.35290143697832,11.179750481111903
TC11003477.hg.1,TC11003477.hg.1,-3.8298107881071175,2.7592252772476103e-53,1.983056964226187e-51,5.149612958626072,8.97942374673319
TC04002058.hg.1,TC04002058.hg.1,-3.837567906898874,7.28461248566856e-52,4.773324822490695e-50,4.872468740166939,8.710036647065813
TC04000403.hg.1,TC04000403.hg.1,-3.842324091363613,2.0733780759946087e-25,2.0689042145642702e-24,8.688194523509278,12.530518614872891
TC01003050.hg.1,TC01003050.hg.1,-3.8462771613353377,4.9477227762698305e-33,8.728599862151072e-32,7.397537550591484,11.243814711926822
TC07000858.hg.1,TC07000858.hg.1,-3.8515218936527926,4.883377189075822e-84,8.3487992197963555e-81,4.126789609079445,7.978311502732238
TC08001816.hg.1,TC08001816.hg.1,-3.8724486704771808,9.07156074791979e-52,5.903106277694795e-50,5.338645922656579,9.21109459313376
TC03001021.hg.1,TC03001021.hg.1,-3.8778214511094697,4.4188999934038375e-81,5.666034086996766e-78,4.434847973338138,8.312669424447607
TC03000345.hg.1,TC03000345.hg.1,-3.8862867435296957,2.837759818600666e-43,1.0416443295108157e-41,6.4941582291479,10.380444972677596
TC05001544.hg.1,TC05001544.hg.1,-3.892353209024879,2.7500805657387454e-57,2.5815980924766812e-55,4.344261873536299,8.236615082561178
TC01003389.hg.1,TC01003389.hg.1,-3.9227950129758593,5.3800100742023465e-24,4.861915879646772e-23,7.259824762505252,11.182619775481111
TC02001423.hg.1,TC02001423.hg.1,-3.9356983738013005,8.0400025869382e-60,9.630591633755401e-58,5.300088735963491,9.235787109764791
TC07000294.hg.1,TC07000294.hg.1,-3.9713101514350466,8.752558311735748e-41,2.692485468001676e-39,6.460922843932025,10.432232995367071
TC02002061.hg.1,TC02002061.hg.1,-3.972451505695539,2.541322833505472e-51,1.5983985687927728e-49,6.180629891310876,10.153081397006416
TC10000715.hg.1,TC10000715.hg.1,-3.9766987486325727,9.855331858021889e-43,3.4838227616909705e-41,5.6351090602293885,9.611807808861961
TC04002915.hg.1,TC04002915.hg.1,-4.000278243252946,7.242385362386709e-54,5.397634047227653e-52,4.874041784663425,8.87432002791637
TC04002064.hg.1,TC04002064.hg.1,-4.00538744621677,1.6042340244860844e-57,1.5392461767594541e-55,5.325592270461779,9.330979716678549
TC05000386.hg.1,TC05000386.hg.1,-4.005654252145461,4.346187094624973e-53,3.061213277210384e-51,5.827828365459676,9.833482617605137
TC16002058.hg.1,TC16002058.hg.1,-4.014202885222406,8.607096516780776e-37,1.9779844044144106e-35,7.024127947516965,11.038330832739371
TC02000538.hg.1,TC02000538.hg.1,-4.043025985629958,1.010868198870117e-47,5.0336418397047014e-46,6.455374622590524,10.498400608220482
TC03003413.hg.1,TC03003413.hg.1,-4.052925786853916,1.6862111322130771e-43,6.283531020950951e-42,7.314014276106408,11.366940062960325
TC12001604.hg.1,TC12001604.hg.1,-4.062313247678313,4.0371363722003583e-78,3.399509848459699e-75,4.427470831081489,8.489784078759802
TC20000282.hg.1,TC20000282.hg.1,-4.091278483430323,2.9025203665035322e-39,7.918491007611038e-38,5.990603732060289,10.081882215490612
TC11000480.hg.1,TC11000480.hg.1,-4.091730859376425,4.378314220492337e-62,6.466380410778447e-60,4.513234817150061,8.604965676526486
TC09002907.hg.1,TC09002907.hg.1,-4.09720848785569,1.0046800160685379e-29,1.3821516007450566e-28,7.171313215636824,11.268521703492514
TC03000723.hg.1,TC03000723.hg.1,-4.112689533789449,6.722535209001923e-41,2.088502155404573e-39,6.25268130667147,10.365370840460919
TC04000516.hg.1,TC04000516.hg.1,-4.140252749615552,6.950774031827965e-46,3.0853561709494106e-44,5.082653702035671,9.222906451651223
TC04000406.hg.1,TC04000406.hg.1,-4.146370794268689,1.8704735949683257e-61,2.5992211645547536e-59,5.419268785203867,9.565639579472556
TC09001421.hg.1,TC09001421.hg.1,-4.157077418783402,5.169756871150277e-34,9.803944307783405e-33,8.223029001981626,12.380106420765028
TC06000590.hg.1,TC06000590.hg.1,-4.172375336458501,1.38752825997143e-75,7.455387559149346e-73,5.138916094997898,9.311291431456398
TC12002282.hg.1,TC12002282.hg.1,-4.174840826277546,2.433509562127368e-31,3.7905505929348936e-30,6.069320539842671,10.244161366120217
TC04000916.hg.1,TC04000916.hg.1,-4.182989887342401,2.5886249607442912e-51,1.624527731204354e-49,5.1907050093076315,9.373694896650033
TC08001014.hg.1,TC08001014.hg.1,-4.183960540717305,1.366089837633156e-36,3.0977514654174997e-35,5.314606756740526,9.49856729745783
TC04002065.hg.1,TC04002065.hg.1,-4.192545187993286,1.0109675541995884e-58,1.0781997631915385e-56,4.549838496967512,8.742383684960798
TC19000571.hg.1,TC19000571.hg.1,-4.199307549357859,4.826065596518708e-44,1.875185735705182e-42,7.1443051312075925,11.343612680565451
TC01004981.hg.1,TC01004981.hg.1,-4.2068511670569855,8.22260315613167e-28,9.760210916529277e-27,8.364015909445746,12.570867076502731
TC01001486.hg.1,TC01001486.hg.1,-4.219504980692865,2.670400380433275e-48,1.3962803397894766e-46,5.87413915330571,10.093644133998575
TC04002794.hg.1,TC04002794.hg.1,-4.227106974157945,3.6953596535940424e-24,3.3762720799428125e-23,8.791603841950401,13.018710816108346
TC03000344.hg.1,TC03000344.hg.1,-4.229861097556517,1.578267629065437e-49,8.833601497679943e-48,6.37996284993695,10.609823947493467
TC10000956.hg.1,TC10000956.hg.1,-4.2430960555351085,1.6634618758767627e-36,3.7524666978494677e-35,7.077152781480814,11.320248837015923
TC06001154.hg.1,TC06001154.hg.1,-4.2497147978820875,3.3028918761742352e-77,2.3890071008974105e-74,6.069497338017176,10.319212135899264
TC08001270.hg.1,TC08001270.hg.1,-4.257666627549809,1.2813714909338846e-51,8.243149005189043e-50,5.39484775175644,9.652514379306249
TC03001329.hg.1,TC03001329.hg.1,-4.259022518771915,2.4901567240318506e-49,1.3787012959414029e-47,5.262122644568547,9.521145163340462
TC22000072.hg.1,TC22000072.hg.1,-4.265408461917028,1.0239939931138157e-47,5.0900170135238114e-46,5.561201612922597,9.826610074839625
TC04002793.hg.1,TC04002793.hg.1,-4.268233023766442,3.126614308975708e-25,3.0815834357057983e-24,8.40439656758542,12.672629591351862
TC01001037.hg.1,TC01001037.hg.1,-4.2745246976063855,1.2260762753701105e-84,2.3852679759941687e-81,4.576457984146999,8.850982681753385
TC09001506.hg.1,TC09001506.hg.1,-4.285579144977143,9.096398827961592e-47,4.276671908966142e-45,7.266474181228606,11.55205332620575
TC04001409.hg.1,TC04001409.hg.1,-4.287156082974998,4.3977080288229046e-46,1.988060028606816e-44,6.042354464661021,10.32951054763602
TC10000675.hg.1,TC10000675.hg.1,-4.291094560165421,4.338089208508433e-42,1.4717156762815921e-40,7.356711776256528,11.647806336421949
TC09001419.hg.1,TC09001419.hg.1,-4.308635356803443,3.666771201393698e-43,1.3381105927569836e-41,6.587691818891493,10.896327175694935
TC20000450.hg.1,TC20000450.hg.1,-4.3175199666008774,4.2467842258463143e-44,1.6523798100261885e-42,6.458701050861706,10.776221017462584
TC04000789.hg.1,TC04000789.hg.1,-4.329901197629884,1.308899502527367e-55,1.09563044708589e-53,4.9836450639524426,9.313546261582326
TC16001128.hg.1,TC16001128.hg.1,-4.351275094473121,2.0288022370526782e-40,6.0497338588815e-39,7.210729942352729,11.56200503682585
TC01000595.hg.1,TC01000595.hg.1,-4.36741448595892,5.183953021363329e-69,1.3415975300884235e-66,5.202494504894013,9.569908990852934
TC20001590.hg.1,TC20001590.hg.1,-4.373639043852918,6.8828334455769e-71,2.0877188028632126e-68,4.343511517444305,8.717150561297222
TC10002643.hg.1,TC10002643.hg.1,-4.374795620922201,3.2289072050964365e-39,8.79616063240612e-38,5.846765935266918,10.221561556189119
TC01003661.hg.1,TC01003661.hg.1,-4.379973102248195,3.4265017585551106e-74,1.5221761906626947e-71,3.4946354128385275,7.874608515086723
TC04002057.hg.1,TC04002057.hg.1,-4.3828431060665345,1.8640070264532793e-54,1.4425726806370524e-52,5.373136755539546,9.75597986160608
TC04001274.hg.1,TC04001274.hg.1,-4.410384716750347,8.231499519127724e-30,1.1410435869045404e-28,7.5303533267279175,11.940738043478264
TC06002281.hg.1,TC06002281.hg.1,-4.421160679372305,2.5692090554958384e-60,3.199771225010248e-58,5.503531650753619,9.924692330125923
TC04001662.hg.1,TC04001662.hg.1,-4.457835025364275,6.653931150819357e-27,7.398531487326104e-26,8.016395753918218,12.474230779282493
TC16002057.hg.1,TC16002057.hg.1,-4.462486854620792,5.101121485719031e-27,5.730686419380651e-26,8.048962872155167,12.51144972677596
TC09001542.hg.1,TC09001542.hg.1,-4.4677389435576345,8.45715473543576e-43,3.0008538104642433e-41,6.143143422206208,10.610882365763842
TC04000777.hg.1,TC04000777.hg.1,-4.484658729619156,8.957544936533064e-29,1.1436224716662647e-27,7.5319442520867135,12.01660298170587
TC02002508.hg.1,TC02002508.hg.1,-4.485570555723084,2.2714790291780354e-55,1.8790660391226744e-53,4.71060941992434,9.196179975647423
TC01002625.hg.1,TC01002625.hg.1,-4.486886663246473,4.14151608526108e-62,6.132704842474006e-60,5.953602281871133,10.440488945117606
TC04000371.hg.1,TC04000371.hg.1,-4.496192678731342,1.4355793910975014e-45,6.182634968468613e-44,5.587432026661862,10.083624705393204
TC09002706.hg.1,TC09002706.hg.1,-4.515809131981708,7.722244661858148e-40,2.2070597737219502e-38,6.690366852218817,11.206175984200526
TC12001842.hg.1,TC12001842.hg.1,-4.519815541813853,2.1606306749825996e-66,4.384836741768644e-64,5.381255289737585,9.901070831551438
TC04001410.hg.1,TC04001410.hg.1,-4.520164775409318,3.8205758857643325e-38,9.60986403580259e-37,7.292012574911428,11.812177350320747
TC01001634.hg.1,TC01001634.hg.1,-4.52773481290745,5.1633092191642295e-49,2.8172493184410783e-47,4.134819452951422,8.662554265858873
TC01002704.hg.1,TC01002704.hg.1,-4.532965060949982,3.06036752176399e-45,1.2933319463886202e-43,5.59808788986969,10.131052950819672
TC09002906.hg.1,TC09002906.hg.1,-4.545457092572428,1.2359386516451656e-32,2.11749732306459e-31,7.253154204647809,11.798611297220237
TC16000219.hg.1,TC16000219.hg.1,-4.552723387149202,3.6784969653445566e-57,3.41337897682252e-55,5.596584885005704,10.149308272154906
TC01006293.hg.1,TC01006293.hg.1,-4.556020573431085,1.1775094214769629e-47,5.8172264921967854e-46,4.439947353629976,8.995967927061061
TC05001304.hg.1,TC05001304.hg.1,-4.560281312539326,6.829534918072248e-41,2.1194097965225525e-39,5.9634352026661865,10.523716515205512
TC01006292.hg.1,TC01006292.hg.1,-4.565066734763806,4.667062891367839e-54,3.501414284643494e-52,4.636742368942532,9.201809103706339
TC12002066.hg.1,TC12002066.hg.1,-4.56690783242476,8.905679138329486e-45,3.648806141076783e-43,6.757794772113132,11.324702604537892
TC02004392.hg.1,TC02004392.hg.1,-4.568998982237171,6.684447748349165e-34,1.2583355791336778e-32,6.5532587161472415,11.122257698384413
TC04001663.hg.1,TC04001663.hg.1,-4.5787341613275085,4.36825339983299e-31,6.653566963060952e-30,6.079850928361255,10.658585089688764
TC02001247.hg.1,TC02001247.hg.1,-4.590190207352638,2.7486813573499945e-52,1.8549653686479902e-50,4.264359229568248,8.854549436920886
TC19001549.hg.1,TC19001549.hg.1,-4.591329491989954,1.330364540592273e-84,2.501883555037829e-81,5.510507338017175,10.101836830007128
TC02003799.hg.1,TC02003799.hg.1,-4.592337495261329,3.615005869886155e-52,2.4164857958203445e-50,4.2140691244820765,8.806406619743406
TC10001462.hg.1,TC10001462.hg.1,-4.602058176082653,1.4054226517419358e-56,1.2585894470789928e-54,6.138735997117636,10.740794173200289
TC06001158.hg.1,TC06001158.hg.1,-4.602276371283151,1.0923300501463354e-45,4.773592313644922e-44,5.807849962168977,10.410126333452128
TC11001356.hg.1,TC11001356.hg.1,-4.605977143431526,6.780644047933533e-44,2.6112653644799596e-42,6.7736541704197455,11.379631313851272
TC0X000177.hg.1,TC0X000177.hg.1,-4.618349907622079,7.669769750833335e-46,3.3964919136775123e-44,4.741005220080465,9.359355127702544
TC14001263.hg.1,TC14001263.hg.1,-4.619157976007718,2.9291942983791577e-56,2.542450521937774e-54,5.737823147180689,10.356981123188406
TC01001733.hg.1,TC01001733.hg.1,-4.625739842501284,6.0384693913936375e-37,1.4025457641978026e-35,6.345747222122142,10.971487064623426
TC07003363.hg.1,TC07003363.hg.1,-4.626705938354233,1.799178437609957e-48,9.468847863160313e-47,5.021033507476131,9.647739445830364
TC16001572.hg.1,TC16001572.hg.1,-4.627170821780384,2.648728978605133e-42,9.106398020410993e-41,6.435089806040953,11.062260627821336
TC18000129.hg.1,TC18000129.hg.1,-4.6541104564656,7.397512229517756e-41,2.289373806719324e-39,7.265915819371885,11.920026275837484
TC04001265.hg.1,TC04001265.hg.1,-4.657851114324614,5.219621427622574e-47,2.4892696678242633e-45,5.315938629676334,9.973789744000948
TC15000684.hg.1,TC15000684.hg.1,-4.658166003514184,5.419549039652229e-68,1.2740004904962478e-65,5.508675818771392,10.166841822285576
TC04002918.hg.1,TC04002918.hg.1,-4.682317515031895,3.282386475421471e-54,2.4890548409990395e-52,4.976569491382933,9.658887006414828
TC02001246.hg.1,TC02001246.hg.1,-4.695446878496894,6.294755195400208e-37,1.459069427338081e-35,7.02034996517144,11.715796843668334
TC16000927.hg.1,TC16000927.hg.1,-4.716043163204696,1.4360627156361303e-53,1.0522050167631065e-51,5.87181286494926,10.587856028153956
TC01000686.hg.1,TC01000686.hg.1,-4.716195867045765,1.3588761514821612e-44,5.5115078874421686e-43,5.77268826457695,10.488884131622715
TC10000066.hg.1,TC10000066.hg.1,-4.723276524441347,1.813657484906189e-37,4.343078437327562e-36,6.695707183090135,11.418983707531481
TC10001301.hg.1,TC10001301.hg.1,-4.731914605946442,9.079798510504006e-48,4.5373257074013726e-46,5.467911717408275,10.199826323354717
TC20000610.hg.1,TC20000610.hg.1,-4.748261371746567,1.218821831489584e-57,1.1794766739104519e-55,4.955869591665168,9.704130963411735
TC02001162.hg.1,TC02001162.hg.1,-4.759396770780304,4.3953087864276934e-42,1.4902315571675337e-40,6.037925667447304,10.797322438227608
TC02003471.hg.1,TC02003471.hg.1,-4.78051354804853,4.0137544480084305e-41,1.2687838983996383e-39,6.443577186092595,11.224090734141125
TC02000652.hg.1,TC02000652.hg.1,-4.799827271349463,7.646734108963586e-41,2.3600297864305667e-39,6.393102456614423,11.192929727963886
TC01001603.hg.1,TC01001603.hg.1,-4.835724534624916,5.372082081898348e-46,2.4092378926593083e-44,5.451924891010625,10.287649425635541
TC03001020.hg.1,TC03001020.hg.1,-4.851013190762079,7.837590080760103e-43,2.7915477094464865e-41,6.209550275025522,11.0605634657876
TC01001354.hg.1,TC01001354.hg.1,-4.859517696726534,1.945818566877254e-39,5.386613930622223e-38,5.83399725635021,10.693514953076743
TC02004094.hg.1,TC02004094.hg.1,-4.872463804772093,1.0747793574057273e-25,1.0923599673232988e-24,7.4974197423887565,12.36988354716085
TC11001813.hg.1,TC11001813.hg.1,-4.915684162978859,1.4851207379665672e-73,5.984824413899841e-71,4.337714929442144,9.253399092421002
TC4_ctg9_hap1000006.hg.1,TC4_ctg9_hap1000006.hg.1,-4.9226518357574935,3.17916075930112e-54,2.4172761687095767e-52,5.003375044736684,9.926026880494177
TC19001670.hg.1,TC19001670.hg.1,-4.949553487398796,1.7771091641956751e-43,6.613518787967784e-42,4.804138667507355,9.753692154906151
TC12003240.hg.1,TC12003240.hg.1,-4.966803526724516,5.454323786103513e-41,1.7047013238786037e-39,5.247517563201828,10.214321089926344
TC06000983.hg.1,TC06000983.hg.1,-4.998887839591511,1.2262107104384064e-51,7.9063263841730295e-50,5.457505642827119,10.45639348241863
TC07001649.hg.1,TC07001649.hg.1,-5.011964475861512,2.9002445327184574e-52,1.9525775184595456e-50,5.818774013090734,10.830738488952246
TC01000708.hg.1,TC01000708.hg.1,-5.03805689870476,3.405434060570407e-41,1.0824100215733026e-39,4.981464772713625,10.019521671418385
TC17000542.hg.1,TC17000542.hg.1,-5.055040406011186,2.0105241806903757e-41,6.489116317287735e-40,6.292180515822976,11.347220921834163
TC05000387.hg.1,TC05000387.hg.1,-5.058799508601406,2.4281473413341862e-57,2.2831869450565353e-55,5.3972223671410555,10.456021875742461
TC12002283.hg.1,TC12002283.hg.1,-5.074548240700856,1.0772804802357206e-38,2.8177102519211354e-37,5.394437866450489,10.468986107151345
TC03001997.hg.1,TC03001997.hg.1,-5.088065521501543,1.5005504000793377e-39,4.188918974353096e-38,5.653650928961749,10.741716450463292
TC12001297.hg.1,TC12001297.hg.1,-5.096521156979152,2.247585425588957e-60,2.8116247126580436e-58,4.514328148081427,9.61084930506058
TC02001628.hg.1,TC02001628.hg.1,-5.106192976719172,2.336551910603542e-31,3.6415355163654866e-30,7.244837398666907,12.35103037538608
TC04001406.hg.1,TC04001406.hg.1,-5.11822288682154,5.193535471173783e-43,1.86273925119315e-41,5.8707177457515165,10.988940632573057
TC12001429.hg.1,TC12001429.hg.1,-5.144827863924505,3.365600854547877e-49,1.8506868324744845e-47,5.0548719287815995,10.199699792706104
TC05003424.hg.1,TC05003424.hg.1,-5.170614314440014,9.254703091524482e-38,2.260310991418304e-36,5.766334000480397,10.93694831492041
TC03001024.hg.1,TC03001024.hg.1,-5.174298764251903,4.8843687080665393e-39,1.3166092392341042e-37,6.123127732540684,11.297426496792587
TC12002789.hg.1,TC12002789.hg.1,-5.18538832726314,4.17087760989748e-59,4.586989727001872e-57,4.596637170479792,9.782025497742932
TC12001892.hg.1,TC12001892.hg.1,-5.189418634212655,1.2161858088225736e-41,3.977667881863882e-40,6.136912100522431,11.326330734735086
TC04000405.hg.1,TC04000405.hg.1,-5.211729353243575,2.227972517827353e-43,8.237074279867865e-42,5.048653873176004,10.26038322641958
TC01006295.hg.1,TC01006295.hg.1,-5.2150784820987965,1.1711602198254702e-39,3.297131600903861e-38,5.3634225430853295,10.578501025184126
TC03001023.hg.1,TC03001023.hg.1,-5.240643984972026,2.7073368423304653e-35,5.584736013550281e-34,6.276318737764965,11.516962722736992
TC11002891.hg.1,TC11002891.hg.1,-5.25918022694697,1.1551640959554374e-34,2.288344380815094e-33,7.4970242574911445,12.756204484438115
TC4_ctg9_hap1000002.hg.1,TC4_ctg9_hap1000002.hg.1,-5.310687369751895,2.8794281200898733e-53,2.0615682192795747e-51,5.381644332552694,10.692331702304589
TC04000370.hg.1,TC04000370.hg.1,-5.317141598804495,2.0160098355945693e-57,1.9019940285045887e-55,4.875189685942473,10.192331284746968
TC02004093.hg.1,TC02004093.hg.1,-5.325657308253633,4.260060103790665e-29,5.585500137942407e-28,6.736663979463162,12.062321287716795
TC01004898.hg.1,TC01004898.hg.1,-5.334913749415824,6.68326290916238e-47,3.1712054399421635e-45,4.782333031886147,10.11724678130197
TC04002944.hg.1,TC04002944.hg.1,-5.342464236408635,1.2978224914753072e-50,7.789420140856797e-49,5.637495550951782,10.979959787360418
TC17001810.hg.1,TC17001810.hg.1,-5.432163842093998,8.289925377946927e-30,1.148296120729216e-28,7.229505598390676,12.661669440484674
TC10001546.hg.1,TC10001546.hg.1,-5.474493460937972,1.8926333504531528e-45,8.052683888828505e-44,5.92959984507296,11.404093306010932
TC02004095.hg.1,TC02004095.hg.1,-5.498486882870042,4.5728189700130056e-32,7.508419692962566e-31,6.079789180327868,11.57827606319791
TC01003535.hg.1,TC01003535.hg.1,-5.56974093655928,6.491846036519783e-44,2.505177631247422e-42,5.752479246382031,11.322220182941312
TC13000641.hg.1,TC13000641.hg.1,-5.66075981715007,5.194182891624611e-41,1.625321189016513e-39,5.409393598150481,11.07015341530055
TC16001249.hg.1,TC16001249.hg.1,-5.680341933820515,2.7998097041122753e-46,1.284224909647206e-44,6.130676514742086,11.811018448562601
TC0X000676.hg.1,TC0X000676.hg.1,-5.893113374943535,1.2781868048818384e-45,5.551404400140382e-44,5.002248466942893,10.895361841886428
